{"type":"FeatureCollection", "features": [
{"type":"Feature","geometry":{"type":"Polygon","coordinates":[[[88.3112860207703,22.5332971030067],[88.3112741132568,22.5332621383566],[88.3112514125645,22.5331954810791],[88.3112514180146,22.5331954822895],[88.3113286992766,22.5331703073437],[88.3113645580866,22.5332729842867],[88.311286031539,22.5332971056064],[88.3112860207703,22.5332971030067]]]},"properties": {
    "floor": "ground","fill-opacity":0,"stroke-opacity":1,"stroke":"#ff0000","ID":"20-193","REMARKS":"POLYGON ID-20","AREA":100.522}},
{"type":"Feature","geometry":{"type":"Polygon","coordinates":[[[88.3115744904358,22.5353415754129],[88.3114808433424,22.5353660340719],[88.3114514971836,22.5352798773734],[88.3115451442258,22.5352554187337],[88.3115744904358,22.5353415754129]]]},"properties": {
    "floor": "ground","fill-opacity":0,"stroke-opacity":1,"stroke":"#ff0000","ID":"20-31","REMARKS":"POLYGON ID-20","AREA":100.052}},
{"type":"Feature","geometry":{"type":"Polygon","coordinates":[[[88.3116038366848,22.535427732084],[88.3115101895403,22.5354521907624],[88.3114808433424,22.5353660340719],[88.3115744904358,22.5353415754129],[88.3116038366848,22.535427732084]]]},"properties": {
    "floor": "ground","fill-opacity":0,"stroke-opacity":1,"stroke":"#ff0000","ID":"20-30","REMARKS":"POLYGON ID-20","AREA":100.052}},
{"type":"Feature","geometry":{"type":"Polygon","coordinates":[[[88.3115157980549,22.5351692620465],[88.3114221510638,22.5351937206668],[88.3113928049832,22.5351075639524],[88.3114864519231,22.5350831053514],[88.3115157980549,22.5351692620465]]]},"properties": {
    "floor": "ground","fill-opacity":0,"stroke-opacity":1,"stroke":"#ff0000","ID":"20-33","REMARKS":"POLYGON ID-20","AREA":100.052}},
{"type":"Feature","geometry":{"type":"Polygon","coordinates":[[[88.3115451442258,22.5352554187337],[88.3114514971836,22.5352798773734],[88.3114221510638,22.5351937206668],[88.3115157980549,22.5351692620465],[88.3115451442258,22.5352554187337]]]},"properties": {
    "floor": "ground","fill-opacity":0,"stroke-opacity":1,"stroke":"#ff0000","ID":"20-32","REMARKS":"POLYGON ID-20","AREA":100.052}},
{"type":"Feature","geometry":{"type":"Polygon","coordinates":[[[88.3113690677866,22.5347384784911],[88.3112754210515,22.5347629370147],[88.3112460751662,22.5346767802603],[88.3113397218502,22.5346523217561],[88.3113690677866,22.5347384784911]]]},"properties": {
    "floor": "ground","fill-opacity":0,"stroke-opacity":1,"stroke":"#ff0000","ID":"20-38","REMARKS":"POLYGON ID-20","AREA":100.052}},
{"type":"Feature","geometry":{"type":"Polygon","coordinates":[[[88.3114864519231,22.5350831053514],[88.3113928049832,22.5351075639524],[88.3113634589417,22.53502140723],[88.3114571058304,22.5349969486484],[88.3114864519231,22.5350831053514]]]},"properties": {
    "floor": "ground","fill-opacity":0,"stroke-opacity":1,"stroke":"#ff0000","ID":"20-34","REMARKS":"POLYGON ID-20","AREA":100.052}},
{"type":"Feature","geometry":{"type":"Polygon","coordinates":[[[88.3114571058304,22.5349969486484],[88.3113634589417,22.53502140723],[88.3113341129388,22.5349352504985],[88.311427759776,22.5349107919353],[88.3114571058304,22.5349969486484]]]},"properties": {
    "floor": "ground","fill-opacity":0,"stroke-opacity":1,"stroke":"#ff0000","ID":"20-35","REMARKS":"POLYGON ID-20","AREA":100.052}},
{"type":"Feature","geometry":{"type":"Polygon","coordinates":[[[88.311427759776,22.5349107919353],[88.3113341129388,22.5349352504985],[88.3113047669758,22.5348490937611],[88.3113984137621,22.5348246352182],[88.311427759776,22.5349107919353]]]},"properties": {
    "floor": "ground","fill-opacity":0,"stroke-opacity":1,"stroke":"#ff0000","ID":"20-36","REMARKS":"POLYGON ID-20","AREA":100.052}},
{"type":"Feature","geometry":{"type":"Polygon","coordinates":[[[88.3113984137621,22.5348246352182],[88.3113047669758,22.5348490937611],[88.3112754210515,22.5347629370147],[88.3113690677866,22.5347384784911],[88.3113984137621,22.5348246352182]]]},"properties": {
    "floor": "ground","fill-opacity":0,"stroke-opacity":1,"stroke":"#ff0000","ID":"20-37","REMARKS":"POLYGON ID-20","AREA":100.052}},
{"type":"Feature","geometry":{"type":"Polygon","coordinates":[[[88.3113103759529,22.534566165013],[88.3112167293201,22.5345906234979],[88.311187383513,22.5345044667276],[88.3112810300946,22.534480008262],[88.3113103759529,22.534566165013]]]},"properties": {
    "floor": "ground","fill-opacity":0,"stroke-opacity":1,"stroke":"#ff0000","ID":"20-40","REMARKS":"POLYGON ID-20","AREA":100.052}},
{"type":"Feature","geometry":{"type":"Polygon","coordinates":[[[88.3113397218502,22.5346523217561],[88.3112460751662,22.5346767802603],[88.3112167293201,22.5345906234979],[88.3113103759529,22.534566165013],[88.3113397218502,22.5346523217561]]]},"properties": {
    "floor": "ground","fill-opacity":0,"stroke-opacity":1,"stroke":"#ff0000","ID":"20-39","REMARKS":"POLYGON ID-20","AREA":100.052}},
{"type":"Feature","geometry":{"type":"Polygon","coordinates":[[[88.3112516842755,22.534393851503],[88.311158037745,22.5344183099492],[88.3111286920161,22.5343321531629],[88.3112223384954,22.534307694736],[88.3112516842755,22.534393851503]]]},"properties": {
    "floor": "ground","fill-opacity":0,"stroke-opacity":1,"stroke":"#ff0000","ID":"20-42","REMARKS":"POLYGON ID-20","AREA":100.052}},
{"type":"Feature","geometry":{"type":"Polygon","coordinates":[[[88.3112810300946,22.534480008262],[88.311187383513,22.5345044667276],[88.311158037745,22.5344183099492],[88.3112516842755,22.534393851503],[88.3112810300946,22.534480008262]]]},"properties": {
    "floor": "ground","fill-opacity":0,"stroke-opacity":1,"stroke":"#ff0000","ID":"20-41","REMARKS":"POLYGON ID-20","AREA":100.052}},
{"type":"Feature","geometry":{"type":"Polygon","coordinates":[[[88.3111929927544,22.5342215379611],[88.3110993463262,22.5342459963686],[88.3110700006755,22.5341598395663],[88.3111636470525,22.5341353811781],[88.3111929927544,22.5342215379611]]]},"properties": {
    "floor": "ground","fill-opacity":0,"stroke-opacity":1,"stroke":"#ff0000","ID":"20-44","REMARKS":"POLYGON ID-20","AREA":100.052}},
{"type":"Feature","geometry":{"type":"Polygon","coordinates":[[[88.3112223384954,22.534307694736],[88.3111286920161,22.5343321531629],[88.3110993463262,22.5342459963686],[88.3111929927544,22.5342215379611],[88.3112223384954,22.534307694736]]]},"properties": {
    "floor": "ground","fill-opacity":0,"stroke-opacity":1,"stroke":"#ff0000","ID":"20-43","REMARKS":"POLYGON ID-20","AREA":100.052}},
{"type":"Feature","geometry":{"type":"Polygon","coordinates":[[[88.3111343013896,22.5340492243872],[88.3110406550638,22.534073682756],[88.3110113094912,22.5339875259377],[88.3111049557658,22.5339630675883],[88.3111343013896,22.5340492243872]]]},"properties": {
    "floor": "ground","fill-opacity":0,"stroke-opacity":1,"stroke":"#ff0000","ID":"20-46","REMARKS":"POLYGON ID-20","AREA":100.052}},
{"type":"Feature","geometry":{"type":"Polygon","coordinates":[[[88.3111636470525,22.5341353811781],[88.3110700006755,22.5341598395663],[88.3110406550638,22.534073682756],[88.3111343013896,22.5340492243872],[88.3111636470525,22.5341353811781]]]},"properties": {
    "floor": "ground","fill-opacity":0,"stroke-opacity":1,"stroke":"#ff0000","ID":"20-45","REMARKS":"POLYGON ID-20","AREA":100.052}},
{"type":"Feature","geometry":{"type":"Polygon","coordinates":[[[88.3110756101811,22.5338769107814],[88.3109819639577,22.5339013691115],[88.3109526184632,22.5338152122772],[88.3110462646355,22.5337907539665],[88.3110756101811,22.5338769107814]]]},"properties": {
    "floor": "ground","fill-opacity":0,"stroke-opacity":1,"stroke":"#ff0000","ID":"20-48","REMARKS":"POLYGON ID-20","AREA":100.052}},
{"type":"Feature","geometry":{"type":"Polygon","coordinates":[[[88.3111049557658,22.5339630675883],[88.3110113094912,22.5339875259377],[88.3109819639577,22.5339013691115],[88.3110756101811,22.5338769107814],[88.3111049557658,22.5339630675883]]]},"properties": {
    "floor": "ground","fill-opacity":0,"stroke-opacity":1,"stroke":"#ff0000","ID":"20-47","REMARKS":"POLYGON ID-20","AREA":100.052}},
{"type":"Feature","geometry":{"type":"Polygon","coordinates":[[[88.311016919129,22.5337045971436],[88.3109232730078,22.533729055435],[88.3108939275915,22.5336428985848],[88.3109875736615,22.5336184403128],[88.311016919129,22.5337045971436]]]},"properties": {
    "floor": "ground","fill-opacity":0,"stroke-opacity":1,"stroke":"#ff0000","ID":"20-50","REMARKS":"POLYGON ID-20","AREA":100.052}},
{"type":"Feature","geometry":{"type":"Polygon","coordinates":[[[88.3110462646355,22.5337907539665],[88.3109526184632,22.5338152122772],[88.3109232730078,22.533729055435],[88.311016919129,22.5337045971436],[88.3110462646355,22.5337907539665]]]},"properties": {
    "floor": "ground","fill-opacity":0,"stroke-opacity":1,"stroke":"#ff0000","ID":"20-49","REMARKS":"POLYGON ID-20","AREA":100.052}},
{"type":"Feature","geometry":{"type":"Polygon","coordinates":[[[88.3109288828438,22.5334461266271],[88.3108352368762,22.5334705848605],[88.3108058915771,22.5333844279863],[88.3108995374936,22.5333599697723],[88.3109288828438,22.5334461266271]]]},"properties": {
    "floor": "ground","fill-opacity":0,"stroke-opacity":1,"stroke":"#ff0000","ID":"20-53","REMARKS":"POLYGON ID-20","AREA":100.052}},
{"type":"Feature","geometry":{"type":"Polygon","coordinates":[[[88.3109875736615,22.5336184403128],[88.3108939275915,22.5336428985848],[88.3108645822143,22.5335567417266],[88.3109582282331,22.5335322834739],[88.3109875736615,22.5336184403128]]]},"properties": {
    "floor": "ground","fill-opacity":0,"stroke-opacity":1,"stroke":"#ff0000","ID":"20-51","REMARKS":"POLYGON ID-20","AREA":100.052}},
{"type":"Feature","geometry":{"type":"Polygon","coordinates":[[[88.3109582282331,22.5335322834739],[88.3108645822143,22.5335567417266],[88.3108352368762,22.5334705848605],[88.3109288828438,22.5334461266271],[88.3109582282331,22.5335322834739]]]},"properties": {
    "floor": "ground","fill-opacity":0,"stroke-opacity":1,"stroke":"#ff0000","ID":"20-52","REMARKS":"POLYGON ID-20","AREA":100.052}},
{"type":"Feature","geometry":{"type":"Polygon","coordinates":[[[88.3108701921824,22.5332738129095],[88.3107765463171,22.5332982711042],[88.3107472010962,22.533212114214],[88.3108408469103,22.5331876560387],[88.3108701921824,22.5332738129095]]]},"properties": {
    "floor": "ground","fill-opacity":0,"stroke-opacity":1,"stroke":"#ff0000","ID":"20-55","REMARKS":"POLYGON ID-20","AREA":100.052}},
{"type":"Feature","geometry":{"type":"Polygon","coordinates":[[[88.310835923795,22.5320030637121],[88.3107410804614,22.5319824308884],[88.31075741397,22.5318932212128],[88.3108522572438,22.5319138540299],[88.310835923795,22.5320030637121]]]},"properties": {
    "floor": "ground","fill-opacity":0,"stroke-opacity":1,"stroke":"#ff0000","ID":"20-255","REMARKS":"POLYGON ID-20","AREA":100.19}},
{"type":"Feature","geometry":{"type":"Polygon","coordinates":[[[88.3108995374936,22.5333599697723],[88.3108058915771,22.5333844279863],[88.3107765463171,22.5332982711042],[88.3108701921824,22.5332738129095],[88.3108995374936,22.5333599697723]]]},"properties": {
    "floor": "ground","fill-opacity":0,"stroke-opacity":1,"stroke":"#ff0000","ID":"20-54","REMARKS":"POLYGON ID-20","AREA":100.052}},
{"type":"Feature","geometry":{"type":"Polygon","coordinates":[[[88.3114808433424,22.5353660340719],[88.3113871276499,22.5353905105851],[88.311357712979,22.5353043717745],[88.3114514971836,22.5352798773734],[88.3114808433424,22.5353660340719]]]},"properties": {
    "floor": "ground","fill-opacity":0,"stroke-opacity":1,"stroke":"#ff0000","ID":"20-2","REMARKS":"POLYGON ID-20","AREA":100.162}},
{"type":"Feature","geometry":{"type":"Polygon","coordinates":[[[88.3115101895403,22.5354521907624],[88.3114165423599,22.5354766493877],[88.3113871276499,22.5353905105851],[88.3114808433424,22.5353660340719],[88.3115101895403,22.5354521907624]]]},"properties": {
    "floor": "ground","fill-opacity":0,"stroke-opacity":1,"stroke":"#ff0000","ID":"20-1","REMARKS":"POLYGON ID-20","AREA":100.089}},
{"type":"Feature","geometry":{"type":"Polygon","coordinates":[[[88.3114221510638,22.5351937206668],[88.3113282983473,22.5352182329558],[88.3112988837548,22.5351320941291],[88.3113928049832,22.5351075639524],[88.3114221510638,22.5351937206668]]]},"properties": {
    "floor": "ground","fill-opacity":0,"stroke-opacity":1,"stroke":"#ff0000","ID":"20-4","REMARKS":"POLYGON ID-20","AREA":100.309}},
{"type":"Feature","geometry":{"type":"Polygon","coordinates":[[[88.3114514971836,22.5352798773734],[88.311357712979,22.5353043717745],[88.3113282983473,22.5352182329558],[88.3114221510638,22.5351937206668],[88.3114514971836,22.5352798773734]]]},"properties": {
    "floor": "ground","fill-opacity":0,"stroke-opacity":1,"stroke":"#ff0000","ID":"20-3","REMARKS":"POLYGON ID-20","AREA":100.236}},
{"type":"Feature","geometry":{"type":"Polygon","coordinates":[[[88.3112754210515,22.5347629370147],[88.3111812257762,22.5347875387423],[88.3111518113794,22.5347013998756],[88.3112460751662,22.5346767802603],[88.3112754210515,22.5347629370147]]]},"properties": {
    "floor": "ground","fill-opacity":0,"stroke-opacity":1,"stroke":"#ff0000","ID":"20-9","REMARKS":"POLYGON ID-20","AREA":100.675}},
{"type":"Feature","geometry":{"type":"Polygon","coordinates":[[[88.3113928049832,22.5351075639524],[88.3112988837548,22.5351320941291],[88.3112694692014,22.5350459552944],[88.3113634589417,22.53502140723],[88.3113928049832,22.5351075639524]]]},"properties": {
    "floor": "ground","fill-opacity":0,"stroke-opacity":1,"stroke":"#ff0000","ID":"20-5","REMARKS":"POLYGON ID-20","AREA":100.382}},
{"type":"Feature","geometry":{"type":"Polygon","coordinates":[[[88.3113634589417,22.53502140723],[88.3112694692014,22.5350459552944],[88.3112400546872,22.5349598164517],[88.3113341129388,22.5349352504985],[88.3113634589417,22.53502140723]]]},"properties": {
    "floor": "ground","fill-opacity":0,"stroke-opacity":1,"stroke":"#ff0000","ID":"20-6","REMARKS":"POLYGON ID-20","AREA":100.455}},
{"type":"Feature","geometry":{"type":"Polygon","coordinates":[[[88.3113341129388,22.5349352504985],[88.3112400546872,22.5349598164517],[88.3112106402121,22.534873677601],[88.3113047669758,22.5348490937611],[88.3113341129388,22.5349352504985]]]},"properties": {
    "floor": "ground","fill-opacity":0,"stroke-opacity":1,"stroke":"#ff0000","ID":"20-7","REMARKS":"POLYGON ID-20","AREA":100.529}},
{"type":"Feature","geometry":{"type":"Polygon","coordinates":[[[88.3113047669758,22.5348490937611],[88.3112106402121,22.534873677601],[88.3111812257762,22.5347875387423],[88.3112754210515,22.5347629370147],[88.3113047669758,22.5348490937611]]]},"properties": {
    "floor": "ground","fill-opacity":0,"stroke-opacity":1,"stroke":"#ff0000","ID":"20-8","REMARKS":"POLYGON ID-20","AREA":100.602}},
{"type":"Feature","geometry":{"type":"Polygon","coordinates":[[[88.3112167293201,22.5345906234979],[88.3111223970218,22.5346152610008],[88.3110929827033,22.5345291221181],[88.311187383513,22.5345044667276],[88.3112167293201,22.5345906234979]]]},"properties": {
    "floor": "ground","fill-opacity":0,"stroke-opacity":1,"stroke":"#ff0000","ID":"20-11","REMARKS":"POLYGON ID-20","AREA":100.822}},
{"type":"Feature","geometry":{"type":"Polygon","coordinates":[[[88.3112460751662,22.5346767802603],[88.3111518113794,22.5347013998756],[88.3111223970218,22.5346152610008],[88.3112167293201,22.5345906234979],[88.3112460751662,22.5346767802603]]]},"properties": {
    "floor": "ground","fill-opacity":0,"stroke-opacity":1,"stroke":"#ff0000","ID":"20-10","REMARKS":"POLYGON ID-20","AREA":100.748}},
{"type":"Feature","geometry":{"type":"Polygon","coordinates":[[[88.311158037745,22.5344183099492],[88.311063568424,22.5344429832273],[88.3110341541838,22.5343568443285],[88.3111286920161,22.5343321531629],[88.311158037745,22.5344183099492]]]},"properties": {
    "floor": "ground","fill-opacity":0,"stroke-opacity":1,"stroke":"#ff0000","ID":"20-13","REMARKS":"POLYGON ID-20","AREA":100.968}},
{"type":"Feature","geometry":{"type":"Polygon","coordinates":[[[88.311187383513,22.5345044667276],[88.3110929827033,22.5345291221181],[88.311063568424,22.5344429832273],[88.311158037745,22.5344183099492],[88.311187383513,22.5345044667276]]]},"properties": {
    "floor": "ground","fill-opacity":0,"stroke-opacity":1,"stroke":"#ff0000","ID":"20-12","REMARKS":"POLYGON ID-20","AREA":100.895}},
{"type":"Feature","geometry":{"type":"Polygon","coordinates":[[[88.3110993463262,22.5342459963686],[88.3110047399828,22.5342707054217],[88.310975325821,22.5341845665069],[88.3110700006755,22.5341598395663],[88.3110993463262,22.5342459963686]]]},"properties": {
    "floor": "ground","fill-opacity":0,"stroke-opacity":1,"stroke":"#ff0000","ID":"20-15","REMARKS":"POLYGON ID-20","AREA":101.115}},
{"type":"Feature","geometry":{"type":"Polygon","coordinates":[[[88.3111286920161,22.5343321531629],[88.3110341541838,22.5343568443285],[88.3110047399828,22.5342707054217],[88.3110993463262,22.5342459963686],[88.3111286920161,22.5343321531629]]]},"properties": {
    "floor": "ground","fill-opacity":0,"stroke-opacity":1,"stroke":"#ff0000","ID":"20-14","REMARKS":"POLYGON ID-20","AREA":101.041}},
{"type":"Feature","geometry":{"type":"Polygon","coordinates":[[[88.3110406550638,22.534073682756],[88.3109459116983,22.5340984275841],[88.3109164976147,22.5340122886532],[88.3110113094912,22.5339875259377],[88.3110406550638,22.534073682756]]]},"properties": {
    "floor": "ground","fill-opacity":0,"stroke-opacity":1,"stroke":"#ff0000","ID":"20-17","REMARKS":"POLYGON ID-20","AREA":101.261}},
{"type":"Feature","geometry":{"type":"Polygon","coordinates":[[[88.3110700006755,22.5341598395663],[88.310975325821,22.5341845665069],[88.3109459116983,22.5340984275841],[88.3110406550638,22.534073682756],[88.3110700006755,22.5341598395663]]]},"properties": {
    "floor": "ground","fill-opacity":0,"stroke-opacity":1,"stroke":"#ff0000","ID":"20-16","REMARKS":"POLYGON ID-20","AREA":101.188}},
{"type":"Feature","geometry":{"type":"Polygon","coordinates":[[[88.3109819639577,22.5339013691115],[88.3108870835703,22.5339261497144],[88.3108576695651,22.5338400107675],[88.3109526184632,22.5338152122772],[88.3109819639577,22.5339013691115]]]},"properties": {
    "floor": "ground","fill-opacity":0,"stroke-opacity":1,"stroke":"#ff0000","ID":"20-19","REMARKS":"POLYGON ID-20","AREA":101.408}},
{"type":"Feature","geometry":{"type":"Polygon","coordinates":[[[88.3110113094912,22.5339875259377],[88.3109164976147,22.5340122886532],[88.3108870835703,22.5339261497144],[88.3109819639577,22.5339013691115],[88.3110113094912,22.5339875259377]]]},"properties": {
    "floor": "ground","fill-opacity":0,"stroke-opacity":1,"stroke":"#ff0000","ID":"20-18","REMARKS":"POLYGON ID-20","AREA":101.334}},
{"type":"Feature","geometry":{"type":"Polygon","coordinates":[[[88.3109232730078,22.533729055435],[88.310828255599,22.5337538718126],[88.3107988416721,22.5336677328497],[88.3107988416721,22.5336677328498],[88.3108939275915,22.5336428985848],[88.3109232730078,22.533729055435]]]},"properties": {
    "floor": "ground","fill-opacity":0,"stroke-opacity":1,"stroke":"#ff0000","ID":"20-21","REMARKS":"POLYGON ID-20","AREA":101.554}},
{"type":"Feature","geometry":{"type":"Polygon","coordinates":[[[88.3109526184632,22.5338152122772],[88.3108576695651,22.5338400107675],[88.310828255599,22.5337538718126],[88.3109232730078,22.533729055435],[88.3109526184632,22.5338152122772]]]},"properties": {
    "floor": "ground","fill-opacity":0,"stroke-opacity":1,"stroke":"#ff0000","ID":"20-20","REMARKS":"POLYGON ID-20","AREA":101.481}},
{"type":"Feature","geometry":{"type":"Polygon","coordinates":[[[88.3108352368762,22.5334705848605],[88.3107400139357,22.5334954548999],[88.3107400139356,22.5334954548999],[88.3107106001262,22.533409315913],[88.3108058915771,22.5333844279863],[88.3108352368762,22.5334705848605]]]},"properties": {
    "floor": "ground","fill-opacity":0,"stroke-opacity":1,"stroke":"#ff0000","ID":"20-24","REMARKS":"POLYGON ID-20","AREA":101.774}},
{"type":"Feature","geometry":{"type":"Polygon","coordinates":[[[88.3108939275915,22.5336428985848],[88.3107988416721,22.5336677328498],[88.3107988416721,22.5336677328497],[88.3107694277843,22.5335815938788],[88.3108645822143,22.5335567417266],[88.3108939275915,22.5336428985848]]]},"properties": {
    "floor": "ground","fill-opacity":0,"stroke-opacity":1,"stroke":"#ff0000","ID":"20-22","REMARKS":"POLYGON ID-20","AREA":101.627}},
{"type":"Feature","geometry":{"type":"Polygon","coordinates":[[[88.3108645822143,22.5335567417266],[88.3107694277843,22.5335815938788],[88.3107400139356,22.5334954548999],[88.3107400139357,22.5334954548999],[88.3108352368762,22.5334705848605],[88.3108645822143,22.5335567417266]]]},"properties": {
    "floor": "ground","fill-opacity":0,"stroke-opacity":1,"stroke":"#ff0000","ID":"20-23","REMARKS":"POLYGON ID-20","AREA":101.701}},
{"type":"Feature","geometry":{"type":"Polygon","coordinates":[[[88.3107765463171,22.5332982711042],[88.3106811863558,22.5333231769181],[88.3106660363428,22.5332788096612],[88.3106524238215,22.5332368678379],[88.3107472010962,22.533212114214],[88.3107765463171,22.5332982711042]]]},"properties": {
    "floor": "ground","fill-opacity":0,"stroke-opacity":1,"stroke":"#ff0000","ID":"20-26","REMARKS":"POLYGON ID-20","AREA":101.752}},
{"type":"Feature","geometry":{"type":"Polygon","coordinates":[[[88.3108058915771,22.5333844279863],[88.3107106001262,22.533409315913],[88.3106811863558,22.5333231769181],[88.3107765463171,22.5332982711042],[88.3108058915771,22.5333844279863]]]},"properties": {
    "floor": "ground","fill-opacity":0,"stroke-opacity":1,"stroke":"#ff0000","ID":"20-25","REMARKS":"POLYGON ID-20","AREA":101.847}},
{"type":"Feature","geometry":{"type":"Polygon","coordinates":[[[88.3117617845152,22.5352926579357],[88.3116681374934,22.5353171167008],[88.3116387912322,22.535230960041],[88.3117324382029,22.5352065012953],[88.3117617845152,22.5352926579357]]]},"properties": {
    "floor": "ground","fill-opacity":0,"stroke-opacity":1,"stroke":"#ff0000","ID":"20-88","REMARKS":"POLYGON ID-20","AREA":100.052}},
{"type":"Feature","geometry":{"type":"Polygon","coordinates":[[[88.3117911308666,22.5353788145682],[88.3116974837936,22.5354032733526],[88.3116681374934,22.5353171167008],[88.3117617845152,22.5352926579357],[88.3117911308666,22.5353788145682]]]},"properties": {
    "floor": "ground","fill-opacity":0,"stroke-opacity":1,"stroke":"#ff0000","ID":"20-87","REMARKS":"POLYGON ID-20","AREA":100.052}},
{"type":"Feature","geometry":{"type":"Polygon","coordinates":[[[88.3117030919296,22.5351203446466],[88.3116094450101,22.5351448033731],[88.3115800988272,22.5350586466975],[88.3116737456955,22.5350341879904],[88.3117030919296,22.5351203446466]]]},"properties": {
    "floor": "ground","fill-opacity":0,"stroke-opacity":1,"stroke":"#ff0000","ID":"20-90","REMARKS":"POLYGON ID-20","AREA":100.052}},
{"type":"Feature","geometry":{"type":"Polygon","coordinates":[[[88.3117324382029,22.5352065012953],[88.3116387912322,22.535230960041],[88.3116094450101,22.5351448033731],[88.3117030919296,22.5351203446466],[88.3117324382029,22.5352065012953]]]},"properties": {
    "floor": "ground","fill-opacity":0,"stroke-opacity":1,"stroke":"#ff0000","ID":"20-89","REMARKS":"POLYGON ID-20","AREA":100.052}},
{"type":"Feature","geometry":{"type":"Polygon","coordinates":[[[88.3115563611497,22.5346895612849],[88.3114627144861,22.5347140199145],[88.3114333684985,22.5346278631988],[88.311527015111,22.5346034045885],[88.3115563611497,22.5346895612849]]]},"properties": {
    "floor": "ground","fill-opacity":0,"stroke-opacity":1,"stroke":"#ff0000","ID":"20-95","REMARKS":"POLYGON ID-20","AREA":100.052}},
{"type":"Feature","geometry":{"type":"Polygon","coordinates":[[[88.3116737456955,22.5350341879904],[88.3115800988272,22.5350586466975],[88.3115507526833,22.5349724900138],[88.3116443995005,22.5349480313262],[88.3116737456955,22.5350341879904]]]},"properties": {
    "floor": "ground","fill-opacity":0,"stroke-opacity":1,"stroke":"#ff0000","ID":"20-91","REMARKS":"POLYGON ID-20","AREA":100.052}},
{"type":"Feature","geometry":{"type":"Polygon","coordinates":[[[88.3116443995005,22.5349480313262],[88.3115507526833,22.5349724900138],[88.3115214065774,22.534886333319],[88.3116150533431,22.5348618746497],[88.3116443995005,22.5349480313262]]]},"properties": {
    "floor": "ground","fill-opacity":0,"stroke-opacity":1,"stroke":"#ff0000","ID":"20-92","REMARKS":"POLYGON ID-20","AREA":100.052}},
{"type":"Feature","geometry":{"type":"Polygon","coordinates":[[[88.3116150533431,22.5348618746497],[88.3115214065774,22.534886333319],[88.3114920605127,22.5348001766222],[88.3115857072275,22.5347757179733],[88.3116150533431,22.5348618746497]]]},"properties": {
    "floor": "ground","fill-opacity":0,"stroke-opacity":1,"stroke":"#ff0000","ID":"20-93","REMARKS":"POLYGON ID-20","AREA":100.052}},
{"type":"Feature","geometry":{"type":"Polygon","coordinates":[[[88.3115857072275,22.5347757179733],[88.3114920605127,22.5348001766222],[88.3114627144861,22.5347140199145],[88.3115563611497,22.5346895612849],[88.3115857072275,22.5347757179733]]]},"properties": {
    "floor": "ground","fill-opacity":0,"stroke-opacity":1,"stroke":"#ff0000","ID":"20-94","REMARKS":"POLYGON ID-20","AREA":100.052}},
{"type":"Feature","geometry":{"type":"Polygon","coordinates":[[[88.3114976691113,22.5345172478842],[88.31140402255,22.5345417064751],[88.3113746766406,22.5344555497435],[88.3114683231507,22.5344310911719],[88.3114976691113,22.5345172478842]]]},"properties": {
    "floor": "ground","fill-opacity":0,"stroke-opacity":1,"stroke":"#ff0000","ID":"20-97","REMARKS":"POLYGON ID-20","AREA":100.052}},
{"type":"Feature","geometry":{"type":"Polygon","coordinates":[[[88.311527015111,22.5346034045885],[88.3114333684985,22.5346278631988],[88.31140402255,22.5345417064751],[88.3114976691113,22.5345172478842],[88.311527015111,22.5346034045885]]]},"properties": {
    "floor": "ground","fill-opacity":0,"stroke-opacity":1,"stroke":"#ff0000","ID":"20-96","REMARKS":"POLYGON ID-20","AREA":100.052}},
{"type":"Feature","geometry":{"type":"Polygon","coordinates":[[[88.3114389772292,22.5343449344516],[88.3113453307702,22.5343693930038],[88.311315984939,22.5342832362562],[88.3114096313467,22.5342587777233],[88.3114389772292,22.5343449344516]]]},"properties": {
    "floor": "ground","fill-opacity":0,"stroke-opacity":1,"stroke":"#ff0000","ID":"20-99","REMARKS":"POLYGON ID-20","AREA":100.052}},
{"type":"Feature","geometry":{"type":"Polygon","coordinates":[[[88.3114683231507,22.5344310911719],[88.3113746766406,22.5344555497435],[88.3113453307702,22.5343693930038],[88.3114389772292,22.5343449344516],[88.3114683231507,22.5344310911719]]]},"properties": {
    "floor": "ground","fill-opacity":0,"stroke-opacity":1,"stroke":"#ff0000","ID":"20-98","REMARKS":"POLYGON ID-20","AREA":100.052}},
{"type":"Feature","geometry":{"type":"Polygon","coordinates":[[[88.3113802855034,22.534172620987],[88.3112866391468,22.5341970795006],[88.3112572933937,22.534110922737],[88.3113509396991,22.5340864642428],[88.3113802855034,22.534172620987]]]},"properties": {
    "floor": "ground","fill-opacity":0,"stroke-opacity":1,"stroke":"#ff0000","ID":"20-101","REMARKS":"POLYGON ID-20","AREA":100.052}},
{"type":"Feature","geometry":{"type":"Polygon","coordinates":[[[88.3114096313467,22.5342587777233],[88.311315984939,22.5342832362562],[88.3112866391468,22.5341970795006],[88.3113802855034,22.534172620987],[88.3114096313467,22.5342587777233]]]},"properties": {
    "floor": "ground","fill-opacity":0,"stroke-opacity":1,"stroke":"#ff0000","ID":"20-100","REMARKS":"POLYGON ID-20","AREA":100.052}},
{"type":"Feature","geometry":{"type":"Polygon","coordinates":[[[88.3113215939339,22.5340003074905],[88.3112279476796,22.5340247659654],[88.3111986020047,22.5339386091858],[88.3112922482078,22.5339141507303],[88.3113215939339,22.5340003074905]]]},"properties": {
    "floor": "ground","fill-opacity":0,"stroke-opacity":1,"stroke":"#ff0000","ID":"20-103","REMARKS":"POLYGON ID-20","AREA":100.052}},
{"type":"Feature","geometry":{"type":"Polygon","coordinates":[[[88.3113509396991,22.5340864642428],[88.3112572933937,22.534110922737],[88.3112279476796,22.5340247659654],[88.3113215939339,22.5340003074905],[88.3113509396991,22.5340864642428]]]},"properties": {
    "floor": "ground","fill-opacity":0,"stroke-opacity":1,"stroke":"#ff0000","ID":"20-102","REMARKS":"POLYGON ID-20","AREA":100.052}},
{"type":"Feature","geometry":{"type":"Polygon","coordinates":[[[88.3112629025208,22.5338279939621],[88.3111692563688,22.5338524523982],[88.311139910772,22.5337662956027],[88.3112335568728,22.5337418371859],[88.3112629025208,22.5338279939621]]]},"properties": {
    "floor": "ground","fill-opacity":0,"stroke-opacity":1,"stroke":"#ff0000","ID":"20-105","REMARKS":"POLYGON ID-20","AREA":100.052}},
{"type":"Feature","geometry":{"type":"Polygon","coordinates":[[[88.3112922482078,22.5339141507303],[88.3111986020047,22.5339386091858],[88.3111692563688,22.5338524523982],[88.3112629025208,22.5338279939621],[88.3112922482078,22.5339141507303]]]},"properties": {
    "floor": "ground","fill-opacity":0,"stroke-opacity":1,"stroke":"#ff0000","ID":"20-104","REMARKS":"POLYGON ID-20","AREA":100.052}},
{"type":"Feature","geometry":{"type":"Polygon","coordinates":[[[88.3112042112639,22.5336556804017],[88.3111105652143,22.5336801387992],[88.3110812196957,22.5335939819877],[88.3111748656941,22.5335695236096],[88.3112042112639,22.5336556804017]]]},"properties": {
    "floor": "ground","fill-opacity":0,"stroke-opacity":1,"stroke":"#ff0000","ID":"20-107","REMARKS":"POLYGON ID-20","AREA":100.052}},
{"type":"Feature","geometry":{"type":"Polygon","coordinates":[[[88.3112335568728,22.5337418371859],[88.311139910772,22.5337662956027],[88.3111105652143,22.5336801387992],[88.3112042112639,22.5336556804017],[88.3112335568728,22.5337418371859]]]},"properties": {
    "floor": "ground","fill-opacity":0,"stroke-opacity":1,"stroke":"#ff0000","ID":"20-106","REMARKS":"POLYGON ID-20","AREA":100.052}},
{"type":"Feature","geometry":{"type":"Polygon","coordinates":[[[88.3111161746718,22.5333972100013],[88.3110225287757,22.5334216683407],[88.3109931833742,22.5333355115052],[88.3110868292192,22.5333110531852],[88.3111161746718,22.5333972100013]]]},"properties": {
    "floor": "ground","fill-opacity":0,"stroke-opacity":1,"stroke":"#ff0000","ID":"20-110","REMARKS":"POLYGON ID-20","AREA":100.052}},
{"type":"Feature","geometry":{"type":"Polygon","coordinates":[[[88.3111748656941,22.5335695236096],[88.3110812196957,22.5335939819877],[88.3110518742161,22.5335078251682],[88.3111455201634,22.5334833668094],[88.3111748656941,22.5335695236096]]]},"properties": {
    "floor": "ground","fill-opacity":0,"stroke-opacity":1,"stroke":"#ff0000","ID":"20-108","REMARKS":"POLYGON ID-20","AREA":100.052}},
{"type":"Feature","geometry":{"type":"Polygon","coordinates":[[[88.3111455201634,22.5334833668094],[88.3110518742161,22.5335078251682],[88.3110225287757,22.5334216683407],[88.3111161746718,22.5333972100013],[88.3111455201634,22.5334833668094]]]},"properties": {
    "floor": "ground","fill-opacity":0,"stroke-opacity":1,"stroke":"#ff0000","ID":"20-109","REMARKS":"POLYGON ID-20","AREA":100.052}},
{"type":"Feature","geometry":{"type":"Polygon","coordinates":[[[88.3110868292192,22.5333110531852],[88.3109931833742,22.5333355115052],[88.3109638380119,22.5332493546618],[88.3110574838057,22.5332248963611],[88.3110868292192,22.5333110531852]]]},"properties": {
    "floor": "ground","fill-opacity":0,"stroke-opacity":1,"stroke":"#ff0000","ID":"20-111","REMARKS":"POLYGON ID-20","AREA":100.052}},
{"type":"Feature","geometry":{"type":"Polygon","coordinates":[[[88.3116681374934,22.5353171167008],[88.3115744904358,22.5353415754129],[88.3115451442258,22.5352554187337],[88.3116387912322,22.535230960041],[88.3116681374934,22.5353171167008]]]},"properties": {
    "floor": "ground","fill-opacity":0,"stroke-opacity":1,"stroke":"#ff0000","ID":"20-60","REMARKS":"POLYGON ID-20","AREA":100.052}},
{"type":"Feature","geometry":{"type":"Polygon","coordinates":[[[88.3116974837936,22.5354032733526],[88.3116038366848,22.535427732084],[88.3115744904358,22.5353415754129],[88.3116681374934,22.5353171167008],[88.3116974837936,22.5354032733526]]]},"properties": {
    "floor": "ground","fill-opacity":0,"stroke-opacity":1,"stroke":"#ff0000","ID":"20-59","REMARKS":"POLYGON ID-20","AREA":100.052}},
{"type":"Feature","geometry":{"type":"Polygon","coordinates":[[[88.3116094450101,22.5351448033731],[88.3115157980549,22.5351692620465],[88.3114864519231,22.5350831053514],[88.3115800988272,22.5350586466975],[88.3116094450101,22.5351448033731]]]},"properties": {
    "floor": "ground","fill-opacity":0,"stroke-opacity":1,"stroke":"#ff0000","ID":"20-62","REMARKS":"POLYGON ID-20","AREA":100.052}},
{"type":"Feature","geometry":{"type":"Polygon","coordinates":[[[88.3116387912322,22.535230960041],[88.3115451442258,22.5352554187337],[88.3115157980549,22.5351692620465],[88.3116094450101,22.5351448033731],[88.3116387912322,22.535230960041]]]},"properties": {
    "floor": "ground","fill-opacity":0,"stroke-opacity":1,"stroke":"#ff0000","ID":"20-61","REMARKS":"POLYGON ID-20","AREA":100.052}},
{"type":"Feature","geometry":{"type":"Polygon","coordinates":[[[88.3114627144861,22.5347140199145],[88.3113690677866,22.5347384784911],[88.3113397218502,22.5346523217561],[88.3114333684985,22.5346278631988],[88.3114627144861,22.5347140199145]]]},"properties": {
    "floor": "ground","fill-opacity":0,"stroke-opacity":1,"stroke":"#ff0000","ID":"20-67","REMARKS":"POLYGON ID-20","AREA":100.052}},
{"type":"Feature","geometry":{"type":"Polygon","coordinates":[[[88.3115800988272,22.5350586466975],[88.3114864519231,22.5350831053514],[88.3114571058304,22.5349969486484],[88.3115507526833,22.5349724900138],[88.3115800988272,22.5350586466975]]]},"properties": {
    "floor": "ground","fill-opacity":0,"stroke-opacity":1,"stroke":"#ff0000","ID":"20-63","REMARKS":"POLYGON ID-20","AREA":100.052}},
{"type":"Feature","geometry":{"type":"Polygon","coordinates":[[[88.3115507526833,22.5349724900138],[88.3114571058304,22.5349969486484],[88.311427759776,22.5349107919353],[88.3115214065774,22.534886333319],[88.3115507526833,22.5349724900138]]]},"properties": {
    "floor": "ground","fill-opacity":0,"stroke-opacity":1,"stroke":"#ff0000","ID":"20-64","REMARKS":"POLYGON ID-20","AREA":100.052}},
{"type":"Feature","geometry":{"type":"Polygon","coordinates":[[[88.3115214065774,22.534886333319],[88.311427759776,22.5349107919353],[88.3113984137621,22.5348246352182],[88.3114920605127,22.5348001766222],[88.3115214065774,22.534886333319]]]},"properties": {
    "floor": "ground","fill-opacity":0,"stroke-opacity":1,"stroke":"#ff0000","ID":"20-65","REMARKS":"POLYGON ID-20","AREA":100.052}},
{"type":"Feature","geometry":{"type":"Polygon","coordinates":[[[88.3114920605127,22.5348001766222],[88.3113984137621,22.5348246352182],[88.3113690677866,22.5347384784911],[88.3114627144861,22.5347140199145],[88.3114920605127,22.5348001766222]]]},"properties": {
    "floor": "ground","fill-opacity":0,"stroke-opacity":1,"stroke":"#ff0000","ID":"20-66","REMARKS":"POLYGON ID-20","AREA":100.052}},
{"type":"Feature","geometry":{"type":"Polygon","coordinates":[[[88.31140402255,22.5345417064751],[88.3113103759529,22.534566165013],[88.3112810300946,22.534480008262],[88.3113746766406,22.5344555497435],[88.31140402255,22.5345417064751]]]},"properties": {
    "floor": "ground","fill-opacity":0,"stroke-opacity":1,"stroke":"#ff0000","ID":"20-69","REMARKS":"POLYGON ID-20","AREA":100.052}},
{"type":"Feature","geometry":{"type":"Polygon","coordinates":[[[88.3114333684985,22.5346278631988],[88.3113397218502,22.5346523217561],[88.3113103759529,22.534566165013],[88.31140402255,22.5345417064751],[88.3114333684985,22.5346278631988]]]},"properties": {
    "floor": "ground","fill-opacity":0,"stroke-opacity":1,"stroke":"#ff0000","ID":"20-68","REMARKS":"POLYGON ID-20","AREA":100.052}},
{"type":"Feature","geometry":{"type":"Polygon","coordinates":[[[88.3113453307702,22.5343693930038],[88.3112516842755,22.534393851503],[88.3112223384954,22.534307694736],[88.311315984939,22.5342832362562],[88.3113453307702,22.5343693930038]]]},"properties": {
    "floor": "ground","fill-opacity":0,"stroke-opacity":1,"stroke":"#ff0000","ID":"20-71","REMARKS":"POLYGON ID-20","AREA":100.052}},
{"type":"Feature","geometry":{"type":"Polygon","coordinates":[[[88.3113746766406,22.5344555497435],[88.3112810300946,22.534480008262],[88.3112516842755,22.534393851503],[88.3113453307702,22.5343693930038],[88.3113746766406,22.5344555497435]]]},"properties": {
    "floor": "ground","fill-opacity":0,"stroke-opacity":1,"stroke":"#ff0000","ID":"20-70","REMARKS":"POLYGON ID-20","AREA":100.052}},
{"type":"Feature","geometry":{"type":"Polygon","coordinates":[[[88.3112866391468,22.5341970795006],[88.3111929927544,22.5342215379611],[88.3111636470525,22.5341353811781],[88.3112572933937,22.534110922737],[88.3112866391468,22.5341970795006]]]},"properties": {
    "floor": "ground","fill-opacity":0,"stroke-opacity":1,"stroke":"#ff0000","ID":"20-73","REMARKS":"POLYGON ID-20","AREA":100.052}},
{"type":"Feature","geometry":{"type":"Polygon","coordinates":[[[88.311315984939,22.5342832362562],[88.3112223384954,22.534307694736],[88.3111929927544,22.5342215379611],[88.3112866391468,22.5341970795006],[88.311315984939,22.5342832362562]]]},"properties": {
    "floor": "ground","fill-opacity":0,"stroke-opacity":1,"stroke":"#ff0000","ID":"20-72","REMARKS":"POLYGON ID-20","AREA":100.052}},
{"type":"Feature","geometry":{"type":"Polygon","coordinates":[[[88.3112279476796,22.5340247659654],[88.3111343013896,22.5340492243872],[88.3111049557658,22.5339630675883],[88.3111986020047,22.5339386091858],[88.3112279476796,22.5340247659654]]]},"properties": {
    "floor": "ground","fill-opacity":0,"stroke-opacity":1,"stroke":"#ff0000","ID":"20-75","REMARKS":"POLYGON ID-20","AREA":100.052}},
{"type":"Feature","geometry":{"type":"Polygon","coordinates":[[[88.3112572933937,22.534110922737],[88.3111636470525,22.5341353811781],[88.3111343013896,22.5340492243872],[88.3112279476796,22.5340247659654],[88.3112572933937,22.534110922737]]]},"properties": {
    "floor": "ground","fill-opacity":0,"stroke-opacity":1,"stroke":"#ff0000","ID":"20-74","REMARKS":"POLYGON ID-20","AREA":100.052}},
{"type":"Feature","geometry":{"type":"Polygon","coordinates":[[[88.3111692563688,22.5338524523982],[88.3110756101811,22.5338769107814],[88.3110462646355,22.5337907539665],[88.311139910772,22.5337662956027],[88.3111692563688,22.5338524523982]]]},"properties": {
    "floor": "ground","fill-opacity":0,"stroke-opacity":1,"stroke":"#ff0000","ID":"20-77","REMARKS":"POLYGON ID-20","AREA":100.052}},
{"type":"Feature","geometry":{"type":"Polygon","coordinates":[[[88.3111986020047,22.5339386091858],[88.3111049557658,22.5339630675883],[88.3110756101811,22.5338769107814],[88.3111692563688,22.5338524523982],[88.3111986020047,22.5339386091858]]]},"properties": {
    "floor": "ground","fill-opacity":0,"stroke-opacity":1,"stroke":"#ff0000","ID":"20-76","REMARKS":"POLYGON ID-20","AREA":100.052}},
{"type":"Feature","geometry":{"type":"Polygon","coordinates":[[[88.3111105652143,22.5336801387992],[88.311016919129,22.5337045971436],[88.3109875736615,22.5336184403128],[88.3110812196957,22.5335939819877],[88.3111105652143,22.5336801387992]]]},"properties": {
    "floor": "ground","fill-opacity":0,"stroke-opacity":1,"stroke":"#ff0000","ID":"20-79","REMARKS":"POLYGON ID-20","AREA":100.052}},
{"type":"Feature","geometry":{"type":"Polygon","coordinates":[[[88.311139910772,22.5337662956027],[88.3110462646355,22.5337907539665],[88.311016919129,22.5337045971436],[88.3111105652143,22.5336801387992],[88.311139910772,22.5337662956027]]]},"properties": {
    "floor": "ground","fill-opacity":0,"stroke-opacity":1,"stroke":"#ff0000","ID":"20-78","REMARKS":"POLYGON ID-20","AREA":100.052}},
{"type":"Feature","geometry":{"type":"Polygon","coordinates":[[[88.3110225287757,22.5334216683407],[88.3109288828438,22.5334461266271],[88.3108995374936,22.5333599697723],[88.3109931833742,22.5333355115052],[88.3110225287757,22.5334216683407]]]},"properties": {
    "floor": "ground","fill-opacity":0,"stroke-opacity":1,"stroke":"#ff0000","ID":"20-82","REMARKS":"POLYGON ID-20","AREA":100.052}},
{"type":"Feature","geometry":{"type":"Polygon","coordinates":[[[88.3110812196957,22.5335939819877],[88.3109875736615,22.5336184403128],[88.3109582282331,22.5335322834739],[88.3110518742161,22.5335078251682],[88.3110812196957,22.5335939819877]]]},"properties": {
    "floor": "ground","fill-opacity":0,"stroke-opacity":1,"stroke":"#ff0000","ID":"20-80","REMARKS":"POLYGON ID-20","AREA":100.052}},
{"type":"Feature","geometry":{"type":"Polygon","coordinates":[[[88.3110518742161,22.5335078251682],[88.3109582282331,22.5335322834739],[88.3109288828438,22.5334461266271],[88.3110225287757,22.5334216683407],[88.3110518742161,22.5335078251682]]]},"properties": {
    "floor": "ground","fill-opacity":0,"stroke-opacity":1,"stroke":"#ff0000","ID":"20-81","REMARKS":"POLYGON ID-20","AREA":100.052}},
{"type":"Feature","geometry":{"type":"Polygon","coordinates":[[[88.3109638380119,22.5332493546618],[88.3108701921824,22.5332738129095],[88.3108408469103,22.5331876560387],[88.3109344926886,22.5331631978104],[88.3109344926887,22.5331631978104],[88.3109638380119,22.5332493546618]]]},"properties": {
    "floor": "ground","fill-opacity":0,"stroke-opacity":1,"stroke":"#ff0000","ID":"20-84","REMARKS":"POLYGON ID-20","AREA":100.052}},
{"type":"Feature","geometry":{"type":"Polygon","coordinates":[[[88.3109931833742,22.5333355115052],[88.3108995374936,22.5333599697723],[88.3108701921824,22.5332738129095],[88.3109638380119,22.5332493546618],[88.3109931833742,22.5333355115052]]]},"properties": {
    "floor": "ground","fill-opacity":0,"stroke-opacity":1,"stroke":"#ff0000","ID":"20-83","REMARKS":"POLYGON ID-20","AREA":100.052}},
{"type":"Feature","geometry":{"type":"Polygon","coordinates":[[[88.3118260851378,22.5351820424966],[88.3119196414969,22.5351576072922],[88.311948984139,22.5352437648793],[88.3118554315013,22.5352681991177],[88.3118260851378,22.5351820424966]]]},"properties": {
    "floor": "ground","fill-opacity":0,"stroke-opacity":1,"stroke":"#ff0000","ID":"20-145","REMARKS":"POLYGON ID-20","AREA":99.954}},
{"type":"Feature","geometry":{"type":"Polygon","coordinates":[[[88.3118554315013,22.5352681991177],[88.311948984139,22.5352437648793],[88.3119783268202,22.5353299224584],[88.3118847779039,22.5353543557308],[88.3118554315013,22.5352681991177]]]},"properties": {
    "floor": "ground","fill-opacity":0,"stroke-opacity":1,"stroke":"#ff0000","ID":"20-144","REMARKS":"POLYGON ID-20","AREA":99.95}},
{"type":"Feature","geometry":{"type":"Polygon","coordinates":[[[88.3117673925281,22.5350097292304],[88.3118609563299,22.5349852920941],[88.3118902988937,22.5350714496969],[88.3117967388133,22.5350958858672],[88.3117673925281,22.5350097292304]]]},"properties": {
    "floor": "ground","fill-opacity":0,"stroke-opacity":1,"stroke":"#ff0000","ID":"20-147","REMARKS":"POLYGON ID-20","AREA":99.962}},
{"type":"Feature","geometry":{"type":"Polygon","coordinates":[[[88.3117967388133,22.5350958858672],[88.3118902988937,22.5350714496969],[88.3119196072058,22.5351575066048],[88.3119196414969,22.5351576072922],[88.3118260851378,22.5351820424966],[88.3117967388133,22.5350958858672]]]},"properties": {
    "floor": "ground","fill-opacity":0,"stroke-opacity":1,"stroke":"#ff0000","ID":"20-146","REMARKS":"POLYGON ID-20","AREA":99.958}},
{"type":"Feature","geometry":{"type":"Polygon","coordinates":[[[88.3116206616877,22.5345789459253],[88.3117142440963,22.5345545039591],[88.3117410971343,22.5346333522155],[88.3117435864648,22.5346406616021],[88.3116500077776,22.5346651026023],[88.3116206616877,22.5345789459253]]]},"properties": {
    "floor": "ground","fill-opacity":0,"stroke-opacity":1,"stroke":"#ff0000","ID":"20-152","REMARKS":"POLYGON ID-20","AREA":99.982}},
{"type":"Feature","geometry":{"type":"Polygon","coordinates":[[[88.3117380462819,22.5349235725856],[88.3118316138051,22.5348991344834],[88.3118609563299,22.5349852920941],[88.3117673925281,22.5350097292304],[88.3117380462819,22.5349235725856]]]},"properties": {
    "floor": "ground","fill-opacity":0,"stroke-opacity":1,"stroke":"#ff0000","ID":"20-148","REMARKS":"POLYGON ID-20","AREA":99.966}},
{"type":"Feature","geometry":{"type":"Polygon","coordinates":[[[88.311708700073,22.5348374159273],[88.3118022713172,22.5348129768581],[88.3118315936461,22.5348990752912],[88.3118316138051,22.5348991344834],[88.3117380462819,22.5349235725856],[88.311708700073,22.5348374159273]]]},"properties": {
    "floor": "ground","fill-opacity":0,"stroke-opacity":1,"stroke":"#ff0000","ID":"20-149","REMARKS":"POLYGON ID-20","AREA":99.97}},
{"type":"Feature","geometry":{"type":"Polygon","coordinates":[[[88.3116793539066,22.5347512592713],[88.3117729288725,22.5347268192371],[88.311802238656,22.5348128809558],[88.3118022713172,22.5348129768581],[88.311708700073,22.5348374159273],[88.3116793539066,22.5347512592713]]]},"properties": {
    "floor": "ground","fill-opacity":0,"stroke-opacity":1,"stroke":"#ff0000","ID":"20-150","REMARKS":"POLYGON ID-20","AREA":99.974}},
{"type":"Feature","geometry":{"type":"Polygon","coordinates":[[[88.3116500077776,22.5346651026023],[88.3117435864648,22.5346406616021],[88.311771191677,22.5347217183417],[88.3117729288725,22.5347268192371],[88.3116793539066,22.5347512592713],[88.3116500077776,22.5346651026023]]]},"properties": {
    "floor": "ground","fill-opacity":0,"stroke-opacity":1,"stroke":"#ff0000","ID":"20-151","REMARKS":"POLYGON ID-20","AREA":99.978}},
{"type":"Feature","geometry":{"type":"Polygon","coordinates":[[[88.311561969625,22.5344066325473],[88.3116555594764,22.5343821886492],[88.3116789628523,22.5344509079055],[88.3116849017668,22.5344683463082],[88.3115913156368,22.5344927892403],[88.311561969625,22.5344066325473]]]},"properties": {
    "floor": "ground","fill-opacity":0,"stroke-opacity":1,"stroke":"#ff0000","ID":"20-154","REMARKS":"POLYGON ID-20","AREA":99.99}},
{"type":"Feature","geometry":{"type":"Polygon","coordinates":[[[88.3115913156368,22.5344927892403],[88.3116849017668,22.5344683463082],[88.3117098749333,22.5345416748282],[88.3117142440963,22.5345545039591],[88.3116206616877,22.5345789459253],[88.3115913156368,22.5344927892403]]]},"properties": {
    "floor": "ground","fill-opacity":0,"stroke-opacity":1,"stroke":"#ff0000","ID":"20-153","REMARKS":"POLYGON ID-20","AREA":99.986}},
{"type":"Feature","geometry":{"type":"Polygon","coordinates":[[[88.3115032777188,22.5342343191374],[88.3115968750128,22.5342098733074],[88.3116163390508,22.534267025667],[88.311626217225,22.5342960309823],[88.3115326236524,22.5343204758464],[88.3115032777188,22.5342343191374]]]},"properties": {
    "floor": "ground","fill-opacity":0,"stroke-opacity":1,"stroke":"#ff0000","ID":"20-156","REMARKS":"POLYGON ID-20","AREA":99.998}},
{"type":"Feature","geometry":{"type":"Polygon","coordinates":[[[88.3115326236524,22.5343204758464],[88.311626217225,22.5342960309823],[88.3116477886173,22.5343593710839],[88.3116555594764,22.5343821886492],[88.311561969625,22.5344066325473],[88.3115326236524,22.5343204758464]]]},"properties": {
    "floor": "ground","fill-opacity":0,"stroke-opacity":1,"stroke":"#ff0000","ID":"20-155","REMARKS":"POLYGON ID-20","AREA":99.994}},
{"type":"Feature","geometry":{"type":"Polygon","coordinates":[[[88.3114445859688,22.5340620056956],[88.3115381907055,22.5340375579337],[88.311552697116,22.5340801533112],[88.3115675323118,22.5341237140749],[88.3115674361859,22.5341237408687],[88.3114739318242,22.5341481624205],[88.3114445859688,22.5340620056956]]]},"properties": {
    "floor": "ground","fill-opacity":0,"stroke-opacity":1,"stroke":"#ff0000","ID":"20-158","REMARKS":"POLYGON ID-20","AREA":100.006}},
{"type":"Feature","geometry":{"type":"Polygon","coordinates":[[[88.3114739318242,22.5341481624205],[88.3115674361859,22.5341237408687],[88.3115675323118,22.5341237140749],[88.3115848828841,22.5341746607288],[88.3115968750128,22.5342098733074],[88.3115032777188,22.5342343191374],[88.3114739318242,22.5341481624205]]]},"properties": {
    "floor": "ground","fill-opacity":0,"stroke-opacity":1,"stroke":"#ff0000","ID":"20-157","REMARKS":"POLYGON ID-20","AREA":100.002}},
{"type":"Feature","geometry":{"type":"Polygon","coordinates":[[[88.3113858943751,22.5338896922218],[88.3114795065545,22.533865242528],[88.3114882592034,22.5338909431311],[88.3115088486104,22.5339514002348],[88.3114152401524,22.5339758489627],[88.3113858943751,22.5338896922218]]]},"properties": {
    "floor": "ground","fill-opacity":0,"stroke-opacity":1,"stroke":"#ff0000","ID":"20-160","REMARKS":"POLYGON ID-20","AREA":100.014}},
{"type":"Feature","geometry":{"type":"Polygon","coordinates":[[[88.3114152401524,22.5339758489627],[88.3115088486104,22.5339514002348],[88.311520477399,22.5339855460617],[88.3115381907055,22.5340375579337],[88.3114445859688,22.5340620056956],[88.3114152401524,22.5339758489627]]]},"properties": {
    "floor": "ground","fill-opacity":0,"stroke-opacity":1,"stroke":"#ff0000","ID":"20-159","REMARKS":"POLYGON ID-20","AREA":100.01}},
{"type":"Feature","geometry":{"type":"Polygon","coordinates":[[[88.3113272029378,22.5337173787161],[88.3114208225598,22.5336929270904],[88.3114501645376,22.5337790848132],[88.311356548637,22.533803535473],[88.3113272029378,22.5337173787161]]]},"properties": {
    "floor": "ground","fill-opacity":0,"stroke-opacity":1,"stroke":"#ff0000","ID":"20-162","REMARKS":"POLYGON ID-20","AREA":100.022}},
{"type":"Feature","geometry":{"type":"Polygon","coordinates":[[[88.311356548637,22.533803535473],[88.3114501645376,22.5337790848132],[88.3114544353423,22.5337916252941],[88.3114795065545,22.533865242528],[88.3113858943751,22.5338896922218],[88.311356548637,22.533803535473]]]},"properties": {
    "floor": "ground","fill-opacity":0,"stroke-opacity":1,"stroke":"#ff0000","ID":"20-161","REMARKS":"POLYGON ID-20","AREA":100.018}},
{"type":"Feature","geometry":{"type":"Polygon","coordinates":[[[88.3112685116568,22.5335450651785],[88.3113621387214,22.5335206116208],[88.3113881316475,22.5335969356471],[88.311391480621,22.5336067693596],[88.3112978572778,22.5336312219513],[88.3112685116568,22.5335450651785]]]},"properties": {
    "floor": "ground","fill-opacity":0,"stroke-opacity":1,"stroke":"#ff0000","ID":"20-164","REMARKS":"POLYGON ID-20","AREA":100.03}},
{"type":"Feature","geometry":{"type":"Polygon","coordinates":[[[88.3112978572778,22.5336312219513],[88.311391480621,22.5336067693596],[88.3114208225598,22.5336929270904],[88.3113272029378,22.5337173787161],[88.3112978572778,22.5336312219513]]]},"properties": {
    "floor": "ground","fill-opacity":0,"stroke-opacity":1,"stroke":"#ff0000","ID":"20-163","REMARKS":"POLYGON ID-20","AREA":100.026}},
{"type":"Feature","geometry":{"type":"Polygon","coordinates":[[[88.3111804750283,22.5332865948121],[88.3112741132568,22.5332621383566],[88.3112860207703,22.5332971030067],[88.311286031539,22.5332971056064],[88.3113034550393,22.5333482961193],[88.3112098205321,22.5333727516089],[88.3111804750283,22.5332865948121]]]},"properties": {
    "floor": "ground","fill-opacity":0,"stroke-opacity":1,"stroke":"#ff0000","ID":"20-167","REMARKS":"POLYGON ID-20","AREA":100.045}},
{"type":"Feature","geometry":{"type":"Polygon","coordinates":[[[88.3112391660749,22.5334589083977],[88.3113327968608,22.5334344538741],[88.3113546050689,22.53349849025],[88.3113621387214,22.5335206116208],[88.3112685116568,22.5335450651785],[88.3112391660749,22.5334589083977]]]},"properties": {
    "floor": "ground","fill-opacity":0,"stroke-opacity":1,"stroke":"#ff0000","ID":"20-165","REMARKS":"POLYGON ID-20","AREA":100.034}},
{"type":"Feature","geometry":{"type":"Polygon","coordinates":[[[88.3112098205321,22.5333727516089],[88.3113034550393,22.5333482961193],[88.3113206288153,22.5333987242914],[88.3113327968608,22.5334344538741],[88.3112391660749,22.5334589083977],[88.3112098205321,22.5333727516089]]]},"properties": {
    "floor": "ground","fill-opacity":0,"stroke-opacity":1,"stroke":"#ff0000","ID":"20-166","REMARKS":"POLYGON ID-20","AREA":100.038}},
{"type":"Feature","geometry":{"type":"Polygon","coordinates":[[[88.3111217841381,22.5331142811947],[88.3112154298092,22.5330898228073],[88.3112447715134,22.5331759805859],[88.3111511295637,22.5332004380074],[88.3111217841381,22.5331142811947]]]},"properties": {
    "floor": "ground","fill-opacity":0,"stroke-opacity":1,"stroke":"#ff0000","ID":"20-169","REMARKS":"POLYGON ID-20","AREA":100.05}},
{"type":"Feature","geometry":{"type":"Polygon","coordinates":[[[88.3111511295637,22.5332004380074],[88.3112447715134,22.5331759805859],[88.3112514180146,22.5331954822895],[88.3112741132568,22.5332621383566],[88.3111804750283,22.5332865948121],[88.3111511295637,22.5332004380074]]]},"properties": {
    "floor": "ground","fill-opacity":0,"stroke-opacity":1,"stroke":"#ff0000","ID":"20-168","REMARKS":"POLYGON ID-20","AREA":100.049}},
{"type":"Feature","geometry":{"type":"Polygon","coordinates":[[[88.3118554315013,22.5352681991177],[88.3117617845152,22.5352926579357],[88.3117324382029,22.5352065012953],[88.3118260851378,22.5351820424966],[88.3118554315013,22.5352681991177]]]},"properties": {
    "floor": "ground","fill-opacity":0,"stroke-opacity":1,"stroke":"#ff0000","ID":"20-117","REMARKS":"POLYGON ID-20","AREA":100.052}},
{"type":"Feature","geometry":{"type":"Polygon","coordinates":[[[88.3118847779039,22.5353543557308],[88.3117911308666,22.5353788145682],[88.3117617845152,22.5352926579357],[88.3118554315013,22.5352681991177],[88.3118847779039,22.5353543557308]]]},"properties": {
    "floor": "ground","fill-opacity":0,"stroke-opacity":1,"stroke":"#ff0000","ID":"20-116","REMARKS":"POLYGON ID-20","AREA":100.052}},
{"type":"Feature","geometry":{"type":"Polygon","coordinates":[[[88.3117967388133,22.5350958858672],[88.3117030919296,22.5351203446466],[88.3116737456955,22.5350341879904],[88.3117673925281,22.5350097292304],[88.3117967388133,22.5350958858672]]]},"properties": {
    "floor": "ground","fill-opacity":0,"stroke-opacity":1,"stroke":"#ff0000","ID":"20-119","REMARKS":"POLYGON ID-20","AREA":100.052}},
{"type":"Feature","geometry":{"type":"Polygon","coordinates":[[[88.3118260851378,22.5351820424966],[88.3117324382029,22.5352065012953],[88.3117030919296,22.5351203446466],[88.3117967388133,22.5350958858672],[88.3118260851378,22.5351820424966]]]},"properties": {
    "floor": "ground","fill-opacity":0,"stroke-opacity":1,"stroke":"#ff0000","ID":"20-118","REMARKS":"POLYGON ID-20","AREA":100.052}},
{"type":"Feature","geometry":{"type":"Polygon","coordinates":[[[88.3116500077776,22.5346651026023],[88.3115563611497,22.5346895612849],[88.311527015111,22.5346034045885],[88.3116206616877,22.5345789459253],[88.3116500077776,22.5346651026023]]]},"properties": {
    "floor": "ground","fill-opacity":0,"stroke-opacity":1,"stroke":"#ff0000","ID":"20-124","REMARKS":"POLYGON ID-20","AREA":100.052}},
{"type":"Feature","geometry":{"type":"Polygon","coordinates":[[[88.3117673925281,22.5350097292304],[88.3116737456955,22.5350341879904],[88.3116443995005,22.5349480313262],[88.3117380462819,22.5349235725856],[88.3117673925281,22.5350097292304]]]},"properties": {
    "floor": "ground","fill-opacity":0,"stroke-opacity":1,"stroke":"#ff0000","ID":"20-120","REMARKS":"POLYGON ID-20","AREA":100.052}},
{"type":"Feature","geometry":{"type":"Polygon","coordinates":[[[88.3117380462819,22.5349235725856],[88.3116443995005,22.5349480313262],[88.3116150533431,22.5348618746497],[88.311708700073,22.5348374159273],[88.3117380462819,22.5349235725856]]]},"properties": {
    "floor": "ground","fill-opacity":0,"stroke-opacity":1,"stroke":"#ff0000","ID":"20-121","REMARKS":"POLYGON ID-20","AREA":100.052}},
{"type":"Feature","geometry":{"type":"Polygon","coordinates":[[[88.311708700073,22.5348374159273],[88.3116150533431,22.5348618746497],[88.3115857072275,22.5347757179733],[88.3116793539066,22.5347512592713],[88.311708700073,22.5348374159273]]]},"properties": {
    "floor": "ground","fill-opacity":0,"stroke-opacity":1,"stroke":"#ff0000","ID":"20-122","REMARKS":"POLYGON ID-20","AREA":100.052}},
{"type":"Feature","geometry":{"type":"Polygon","coordinates":[[[88.3116793539066,22.5347512592713],[88.3115857072275,22.5347757179733],[88.3115563611497,22.5346895612849],[88.3116500077776,22.5346651026023],[88.3116793539066,22.5347512592713]]]},"properties": {
    "floor": "ground","fill-opacity":0,"stroke-opacity":1,"stroke":"#ff0000","ID":"20-123","REMARKS":"POLYGON ID-20","AREA":100.052}},
{"type":"Feature","geometry":{"type":"Polygon","coordinates":[[[88.3115913156368,22.5344927892403],[88.3114976691113,22.5345172478842],[88.3114683231507,22.5344310911719],[88.311561969625,22.5344066325473],[88.3115913156368,22.5344927892403]]]},"properties": {
    "floor": "ground","fill-opacity":0,"stroke-opacity":1,"stroke":"#ff0000","ID":"20-126","REMARKS":"POLYGON ID-20","AREA":100.052}},
{"type":"Feature","geometry":{"type":"Polygon","coordinates":[[[88.3116206616877,22.5345789459253],[88.311527015111,22.5346034045885],[88.3114976691113,22.5345172478842],[88.3115913156368,22.5344927892403],[88.3116206616877,22.5345789459253]]]},"properties": {
    "floor": "ground","fill-opacity":0,"stroke-opacity":1,"stroke":"#ff0000","ID":"20-125","REMARKS":"POLYGON ID-20","AREA":100.052}},
{"type":"Feature","geometry":{"type":"Polygon","coordinates":[[[88.3115326236524,22.5343204758464],[88.3114389772292,22.5343449344516],[88.3114096313467,22.5342587777233],[88.3115032777188,22.5342343191374],[88.3115326236524,22.5343204758464]]]},"properties": {
    "floor": "ground","fill-opacity":0,"stroke-opacity":1,"stroke":"#ff0000","ID":"20-128","REMARKS":"POLYGON ID-20","AREA":100.052}},
{"type":"Feature","geometry":{"type":"Polygon","coordinates":[[[88.311561969625,22.5344066325473],[88.3114683231507,22.5344310911719],[88.3114389772292,22.5343449344516],[88.3115326236524,22.5343204758464],[88.311561969625,22.5344066325473]]]},"properties": {
    "floor": "ground","fill-opacity":0,"stroke-opacity":1,"stroke":"#ff0000","ID":"20-127","REMARKS":"POLYGON ID-20","AREA":100.052}},
{"type":"Feature","geometry":{"type":"Polygon","coordinates":[[[88.3114739318242,22.5341481624205],[88.3113802855034,22.534172620987],[88.3113509396991,22.5340864642428],[88.3114445859688,22.5340620056956],[88.3114739318242,22.5341481624205]]]},"properties": {
    "floor": "ground","fill-opacity":0,"stroke-opacity":1,"stroke":"#ff0000","ID":"20-130","REMARKS":"POLYGON ID-20","AREA":100.052}},
{"type":"Feature","geometry":{"type":"Polygon","coordinates":[[[88.3115032777188,22.5342343191374],[88.3114096313467,22.5342587777233],[88.3113802855034,22.534172620987],[88.3114739318242,22.5341481624205],[88.3115032777188,22.5342343191374]]]},"properties": {
    "floor": "ground","fill-opacity":0,"stroke-opacity":1,"stroke":"#ff0000","ID":"20-129","REMARKS":"POLYGON ID-20","AREA":100.052}},
{"type":"Feature","geometry":{"type":"Polygon","coordinates":[[[88.3114152401524,22.5339758489627],[88.3113215939339,22.5340003074905],[88.3112922482078,22.5339141507303],[88.3113858943751,22.5338896922218],[88.3114152401524,22.5339758489627]]]},"properties": {
    "floor": "ground","fill-opacity":0,"stroke-opacity":1,"stroke":"#ff0000","ID":"20-132","REMARKS":"POLYGON ID-20","AREA":100.052}},
{"type":"Feature","geometry":{"type":"Polygon","coordinates":[[[88.3114445859688,22.5340620056956],[88.3113509396991,22.5340864642428],[88.3113215939339,22.5340003074905],[88.3114152401524,22.5339758489627],[88.3114445859688,22.5340620056956]]]},"properties": {
    "floor": "ground","fill-opacity":0,"stroke-opacity":1,"stroke":"#ff0000","ID":"20-131","REMARKS":"POLYGON ID-20","AREA":100.052}},
{"type":"Feature","geometry":{"type":"Polygon","coordinates":[[[88.311356548637,22.533803535473],[88.3112629025208,22.5338279939621],[88.3112335568728,22.5337418371859],[88.3113272029378,22.5337173787161],[88.311356548637,22.533803535473]]]},"properties": {
    "floor": "ground","fill-opacity":0,"stroke-opacity":1,"stroke":"#ff0000","ID":"20-134","REMARKS":"POLYGON ID-20","AREA":100.052}},
{"type":"Feature","geometry":{"type":"Polygon","coordinates":[[[88.3113858943751,22.5338896922218],[88.3112922482078,22.5339141507303],[88.3112629025208,22.5338279939621],[88.311356548637,22.533803535473],[88.3113858943751,22.5338896922218]]]},"properties": {
    "floor": "ground","fill-opacity":0,"stroke-opacity":1,"stroke":"#ff0000","ID":"20-133","REMARKS":"POLYGON ID-20","AREA":100.052}},
{"type":"Feature","geometry":{"type":"Polygon","coordinates":[[[88.3112978572778,22.5336312219513],[88.3112042112639,22.5336556804017],[88.3111748656941,22.5335695236096],[88.3112685116568,22.5335450651785],[88.3112978572778,22.5336312219513]]]},"properties": {
    "floor": "ground","fill-opacity":0,"stroke-opacity":1,"stroke":"#ff0000","ID":"20-136","REMARKS":"POLYGON ID-20","AREA":100.052}},
{"type":"Feature","geometry":{"type":"Polygon","coordinates":[[[88.3113272029378,22.5337173787161],[88.3112335568728,22.5337418371859],[88.3112042112639,22.5336556804017],[88.3112978572778,22.5336312219513],[88.3113272029378,22.5337173787161]]]},"properties": {
    "floor": "ground","fill-opacity":0,"stroke-opacity":1,"stroke":"#ff0000","ID":"20-135","REMARKS":"POLYGON ID-20","AREA":100.052}},
{"type":"Feature","geometry":{"type":"Polygon","coordinates":[[[88.3112098205321,22.5333727516089],[88.3111161746718,22.5333972100013],[88.3110868292192,22.5333110531852],[88.3111804750283,22.5332865948121],[88.3112098205321,22.5333727516089]]]},"properties": {
    "floor": "ground","fill-opacity":0,"stroke-opacity":1,"stroke":"#ff0000","ID":"20-139","REMARKS":"POLYGON ID-20","AREA":100.052}},
{"type":"Feature","geometry":{"type":"Polygon","coordinates":[[[88.3112685116568,22.5335450651785],[88.3111748656941,22.5335695236096],[88.3111455201634,22.5334833668094],[88.3112391660749,22.5334589083977],[88.3112685116568,22.5335450651785]]]},"properties": {
    "floor": "ground","fill-opacity":0,"stroke-opacity":1,"stroke":"#ff0000","ID":"20-137","REMARKS":"POLYGON ID-20","AREA":100.052}},
{"type":"Feature","geometry":{"type":"Polygon","coordinates":[[[88.3112391660749,22.5334589083977],[88.3111455201634,22.5334833668094],[88.3111161746718,22.5333972100013],[88.3112098205321,22.5333727516089],[88.3112391660749,22.5334589083977]]]},"properties": {
    "floor": "ground","fill-opacity":0,"stroke-opacity":1,"stroke":"#ff0000","ID":"20-138","REMARKS":"POLYGON ID-20","AREA":100.052}},
{"type":"Feature","geometry":{"type":"Polygon","coordinates":[[[88.3110281384313,22.533138739529],[88.3111217841381,22.5331142811947],[88.3111511295637,22.5332004380074],[88.3110574838057,22.5332248963611],[88.3110281384313,22.533138739529]]]},"properties": {
    "floor": "ground","fill-opacity":0,"stroke-opacity":1,"stroke":"#ff0000","ID":"20-141","REMARKS":"POLYGON ID-20","AREA":100.052}},
{"type":"Feature","geometry":{"type":"Polygon","coordinates":[[[88.3111804750283,22.5332865948121],[88.3110868292192,22.5333110531852],[88.3110574838057,22.5332248963611],[88.3111511295637,22.5332004380074],[88.3111804750283,22.5332865948121]]]},"properties": {
    "floor": "ground","fill-opacity":0,"stroke-opacity":1,"stroke":"#ff0000","ID":"20-140","REMARKS":"POLYGON ID-20","AREA":100.052}},
{"type":"Feature","geometry":{"type":"Polygon","coordinates":[[[88.3112514125645,22.5331954810791],[88.3112447715134,22.5331759805859],[88.3112154298092,22.5330898228073],[88.3112934723674,22.5330694395951],[88.3113286992766,22.5331703073437],[88.3112514180146,22.5331954822895],[88.3112514125645,22.5331954810791]]]},"properties": {
    "floor": "ground","fill-opacity":0,"stroke-opacity":1,"stroke":"#ff0000","ID":"20-194","REMARKS":"POLYGON ID-20","AREA":100.566}},
{"type":"Feature","geometry":{"type":"Polygon","coordinates":[[[88.3113546050689,22.53349849025],[88.3113327968608,22.5334344538741],[88.3113206288153,22.5333987242914],[88.3113206451179,22.5333987289123],[88.311399896606,22.5333741712757],[88.3114348895933,22.5334743687143],[88.3114348895932,22.5334743687143],[88.3113546260725,22.533498494707],[88.3113546050689,22.53349849025]]]},"properties": {
    "floor": "ground","fill-opacity":0,"stroke-opacity":1,"stroke":"#ff0000","ID":"20-191","REMARKS":"POLYGON ID-20","AREA":100.388}},
{"type":"Feature","geometry":{"type":"Polygon","coordinates":[[[88.3113206288153,22.5333987242914],[88.3113034550393,22.5333482961193],[88.3112860207703,22.5332971030067],[88.311286031539,22.5332971056064],[88.3113645580866,22.5332729842867],[88.311399896606,22.5333741712757],[88.3113206451179,22.5333987289123],[88.3113206288153,22.5333987242914]]]},"properties": {
    "floor": "ground","fill-opacity":0,"stroke-opacity":1,"stroke":"#ff0000","ID":"20-192","REMARKS":"POLYGON ID-20","AREA":100.808}},
{"type":"Feature","geometry":{"type":"Polygon","coordinates":[[[88.3114208225598,22.5336929270904],[88.311391480621,22.5336067693596],[88.3113881316475,22.5335969356471],[88.3113881582122,22.5335969426498],[88.3114699778138,22.5335748386729],[88.3115040792397,22.5336724829304],[88.3114208225598,22.5336929270904]]]},"properties": {
    "floor": "ground","fill-opacity":0,"stroke-opacity":1,"stroke":"#ff0000","ID":"20-189","REMARKS":"POLYGON ID-20","AREA":99.099}},
{"type":"Feature","geometry":{"type":"Polygon","coordinates":[[[88.3113881316475,22.5335969356471],[88.3113621387214,22.5335206116208],[88.3113546050689,22.53349849025],[88.3113546260725,22.533498494707],[88.3114348895932,22.5334743687143],[88.3114348895933,22.5334743687143],[88.3114699778138,22.5335748386729],[88.3113881582122,22.5335969426498],[88.3113881316475,22.5335969356471]]]},"properties": {
    "floor": "ground","fill-opacity":0,"stroke-opacity":1,"stroke":"#ff0000","ID":"20-190","REMARKS":"POLYGON ID-20","AREA":100.845}},
{"type":"Feature","geometry":{"type":"Polygon","coordinates":[[[88.3114882592034,22.5338909431311],[88.3114795065545,22.533865242528],[88.3114544353423,22.5337916252941],[88.3115377657367,22.5337689389468],[88.3115714643657,22.5338654295478],[88.3114882889159,22.5338909182182],[88.3114882592034,22.5338909431311]]]},"properties": {
    "floor": "ground","fill-opacity":0,"stroke-opacity":1,"stroke":"#ff0000","ID":"20-187","REMARKS":"POLYGON ID-20","AREA":102.094}},
{"type":"Feature","geometry":{"type":"Polygon","coordinates":[[[88.3114544353423,22.5337916252941],[88.3114501645376,22.5337790848132],[88.3114208225598,22.5336929270904],[88.3115040792397,22.5336724829304],[88.3115377657367,22.5337689389468],[88.3114544353423,22.5337916252941]]]},"properties": {
    "floor": "ground","fill-opacity":0,"stroke-opacity":1,"stroke":"#ff0000","ID":"20-188","REMARKS":"POLYGON ID-20","AREA":100.818}},
{"type":"Feature","geometry":{"type":"Polygon","coordinates":[[[88.311552697116,22.5340801533112],[88.3115381907055,22.5340375579337],[88.311520477399,22.5339855460617],[88.3115205250216,22.5339855604878],[88.3116053037777,22.5339623231028],[88.3116382409413,22.5340566330697],[88.3115527331545,22.5340801204839],[88.311552697116,22.5340801533112]]]},"properties": {
    "floor": "ground","fill-opacity":0,"stroke-opacity":1,"stroke":"#ff0000","ID":"20-185","REMARKS":"POLYGON ID-20","AREA":100.277}},
{"type":"Feature","geometry":{"type":"Polygon","coordinates":[[[88.311520477399,22.5339855460617],[88.3115088486104,22.5339514002348],[88.3114882592034,22.5338909431311],[88.3114882889159,22.5338909182182],[88.3115714643657,22.5338654295478],[88.3116053037777,22.5339623231028],[88.3115205250216,22.5339855604878],[88.311520477399,22.5339855460617]]]},"properties": {
    "floor": "ground","fill-opacity":0,"stroke-opacity":1,"stroke":"#ff0000","ID":"20-186","REMARKS":"POLYGON ID-20","AREA":100.793}},
{"type":"Feature","geometry":{"type":"Polygon","coordinates":[[[88.3115848828841,22.5341746607288],[88.3115675323118,22.5341237140749],[88.311552697116,22.5340801533112],[88.3115527331545,22.5340801204839],[88.3116382409413,22.5340566330697],[88.3116705737351,22.5341492123836],[88.311584932379,22.5341746541781],[88.3115848828841,22.5341746607288]]]},"properties": {
    "floor": "ground","fill-opacity":0,"stroke-opacity":1,"stroke":"#ff0000","ID":"20-184","REMARKS":"POLYGON ID-20","AREA":100.213}},
{"type":"Feature","geometry":{"type":"Polygon","coordinates":[[[88.3116163390508,22.534267025667],[88.3115968750128,22.5342098733074],[88.3115848828841,22.5341746607288],[88.311584932379,22.5341746541781],[88.3116705737351,22.5341492123836],[88.3117034770254,22.5342434250691],[88.3116163870748,22.5342670018679],[88.3116163390508,22.534267025667]]]},"properties": {
    "floor": "ground","fill-opacity":0,"stroke-opacity":1,"stroke":"#ff0000","ID":"20-183","REMARKS":"POLYGON ID-20","AREA":100.78}},
{"type":"Feature","geometry":{"type":"Polygon","coordinates":[[[88.3116477886173,22.5343593710839],[88.311626217225,22.5342960309823],[88.3116163390508,22.534267025667],[88.3116163870748,22.5342670018679],[88.3117034770254,22.5342434250691],[88.3117356027317,22.5343354111401],[88.3116478418155,22.5343593495486],[88.3116477886173,22.5343593710839]]]},"properties": {
    "floor": "ground","fill-opacity":0,"stroke-opacity":1,"stroke":"#ff0000","ID":"20-182","REMARKS":"POLYGON ID-20","AREA":100.421}},
{"type":"Feature","geometry":{"type":"Polygon","coordinates":[[[88.3116789628523,22.5344509079055],[88.3116555594764,22.5343821886492],[88.3116477886173,22.5343593710839],[88.3116478418155,22.5343593495486],[88.3117356027317,22.5343354111401],[88.3117672950302,22.5344261560901],[88.3116790193063,22.5344508831148],[88.3116789628523,22.5344509079055]]]},"properties": {
    "floor": "ground","fill-opacity":0,"stroke-opacity":1,"stroke":"#ff0000","ID":"20-181","REMARKS":"POLYGON ID-20","AREA":100.127}},
{"type":"Feature","geometry":{"type":"Polygon","coordinates":[[[88.3117098749333,22.5345416748282],[88.3116849017668,22.5344683463082],[88.3116789628523,22.5344509079055],[88.3116790193063,22.5344508831148],[88.3117672950302,22.5344261560901],[88.3117992295928,22.53451759458],[88.3117099384563,22.534541658085],[88.3117098749333,22.5345416748282]]]},"properties": {
    "floor": "ground","fill-opacity":0,"stroke-opacity":1,"stroke":"#ff0000","ID":"20-180","REMARKS":"POLYGON ID-20","AREA":100.912}},
{"type":"Feature","geometry":{"type":"Polygon","coordinates":[[[88.3117410971343,22.5346333522155],[88.3117142440963,22.5345545039591],[88.3117098749333,22.5345416748282],[88.3117099384563,22.534541658085],[88.3117992295928,22.53451759458],[88.3118300325398,22.5346057927752],[88.3117411640189,22.534633332508],[88.3117410971343,22.5346333522155]]]},"properties": {
    "floor": "ground","fill-opacity":0,"stroke-opacity":1,"stroke":"#ff0000","ID":"20-179","REMARKS":"POLYGON ID-20","AREA":100.419}},
{"type":"Feature","geometry":{"type":"Polygon","coordinates":[[[88.311771191677,22.5347217183417],[88.3117435864648,22.5346406616021],[88.3117410971343,22.5346333522155],[88.3117411640189,22.534633332508],[88.3118300325398,22.5346057927752],[88.311861822339,22.5346968164927],[88.311861822339,22.5346968164928],[88.3117712695927,22.5347217186497],[88.311771191677,22.5347217183417]]]},"properties": {
    "floor": "ground","fill-opacity":0,"stroke-opacity":1,"stroke":"#ff0000","ID":"20-178","REMARKS":"POLYGON ID-20","AREA":100.959}},
{"type":"Feature","geometry":{"type":"Polygon","coordinates":[[[88.311802238656,22.5348128809558],[88.3117729288725,22.5347268192371],[88.311771191677,22.5347217183417],[88.3117712695927,22.5347217186497],[88.311861822339,22.5346968164928],[88.311861822339,22.5346968164927],[88.3118929905607,22.5347860603149],[88.3118023467673,22.5348129571526],[88.311802238656,22.5348128809558]]]},"properties": {
    "floor": "ground","fill-opacity":0,"stroke-opacity":1,"stroke":"#ff0000","ID":"20-177","REMARKS":"POLYGON ID-20","AREA":102.364}},
{"type":"Feature","geometry":{"type":"Polygon","coordinates":[[[88.3118315936461,22.5348990752912],[88.3118022713172,22.5348129768581],[88.311802238656,22.5348128809558],[88.3118023467673,22.5348129571526],[88.3118929905607,22.5347860603149],[88.3119234480807,22.5348732690608],[88.3118316930276,22.5348991137919],[88.3118315936461,22.5348990752912]]]},"properties": {
    "floor": "ground","fill-opacity":0,"stroke-opacity":1,"stroke":"#ff0000","ID":"20-176","REMARKS":"POLYGON ID-20","AREA":99.086}},
{"type":"Feature","geometry":{"type":"Polygon","coordinates":[[[88.3118902988937,22.5350714496969],[88.3118609563299,22.5349852920941],[88.3119537376434,22.5349599967712],[88.3119842246742,22.5350472897638],[88.3118902988937,22.5350714496969]]]},"properties": {
    "floor": "ground","fill-opacity":0,"stroke-opacity":1,"stroke":"#ff0000","ID":"20-174","REMARKS":"POLYGON ID-20","AREA":100.619}},
{"type":"Feature","geometry":{"type":"Polygon","coordinates":[[[88.3118609563299,22.5349852920941],[88.3118316138051,22.5348991344834],[88.3118315936461,22.5348990752912],[88.3118316930276,22.5348991137919],[88.3119234480807,22.5348732690608],[88.3119537376434,22.5349599967712],[88.3118609563299,22.5349852920941]]]},"properties": {
    "floor": "ground","fill-opacity":0,"stroke-opacity":1,"stroke":"#ff0000","ID":"20-175","REMARKS":"POLYGON ID-20","AREA":99.55}},
{"type":"Feature","geometry":{"type":"Polygon","coordinates":[[[88.3119196072058,22.5351575066048],[88.3118902988937,22.5350714496969],[88.3119842246742,22.5350472897638],[88.3120144840508,22.5351339307935],[88.311919732037,22.5351575836448],[88.3119196072058,22.5351575066048]]]},"properties": {
    "floor": "ground","fill-opacity":0,"stroke-opacity":1,"stroke":"#ff0000","ID":"20-173","REMARKS":"POLYGON ID-20","AREA":100.979}},
{"type":"Feature","geometry":{"type":"Polygon","coordinates":[[[88.311948984139,22.5352437648793],[88.3119196414969,22.5351576072922],[88.3119196072058,22.5351575066048],[88.311919732037,22.5351575836448],[88.3120144840508,22.5351339307935],[88.3120439953858,22.5352184298519],[88.311948984139,22.5352437648793]]]},"properties": {
    "floor": "ground","fill-opacity":0,"stroke-opacity":1,"stroke":"#ff0000","ID":"20-172","REMARKS":"POLYGON ID-20","AREA":100.452}},
{"type":"Feature","geometry":{"type":"Polygon","coordinates":[[[88.3120439953858,22.5352184298519],[88.3120741898317,22.535304884722],[88.3119783268202,22.5353299224584],[88.311948984139,22.5352437648793],[88.3120439953858,22.5352184298519]]]},"properties": {
    "floor": "ground","fill-opacity":0,"stroke-opacity":1,"stroke":"#ff0000","ID":"20-171","REMARKS":"POLYGON ID-20","AREA":102.336}},
{"type":"Feature","geometry":{"type":"Polygon","coordinates":[[[88.3109051474045,22.533077040951],[88.3108115016773,22.53310149916],[88.3107821564834,22.5330153422732],[88.3108602500589,22.5329949459543],[88.3108758021594,22.5329908840836],[88.3109051474045,22.533077040951]]]},"properties": {
    "floor": "ground","fill-opacity":0,"stroke-opacity":1,"stroke":"#ff0000","ID":"20-86","REMARKS":"POLYGON ID-20","AREA":100.052}},
{"type":"Feature","geometry":{"type":"Polygon","coordinates":[[[88.3109344926887,22.5331631978104],[88.3109344926886,22.5331631978104],[88.3108408469103,22.5331876560387],[88.3108115016773,22.53310149916],[88.3109051474045,22.533077040951],[88.3109344926887,22.5331631978104]]]},"properties": {
    "floor": "ground","fill-opacity":0,"stroke-opacity":1,"stroke":"#ff0000","ID":"20-85","REMARKS":"POLYGON ID-20","AREA":100.052}},
{"type":"Feature","geometry":{"type":"Polygon","coordinates":[[[88.3107178559143,22.5331259573159],[88.3106243529846,22.5331503781049],[88.3105962821854,22.5330638883645],[88.3106885107716,22.5330398004099],[88.3107178559143,22.5331259573159]]]},"properties": {
    "floor": "ground","fill-opacity":0,"stroke-opacity":1,"stroke":"#ff0000","ID":"20-28","REMARKS":"POLYGON ID-20","AREA":99.219}},
{"type":"Feature","geometry":{"type":"Polygon","coordinates":[[[88.3107472010962,22.533212114214],[88.3106524238215,22.5332368678379],[88.3106243529846,22.5331503781049],[88.3107178559143,22.5331259573159],[88.3107472010962,22.533212114214]]]},"properties": {
    "floor": "ground","fill-opacity":0,"stroke-opacity":1,"stroke":"#ff0000","ID":"20-27","REMARKS":"POLYGON ID-20","AREA":100.581}},
{"type":"Feature","geometry":{"type":"Polygon","coordinates":[[[88.3108115016773,22.53310149916],[88.3107178559143,22.5331259573159],[88.3106885107716,22.5330398004099],[88.3107118538647,22.533033703729],[88.3107821564834,22.5330153422732],[88.3108115016773,22.53310149916]]]},"properties": {
    "floor": "ground","fill-opacity":0,"stroke-opacity":1,"stroke":"#ff0000","ID":"20-57","REMARKS":"POLYGON ID-20","AREA":100.052}},
{"type":"Feature","geometry":{"type":"Polygon","coordinates":[[[88.3108408469103,22.5331876560387],[88.3107472010962,22.533212114214],[88.3107178559143,22.5331259573159],[88.3108115016773,22.53310149916],[88.3108408469103,22.5331876560387]]]},"properties": {
    "floor": "ground","fill-opacity":0,"stroke-opacity":1,"stroke":"#ff0000","ID":"20-56","REMARKS":"POLYGON ID-20","AREA":100.052}},
{"type":"Feature","geometry":{"type":"Polygon","coordinates":[[[88.3109694477996,22.5329664258409],[88.3110630934041,22.5329419675452],[88.3110924387516,22.5330281243739],[88.3109987930959,22.533052582689],[88.3109694477996,22.5329664258409]]]},"properties": {
    "floor": "ground","fill-opacity":0,"stroke-opacity":1,"stroke":"#ff0000","ID":"20-143","REMARKS":"POLYGON ID-20","AREA":100.052}},
{"type":"Feature","geometry":{"type":"Polygon","coordinates":[[[88.3109987930959,22.533052582689],[88.3110924387516,22.5330281243739],[88.3111217841381,22.5331142811947],[88.3110281384313,22.533138739529],[88.3109987930959,22.533052582689]]]},"properties": {
    "floor": "ground","fill-opacity":0,"stroke-opacity":1,"stroke":"#ff0000","ID":"20-142","REMARKS":"POLYGON ID-20","AREA":100.052}},
{"type":"Feature","geometry":{"type":"Polygon","coordinates":[[[88.3109344926887,22.5331631978104],[88.3110281384313,22.533138739529],[88.3110574838057,22.5332248963611],[88.3109638380119,22.5332493546618],[88.3109344926887,22.5331631978104]]]},"properties": {
    "floor": "ground","fill-opacity":0,"stroke-opacity":1,"stroke":"#ff0000","ID":"20-112","REMARKS":"POLYGON ID-20","AREA":100.052}},
{"type":"Feature","geometry":{"type":"Polygon","coordinates":[[[88.3109987930959,22.533052582689],[88.3109051474045,22.533077040951],[88.3108758021594,22.5329908840836],[88.3109694477996,22.5329664258409],[88.3109987930959,22.533052582689]]]},"properties": {
    "floor": "ground","fill-opacity":0,"stroke-opacity":1,"stroke":"#ff0000","ID":"20-114","REMARKS":"POLYGON ID-20","AREA":100.052}},
{"type":"Feature","geometry":{"type":"Polygon","coordinates":[[[88.3110281384313,22.533138739529],[88.3109344926887,22.5331631978104],[88.3109051474045,22.533077040951],[88.3109987930959,22.533052582689],[88.3110281384313,22.533138739529]]]},"properties": {
    "floor": "ground","fill-opacity":0,"stroke-opacity":1,"stroke":"#ff0000","ID":"20-113","REMARKS":"POLYGON ID-20","AREA":100.052}},
{"type":"Feature","geometry":{"type":"Polygon","coordinates":[[[88.3107118538647,22.533033703729],[88.3106885107716,22.5330398004099],[88.3105962821854,22.5330638883645],[88.3105713684931,22.5329871259728],[88.3106917473278,22.5329702070896],[88.3107118538647,22.533033703729]]]},"properties": {
    "floor": "ground","fill-opacity":0,"stroke-opacity":1,"stroke":"#ff0000","ID":"20-29","REMARKS":"POLYGON ID-20","AREA":100.255}},
{"type":"Feature","geometry":{"type":"Polygon","coordinates":[[[88.310844490894,22.5329487393062],[88.3109065704138,22.5329400141187],[88.3109686499245,22.5329312889076],[88.3110269143289,22.5329230998831],[88.3110269745238,22.5329230914227],[88.3110872045887,22.532914822962],[88.3110966234658,22.5329506667133],[88.311067915232,22.5329561242577],[88.3110630934041,22.5329419675452],[88.3109694477996,22.5329664258409],[88.3108758021594,22.5329908840836],[88.3108602500589,22.5329949459543],[88.310844490894,22.5329487393062]]]},"properties": {
    "floor": "ground","fill-opacity":0,"stroke-opacity":1,"stroke":"#ff0000","ID":"20-115","REMARKS":"POLYGON ID-20","AREA":100.023}},
{"type":"Feature","geometry":{"type":"Polygon","coordinates":[[[88.3111277905932,22.5329447417177],[88.3111493030685,22.5330912952337],[88.3112925322723,22.533066747751],[88.3112934723674,22.5330694395951],[88.3112154298092,22.5330898228073],[88.3111217841381,22.5331142811947],[88.3110924387516,22.5330281243739],[88.311067915232,22.5329561242577],[88.3110966234658,22.5329506667133],[88.3111277905932,22.5329447417177]]]},"properties": {
    "floor": "ground","fill-opacity":0,"stroke-opacity":1,"stroke":"#ff0000","ID":"20-170","REMARKS":"POLYGON ID-20","AREA":100.961}},
{"type":"Feature","geometry":{"type":"Polygon","coordinates":[[[88.3108602500589,22.5329949459543],[88.3107118538647,22.533033703729],[88.3106917473278,22.5329702070896],[88.3107824113651,22.5329574644701],[88.310844490894,22.5329487393062],[88.3108602500589,22.5329949459543]]]},"properties": {
    "floor": "ground","fill-opacity":0,"stroke-opacity":1,"stroke":"#ff0000","ID":"20-58","REMARKS":"POLYGON ID-20","AREA":100.201}},
{"type":"Feature","geometry":{"type":"Polygon","coordinates":[[[88.3110536972995,22.5327289535424],[88.3110955197075,22.5327248959395],[88.3111277905932,22.5329447417177],[88.3110966234658,22.5329506667133],[88.3110872045887,22.532914822962],[88.3110578517884,22.5327700669701],[88.3110536972995,22.5327289535424]]]},"properties": {
    "floor": "ground","fill-opacity":0,"stroke-opacity":1,"stroke":"#ff0000","ID":"20-200","REMARKS":"POLYGON ID-20","AREA":100.469}},
{"type":"Feature","geometry":{"type":"Polygon","coordinates":[[[88.3106408437515,22.5328370544908],[88.3105927162132,22.532844457644],[88.3105768084089,22.5326613566019],[88.310625220213,22.5326563049277],[88.310625220213,22.5326563049278],[88.3106408437515,22.5328370544908]]]},"properties": {
    "floor": "ground","fill-opacity":0,"stroke-opacity":1,"stroke":"#ff0000","ID":"20-202","REMARKS":"POLYGON ID-20","AREA":101.12}},
{"type":"Feature","geometry":{"type":"Polygon","coordinates":[[[88.3105927162132,22.532844457644],[88.310544588669,22.532851860783],[88.3105284759129,22.5326663999855],[88.3105768084089,22.5326613566019],[88.3105927162132,22.532844457644]]]},"properties": {
    "floor": "ground","fill-opacity":0,"stroke-opacity":1,"stroke":"#ff0000","ID":"20-201","REMARKS":"POLYGON ID-20","AREA":102.348}},
{"type":"Feature","geometry":{"type":"Polygon","coordinates":[[[88.3107380807866,22.53282209709],[88.3106890364779,22.5328296412951],[88.3106890364779,22.532829641295],[88.310674728267,22.5326511388468],[88.3107246572799,22.5326459288238],[88.3107380807866,22.53282209709]]]},"properties": {
    "floor": "ground","fill-opacity":0,"stroke-opacity":1,"stroke":"#ff0000","ID":"20-204","REMARKS":"POLYGON ID-20","AREA":100.943}},
{"type":"Feature","geometry":{"type":"Polygon","coordinates":[[[88.3106890364779,22.5328296412951],[88.3106408437515,22.5328370544908],[88.310625220213,22.5326563049278],[88.310625220213,22.5326563049277],[88.310674728267,22.5326511388468],[88.3106890364779,22.532829641295],[88.3106890364779,22.5328296412951]]]},"properties": {
    "floor": "ground","fill-opacity":0,"stroke-opacity":1,"stroke":"#ff0000","ID":"20-203","REMARKS":"POLYGON ID-20","AREA":100.998}},
{"type":"Feature","geometry":{"type":"Polygon","coordinates":[[[88.3109854276128,22.5326256558829],[88.3110432115718,22.5326251851138],[88.3110536972995,22.5327289535424],[88.3110578517884,22.5327700669701],[88.3109986556427,22.5327797237043],[88.3109854276128,22.5326256558829]]]},"properties": {
    "floor": "ground","fill-opacity":0,"stroke-opacity":1,"stroke":"#ff0000","ID":"20-210","REMARKS":"POLYGON ID-20","AREA":100.365}},
{"type":"Feature","geometry":{"type":"Polygon","coordinates":[[[88.310844490894,22.5329487393062],[88.3107824113651,22.5329574644701],[88.3107525047841,22.5328198783261],[88.3107871040658,22.5328142341647],[88.3108142899753,22.5328097993371],[88.310844490894,22.5329487393062]]]},"properties": {
    "floor": "ground","fill-opacity":0,"stroke-opacity":1,"stroke":"#ff0000","ID":"20-195","REMARKS":"POLYGON ID-20","AREA":100.731}},
{"type":"Feature","geometry":{"type":"Polygon","coordinates":[[[88.3109986556427,22.5327797237043],[88.3110578517884,22.5327700669701],[88.3110872045887,22.532914822962],[88.3110269747493,22.5329230915883],[88.3110269745238,22.5329230914227],[88.3109986678181,22.5327797853434],[88.3109986556427,22.5327797237043]]]},"properties": {
    "floor": "ground","fill-opacity":0,"stroke-opacity":1,"stroke":"#ff0000","ID":"20-199","REMARKS":"POLYGON ID-20","AREA":100.905}},
{"type":"Feature","geometry":{"type":"Polygon","coordinates":[[[88.3108364239286,22.5328061886296],[88.3108142899753,22.5328097993371],[88.3107871040658,22.5328142341647],[88.3107756504951,22.5326406077364],[88.3108275856423,22.5326351883425],[88.3108364239286,22.5328061886296]]]},"properties": {
    "floor": "ground","fill-opacity":0,"stroke-opacity":1,"stroke":"#ff0000","ID":"20-206","REMARKS":"POLYGON ID-20","AREA":100.123}},
{"type":"Feature","geometry":{"type":"Polygon","coordinates":[[[88.3109986678181,22.5327797853434],[88.3110269745238,22.5329230914227],[88.3110269747493,22.5329230915883],[88.3110269143289,22.5329230998831],[88.3109686499245,22.5329312889076],[88.3109367078928,22.5327898292862],[88.31094156285,22.5327890372944],[88.3109985302699,22.5327797441565],[88.3109986678181,22.5327797853434]]]},"properties": {
    "floor": "ground","fill-opacity":0,"stroke-opacity":1,"stroke":"#ff0000","ID":"20-198","REMARKS":"POLYGON ID-20","AREA":100.667}},
{"type":"Feature","geometry":{"type":"Polygon","coordinates":[[[88.3108760289249,22.5327997278664],[88.3108875667318,22.532797845702],[88.3109367078928,22.5327898292862],[88.3109686499245,22.5329312889076],[88.3109065704138,22.5329400141187],[88.3108760289249,22.5327997278664]]]},"properties": {
    "floor": "ground","fill-opacity":0,"stroke-opacity":1,"stroke":"#ff0000","ID":"20-197","REMARKS":"POLYGON ID-20","AREA":101.779}},
{"type":"Feature","geometry":{"type":"Polygon","coordinates":[[[88.3109065704138,22.5329400141187],[88.310844490894,22.5329487393062],[88.3108142899753,22.5328097993371],[88.3108364239286,22.5328061886296],[88.3108760289249,22.5327997278664],[88.3109065704138,22.5329400141187]]]},"properties": {
    "floor": "ground","fill-opacity":0,"stroke-opacity":1,"stroke":"#ff0000","ID":"20-196","REMARKS":"POLYGON ID-20","AREA":101.679}},
{"type":"Feature","geometry":{"type":"Polygon","coordinates":[[[88.3107871040658,22.5328142341647],[88.3107525047841,22.5328198783261],[88.3107380807866,22.53282209709],[88.3107246572799,22.5326459288238],[88.3107756504951,22.5326406077364],[88.3107871040658,22.5328142341647]]]},"properties": {
    "floor": "ground","fill-opacity":0,"stroke-opacity":1,"stroke":"#ff0000","ID":"20-205","REMARKS":"POLYGON ID-20","AREA":100.561}},
{"type":"Feature","geometry":{"type":"Polygon","coordinates":[[[88.31094156285,22.5327890372944],[88.3109367078928,22.5327898292862],[88.3108875667318,22.532797845702],[88.3108798123069,22.5326297385117],[88.310913306176,22.5326262434313],[88.3109317369022,22.5326260932856],[88.31094156285,22.5327890372944]]]},"properties": {
    "floor": "ground","fill-opacity":0,"stroke-opacity":1,"stroke":"#ff0000","ID":"20-208","REMARKS":"POLYGON ID-20","AREA":100.79}},
{"type":"Feature","geometry":{"type":"Polygon","coordinates":[[[88.3108875667318,22.532797845702],[88.3108760289249,22.5327997278664],[88.3108364239286,22.5328061886296],[88.3108275856423,22.5326351883425],[88.3108798123069,22.5326297385117],[88.3108875667318,22.532797845702]]]},"properties": {
    "floor": "ground","fill-opacity":0,"stroke-opacity":1,"stroke":"#ff0000","ID":"20-207","REMARKS":"POLYGON ID-20","AREA":100.447}},
{"type":"Feature","geometry":{"type":"Polygon","coordinates":[[[88.3109317369022,22.5326260932856],[88.3109811984363,22.5326256903375],[88.3109854276128,22.5326256558829],[88.3109986556427,22.5327797237043],[88.3109986678181,22.5327797853434],[88.3109985302699,22.5327797441565],[88.31094156285,22.5327890372944],[88.3109317369022,22.5326260932856]]]},"properties": {
    "floor": "ground","fill-opacity":0,"stroke-opacity":1,"stroke":"#ff0000","ID":"20-209","REMARKS":"POLYGON ID-20","AREA":100.624}},
{"type":"Feature","geometry":{"type":"Polygon","coordinates":[[[88.3109834129682,22.5325754457511],[88.3109811984363,22.5326256903375],[88.3109317369022,22.5326260932856],[88.310913306176,22.5326262434313],[88.3109154897822,22.5324987854712],[88.3109867787915,22.5324990799706],[88.3109834129682,22.5325754457511]]]},"properties": {
    "floor": "ground","fill-opacity":0,"stroke-opacity":1,"stroke":"#ff0000","ID":"20-212","REMARKS":"POLYGON ID-20","AREA":100.667}},
{"type":"Feature","geometry":{"type":"Polygon","coordinates":[[[88.3109154897822,22.5324987854712],[88.3109177272118,22.5323681859607],[88.3109573432895,22.5323792129805],[88.3109914072099,22.5323862584479],[88.3109890777749,22.532443040358],[88.3109867787915,22.5324990799706],[88.3109154897822,22.5324987854712]]]},"properties": {
    "floor": "ground","fill-opacity":0,"stroke-opacity":1,"stroke":"#ff0000","ID":"20-213","REMARKS":"POLYGON ID-20","AREA":100.274}},
{"type":"Feature","geometry":{"type":"Polygon","coordinates":[[[88.3110737207208,22.5325763896169],[88.3110955197075,22.5327248959395],[88.3110536972995,22.5327289535424],[88.3110432115718,22.5326251851138],[88.3109854276128,22.5326256558829],[88.3109811984363,22.5326256903375],[88.3109834129682,22.5325754457511],[88.3110737207208,22.5325763896169]]]},"properties": {
    "floor": "ground","fill-opacity":0,"stroke-opacity":1,"stroke":"#ff0000","ID":"20-211","REMARKS":"POLYGON ID-20","AREA":99.797}},
{"type":"Feature","geometry":{"type":"Polygon","coordinates":[[[88.3109890777749,22.532443040358],[88.3109914072099,22.5323862584479],[88.3110835717138,22.5324053208645],[88.3111431548244,22.5324181852343],[88.3110608695642,22.5324888405046],[88.3109890777749,22.532443040358]]]},"properties": {
    "floor": "ground","fill-opacity":0,"stroke-opacity":1,"stroke":"#ff0000","ID":"20-215","REMARKS":"POLYGON ID-20","AREA":100.11}},
{"type":"Feature","geometry":{"type":"Polygon","coordinates":[[[88.3110608695642,22.5324888405046],[88.3110737207208,22.5325763896169],[88.3109834129682,22.5325754457511],[88.3109867787915,22.5324990799706],[88.3109890777749,22.532443040358],[88.3110608695642,22.5324888405046]]]},"properties": {
    "floor": "ground","fill-opacity":0,"stroke-opacity":1,"stroke":"#ff0000","ID":"20-214","REMARKS":"POLYGON ID-20","AREA":100.476}},
{"type":"Feature","geometry":{"type":"Polygon","coordinates":[[[88.3117718720847,22.5295842676939],[88.3117837949162,22.5295191445685],[88.3119134668501,22.5295473539502],[88.3118990765307,22.5296119402827],[88.3117718720847,22.5295842676939]]]},"properties": {
    "floor": "ground","fill-opacity":0,"stroke-opacity":1,"stroke":"#ff0000","ID":"20-463","REMARKS":"POLYGON ID-20","AREA":99.047}},
{"type":"Feature","geometry":{"type":"Polygon","coordinates":[[[88.3107869233409,22.532270692749],[88.310692079828,22.5322500599054],[88.3107084133904,22.5321608502347],[88.3108032568435,22.5321814830716],[88.3107869233409,22.532270692749]]]},"properties": {
    "floor": "ground","fill-opacity":0,"stroke-opacity":1,"stroke":"#ff0000","ID":"20-252","REMARKS":"POLYGON ID-20","AREA":100.19}},
{"type":"Feature","geometry":{"type":"Polygon","coordinates":[[[88.3108032568435,22.5321814830716],[88.3107084133904,22.5321608502347],[88.3107247469349,22.5320716405623],[88.3108195903282,22.5320922733927],[88.3108032568435,22.5321814830716]]]},"properties": {
    "floor": "ground","fill-opacity":0,"stroke-opacity":1,"stroke":"#ff0000","ID":"20-253","REMARKS":"POLYGON ID-20","AREA":100.19}},
{"type":"Feature","geometry":{"type":"Polygon","coordinates":[[[88.3108195903282,22.5320922733927],[88.3107247469349,22.5320716405623],[88.3107410804614,22.5319824308884],[88.310835923795,22.5320030637121],[88.3108195903282,22.5320922733927]]]},"properties": {
    "floor": "ground","fill-opacity":0,"stroke-opacity":1,"stroke":"#ff0000","ID":"20-254","REMARKS":"POLYGON ID-20","AREA":100.19}},
{"type":"Feature","geometry":{"type":"Polygon","coordinates":[[[88.310966590884,22.531289386209],[88.3108717480286,22.5312687534382],[88.3108880813939,22.5311795437497],[88.3109829241895,22.5312001765138],[88.310966590884,22.531289386209]]]},"properties": {
    "floor": "ground","fill-opacity":0,"stroke-opacity":1,"stroke":"#ff0000","ID":"20-263","REMARKS":"POLYGON ID-20","AREA":100.19}},
{"type":"Feature","geometry":{"type":"Polygon","coordinates":[[[88.3108522572438,22.5319138540299],[88.31075741397,22.5318932212128],[88.3107737474607,22.5318040115356],[88.3108685906748,22.531824644346],[88.3108522572438,22.5319138540299]]]},"properties": {
    "floor": "ground","fill-opacity":0,"stroke-opacity":1,"stroke":"#ff0000","ID":"20-256","REMARKS":"POLYGON ID-20","AREA":100.19}},
{"type":"Feature","geometry":{"type":"Polygon","coordinates":[[[88.3108685906748,22.531824644346],[88.3107737474607,22.5318040115356],[88.3107900809335,22.5317148018567],[88.3108849240878,22.5317354346606],[88.3108685906748,22.531824644346]]]},"properties": {
    "floor": "ground","fill-opacity":0,"stroke-opacity":1,"stroke":"#ff0000","ID":"20-257","REMARKS":"POLYGON ID-20","AREA":100.19}},
{"type":"Feature","geometry":{"type":"Polygon","coordinates":[[[88.3108849240878,22.5317354346606],[88.3107900809335,22.5317148018567],[88.3108064143884,22.5316255921763],[88.3109012574829,22.5316462249735],[88.3108849240878,22.5317354346606]]]},"properties": {
    "floor": "ground","fill-opacity":0,"stroke-opacity":1,"stroke":"#ff0000","ID":"20-258","REMARKS":"POLYGON ID-20","AREA":100.19}},
{"type":"Feature","geometry":{"type":"Polygon","coordinates":[[[88.3109012574829,22.5316462249735],[88.3108064143884,22.5316255921763],[88.3108227478253,22.5315363824942],[88.31091759086,22.5315570152848],[88.3109012574829,22.5316462249735]]]},"properties": {
    "floor": "ground","fill-opacity":0,"stroke-opacity":1,"stroke":"#ff0000","ID":"20-259","REMARKS":"POLYGON ID-20","AREA":100.19}},
{"type":"Feature","geometry":{"type":"Polygon","coordinates":[[[88.31091759086,22.5315570152848],[88.3108227478253,22.5315363824942],[88.3108390812443,22.5314471728105],[88.3109339242193,22.5314678055945],[88.31091759086,22.5315570152848]]]},"properties": {
    "floor": "ground","fill-opacity":0,"stroke-opacity":1,"stroke":"#ff0000","ID":"20-260","REMARKS":"POLYGON ID-20","AREA":100.19}},
{"type":"Feature","geometry":{"type":"Polygon","coordinates":[[[88.3109339242193,22.5314678055945],[88.3108390812443,22.5314471728105],[88.3108554146455,22.5313579631252],[88.3109502575606,22.5313785959025],[88.3109339242193,22.5314678055945]]]},"properties": {
    "floor": "ground","fill-opacity":0,"stroke-opacity":1,"stroke":"#ff0000","ID":"20-261","REMARKS":"POLYGON ID-20","AREA":100.19}},
{"type":"Feature","geometry":{"type":"Polygon","coordinates":[[[88.3109502575606,22.5313785959025],[88.3108554146455,22.5313579631252],[88.3108717480286,22.5312687534382],[88.310966590884,22.531289386209],[88.3109502575606,22.5313785959025]]]},"properties": {
    "floor": "ground","fill-opacity":0,"stroke-opacity":1,"stroke":"#ff0000","ID":"20-262","REMARKS":"POLYGON ID-20","AREA":100.19}},
{"type":"Feature","geometry":{"type":"Polygon","coordinates":[[[88.3112932535891,22.5295051919971],[88.3111984119291,22.5294845593588],[88.311214744936,22.5293953496378],[88.3113095865362,22.5294159822695],[88.3112932535891,22.5295051919971]]]},"properties": {
    "floor": "ground","fill-opacity":0,"stroke-opacity":1,"stroke":"#ff0000","ID":"20-283","REMARKS":"POLYGON ID-20","AREA":100.19}},
{"type":"Feature","geometry":{"type":"Polygon","coordinates":[[[88.3109829241895,22.5312001765138],[88.3108880813939,22.5311795437497],[88.3109044147412,22.5310903340595],[88.3109992574771,22.531110966817],[88.3109829241895,22.5312001765138]]]},"properties": {
    "floor": "ground","fill-opacity":0,"stroke-opacity":1,"stroke":"#ff0000","ID":"20-264","REMARKS":"POLYGON ID-20","AREA":100.19}},
{"type":"Feature","geometry":{"type":"Polygon","coordinates":[[[88.3109992574771,22.531110966817],[88.3109044147412,22.5310903340595],[88.3109207480706,22.5310011243677],[88.3110155907467,22.5310217571185],[88.3109992574771,22.531110966817]]]},"properties": {
    "floor": "ground","fill-opacity":0,"stroke-opacity":1,"stroke":"#ff0000","ID":"20-265","REMARKS":"POLYGON ID-20","AREA":100.19}},
{"type":"Feature","geometry":{"type":"Polygon","coordinates":[[[88.3110155907467,22.5310217571185],[88.3109207480706,22.5310011243677],[88.3109370813821,22.5309119146742],[88.3110319239984,22.5309325474185],[88.3110155907467,22.5310217571185]]]},"properties": {
    "floor": "ground","fill-opacity":0,"stroke-opacity":1,"stroke":"#ff0000","ID":"20-266","REMARKS":"POLYGON ID-20","AREA":100.19}},
{"type":"Feature","geometry":{"type":"Polygon","coordinates":[[[88.3110319239984,22.5309325474185],[88.3109370813821,22.5309119146742],[88.3109534146757,22.5308227049792],[88.3110482572322,22.5308433377168],[88.3110319239984,22.5309325474185]]]},"properties": {
    "floor": "ground","fill-opacity":0,"stroke-opacity":1,"stroke":"#ff0000","ID":"20-267","REMARKS":"POLYGON ID-20","AREA":100.19}},
{"type":"Feature","geometry":{"type":"Polygon","coordinates":[[[88.3110482572322,22.5308433377168],[88.3109534146757,22.5308227049792],[88.3109697479514,22.5307334952825],[88.3110645904481,22.5307541280135],[88.3110482572322,22.5308433377168]]]},"properties": {
    "floor": "ground","fill-opacity":0,"stroke-opacity":1,"stroke":"#ff0000","ID":"20-268","REMARKS":"POLYGON ID-20","AREA":100.19}},
{"type":"Feature","geometry":{"type":"Polygon","coordinates":[[[88.3110645904481,22.5307541280135],[88.3109697479514,22.5307334952825],[88.3109860812091,22.5306442855842],[88.3110809236461,22.5306649183086],[88.3110645904481,22.5307541280135]]]},"properties": {
    "floor": "ground","fill-opacity":0,"stroke-opacity":1,"stroke":"#ff0000","ID":"20-269","REMARKS":"POLYGON ID-20","AREA":100.19}},
{"type":"Feature","geometry":{"type":"Polygon","coordinates":[[[88.3110809236461,22.5306649183086],[88.3109860812091,22.5306442855842],[88.3110024144489,22.5305550758843],[88.3110972568261,22.5305757086021],[88.3110809236461,22.5306649183086]]]},"properties": {
    "floor": "ground","fill-opacity":0,"stroke-opacity":1,"stroke":"#ff0000","ID":"20-270","REMARKS":"POLYGON ID-20","AREA":100.19}},
{"type":"Feature","geometry":{"type":"Polygon","coordinates":[[[88.3110972568261,22.5305757086021],[88.3110024144489,22.5305550758843],[88.3110187476708,22.5304658661828],[88.3111135899883,22.5304864988939],[88.3110972568261,22.5305757086021]]]},"properties": {
    "floor": "ground","fill-opacity":0,"stroke-opacity":1,"stroke":"#ff0000","ID":"20-271","REMARKS":"POLYGON ID-20","AREA":100.19}},
{"type":"Feature","geometry":{"type":"Polygon","coordinates":[[[88.3111135899883,22.5304864988939],[88.3110187476708,22.5304658661828],[88.3110350808748,22.5303766564796],[88.3111299231325,22.5303972891841],[88.3111135899883,22.5304864988939]]]},"properties": {
    "floor": "ground","fill-opacity":0,"stroke-opacity":1,"stroke":"#ff0000","ID":"20-272","REMARKS":"POLYGON ID-20","AREA":100.19}},
{"type":"Feature","geometry":{"type":"Polygon","coordinates":[[[88.3111299231325,22.5303972891841],[88.3110350808748,22.5303766564796],[88.3110514140609,22.5302874467748],[88.3111462562588,22.5303080794727],[88.3111299231325,22.5303972891841]]]},"properties": {
    "floor": "ground","fill-opacity":0,"stroke-opacity":1,"stroke":"#ff0000","ID":"20-273","REMARKS":"POLYGON ID-20","AREA":100.19}},
{"type":"Feature","geometry":{"type":"Polygon","coordinates":[[[88.3111462562588,22.5303080794727],[88.3110514140609,22.5302874467748],[88.311067747229,22.5301982370684],[88.3111625893671,22.5302188697597],[88.3111462562588,22.5303080794727]]]},"properties": {
    "floor": "ground","fill-opacity":0,"stroke-opacity":1,"stroke":"#ff0000","ID":"20-274","REMARKS":"POLYGON ID-20","AREA":100.19}},
{"type":"Feature","geometry":{"type":"Polygon","coordinates":[[[88.3111625893671,22.5302188697597],[88.311067747229,22.5301982370684],[88.3110840803793,22.5301090273604],[88.3111789224576,22.530129660045],[88.3111625893671,22.5302188697597]]]},"properties": {
    "floor": "ground","fill-opacity":0,"stroke-opacity":1,"stroke":"#ff0000","ID":"20-275","REMARKS":"POLYGON ID-20","AREA":100.19}},
{"type":"Feature","geometry":{"type":"Polygon","coordinates":[[[88.3111789224576,22.530129660045],[88.3110840803793,22.5301090273604],[88.3111004135116,22.5300198176507],[88.3111952555301,22.5300404503288],[88.3111789224576,22.530129660045]]]},"properties": {
    "floor": "ground","fill-opacity":0,"stroke-opacity":1,"stroke":"#ff0000","ID":"20-276","REMARKS":"POLYGON ID-20","AREA":100.19}},
{"type":"Feature","geometry":{"type":"Polygon","coordinates":[[[88.3108258016606,22.5323322866834],[88.3107802807798,22.532314509589],[88.3105932789265,22.5322510412743],[88.3105972363403,22.5322294270045],[88.310692079828,22.5322500599054],[88.3107869233409,22.532270692749],[88.3108353800947,22.5322812343063],[88.3108258016606,22.5323322866834]]]},"properties": {
    "floor": "ground","fill-opacity":0,"stroke-opacity":1,"stroke":"#ff0000","ID":"20-216","REMARKS":"POLYGON ID-20","AREA":100.02}},
{"type":"Feature","geometry":{"type":"Polygon","coordinates":[[[88.3109573432895,22.5323792129805],[88.3109177272118,22.5323681859607],[88.3108258016606,22.5323322866834],[88.3108353800947,22.5322812343063],[88.3108371353376,22.5322816161515],[88.310881766879,22.5322913255353],[88.3109766104425,22.5323119582642],[88.3109573432895,22.5323792129805]]]},"properties": {
    "floor": "ground","fill-opacity":0,"stroke-opacity":1,"stroke":"#ff0000","ID":"20-217","REMARKS":"POLYGON ID-20","AREA":100.577}},
{"type":"Feature","geometry":{"type":"Polygon","coordinates":[[[88.3110835717138,22.5324053208645],[88.3109914072099,22.5323862584479],[88.3109573432895,22.5323792129805],[88.3109766104425,22.5323119582642],[88.3110714540312,22.5323325909359],[88.3111013106501,22.5323390860569],[88.3110835717138,22.5324053208645]]]},"properties": {
    "floor": "ground","fill-opacity":0,"stroke-opacity":1,"stroke":"#ff0000","ID":"20-218","REMARKS":"POLYGON ID-20","AREA":100.971}},
{"type":"Feature","geometry":{"type":"Polygon","coordinates":[[[88.3112605876411,22.5296836114475],[88.3111657458616,22.5296629787959],[88.3111820789043,22.5295737690782],[88.311276920624,22.5295944017231],[88.3112605876411,22.5296836114475]]]},"properties": {
    "floor": "ground","fill-opacity":0,"stroke-opacity":1,"stroke":"#ff0000","ID":"20-281","REMARKS":"POLYGON ID-20","AREA":100.19}},
{"type":"Feature","geometry":{"type":"Polygon","coordinates":[[[88.311276920624,22.5295944017231],[88.3111820789043,22.5295737690782],[88.3111984119291,22.5294845593588],[88.3112932535891,22.5295051919971],[88.311276920624,22.5295944017231]]]},"properties": {
    "floor": "ground","fill-opacity":0,"stroke-opacity":1,"stroke":"#ff0000","ID":"20-282","REMARKS":"POLYGON ID-20","AREA":100.19}},
{"type":"Feature","geometry":{"type":"Polygon","coordinates":[[[88.3112279216215,22.5298620308914],[88.3111330797224,22.5298413982266],[88.311149412801,22.5297521885121],[88.3112442546402,22.5297728211702],[88.3112279216215,22.5298620308914]]]},"properties": {
    "floor": "ground","fill-opacity":0,"stroke-opacity":1,"stroke":"#ff0000","ID":"20-279","REMARKS":"POLYGON ID-20","AREA":100.19}},
{"type":"Feature","geometry":{"type":"Polygon","coordinates":[[[88.3112442546402,22.5297728211702],[88.311149412801,22.5297521885121],[88.3111657458616,22.5296629787959],[88.3112605876411,22.5296836114475],[88.3112442546402,22.5297728211702]]]},"properties": {
    "floor": "ground","fill-opacity":0,"stroke-opacity":1,"stroke":"#ff0000","ID":"20-280","REMARKS":"POLYGON ID-20","AREA":100.19}},
{"type":"Feature","geometry":{"type":"Polygon","coordinates":[[[88.3111952555301,22.5300404503288],[88.3111004135116,22.5300198176507],[88.311116746626,22.5299306079395],[88.3112115885848,22.5299512406109],[88.3111952555301,22.5300404503288]]]},"properties": {
    "floor": "ground","fill-opacity":0,"stroke-opacity":1,"stroke":"#ff0000","ID":"20-277","REMARKS":"POLYGON ID-20","AREA":100.19}},
{"type":"Feature","geometry":{"type":"Polygon","coordinates":[[[88.3112115885848,22.5299512406109],[88.311116746626,22.5299306079395],[88.3111330797224,22.5298413982266],[88.3112279216215,22.5298620308914],[88.3112115885848,22.5299512406109]]]},"properties": {
    "floor": "ground","fill-opacity":0,"stroke-opacity":1,"stroke":"#ff0000","ID":"20-278","REMARKS":"POLYGON ID-20","AREA":100.19}},
{"type":"Feature","geometry":{"type":"Polygon","coordinates":[[[88.3107410804614,22.5319824308884],[88.3106462371531,22.5319617980073],[88.3106625707215,22.5318725883384],[88.31075741397,22.5318932212128],[88.3107410804614,22.5319824308884]]]},"properties": {
    "floor": "ground","fill-opacity":0,"stroke-opacity":1,"stroke":"#ff0000","ID":"20-223","REMARKS":"POLYGON ID-20","AREA":100.19}},
{"type":"Feature","geometry":{"type":"Polygon","coordinates":[[[88.310692079828,22.5322500599054],[88.3105972363403,22.5322294270045],[88.3106135699625,22.5321402173404],[88.3107084133904,22.5321608502347],[88.310692079828,22.5322500599054]]]},"properties": {
    "floor": "ground","fill-opacity":0,"stroke-opacity":1,"stroke":"#ff0000","ID":"20-220","REMARKS":"POLYGON ID-20","AREA":100.19}},
{"type":"Feature","geometry":{"type":"Polygon","coordinates":[[[88.3107084133904,22.5321608502347],[88.3106135699625,22.5321402173404],[88.3106299035668,22.5320510076747],[88.3107247469349,22.5320716405623],[88.3107084133904,22.5321608502347]]]},"properties": {
    "floor": "ground","fill-opacity":0,"stroke-opacity":1,"stroke":"#ff0000","ID":"20-221","REMARKS":"POLYGON ID-20","AREA":100.19}},
{"type":"Feature","geometry":{"type":"Polygon","coordinates":[[[88.3107247469349,22.5320716405623],[88.3106299035668,22.5320510076747],[88.3106462371531,22.5319617980073],[88.3107410804614,22.5319824308884],[88.3107247469349,22.5320716405623]]]},"properties": {
    "floor": "ground","fill-opacity":0,"stroke-opacity":1,"stroke":"#ff0000","ID":"20-222","REMARKS":"POLYGON ID-20","AREA":100.19}},
{"type":"Feature","geometry":{"type":"Polygon","coordinates":[[[88.3108717480286,22.5312687534382],[88.3107769051985,22.5312481206102],[88.3107932386236,22.5311589109282],[88.3108880813939,22.5311795437497],[88.3108717480286,22.5312687534382]]]},"properties": {
    "floor": "ground","fill-opacity":0,"stroke-opacity":1,"stroke":"#ff0000","ID":"20-231","REMARKS":"POLYGON ID-20","AREA":100.19}},
{"type":"Feature","geometry":{"type":"Polygon","coordinates":[[[88.31075741397,22.5318932212128],[88.3106625707215,22.5318725883384],[88.310678904272,22.5317833786678],[88.3107737474607,22.5318040115356],[88.31075741397,22.5318932212128]]]},"properties": {
    "floor": "ground","fill-opacity":0,"stroke-opacity":1,"stroke":"#ff0000","ID":"20-224","REMARKS":"POLYGON ID-20","AREA":100.19}},
{"type":"Feature","geometry":{"type":"Polygon","coordinates":[[[88.3107737474607,22.5318040115356],[88.310678904272,22.5317833786678],[88.3106952378046,22.5316941689956],[88.3107900809335,22.5317148018567],[88.3107737474607,22.5318040115356]]]},"properties": {
    "floor": "ground","fill-opacity":0,"stroke-opacity":1,"stroke":"#ff0000","ID":"20-225","REMARKS":"POLYGON ID-20","AREA":100.19}},
{"type":"Feature","geometry":{"type":"Polygon","coordinates":[[[88.3107900809335,22.5317148018567],[88.3106952378046,22.5316941689956],[88.3107115713192,22.5316049593217],[88.3108064143884,22.5316255921763],[88.3107900809335,22.5317148018567]]]},"properties": {
    "floor": "ground","fill-opacity":0,"stroke-opacity":1,"stroke":"#ff0000","ID":"20-226","REMARKS":"POLYGON ID-20","AREA":100.19}},
{"type":"Feature","geometry":{"type":"Polygon","coordinates":[[[88.3108064143884,22.5316255921763],[88.3107115713192,22.5316049593217],[88.3107279048159,22.5315157496463],[88.3108227478253,22.5315363824942],[88.3108064143884,22.5316255921763]]]},"properties": {
    "floor": "ground","fill-opacity":0,"stroke-opacity":1,"stroke":"#ff0000","ID":"20-227","REMARKS":"POLYGON ID-20","AREA":100.19}},
{"type":"Feature","geometry":{"type":"Polygon","coordinates":[[[88.3108227478253,22.5315363824942],[88.3107279048159,22.5315157496463],[88.3107442382947,22.5314265399692],[88.3108390812443,22.5314471728105],[88.3108227478253,22.5315363824942]]]},"properties": {
    "floor": "ground","fill-opacity":0,"stroke-opacity":1,"stroke":"#ff0000","ID":"20-228","REMARKS":"POLYGON ID-20","AREA":100.19}},
{"type":"Feature","geometry":{"type":"Polygon","coordinates":[[[88.3108390812443,22.5314471728105],[88.3107442382947,22.5314265399692],[88.3107605717556,22.5313373302905],[88.3108554146455,22.5313579631252],[88.3108390812443,22.5314471728105]]]},"properties": {
    "floor": "ground","fill-opacity":0,"stroke-opacity":1,"stroke":"#ff0000","ID":"20-229","REMARKS":"POLYGON ID-20","AREA":100.19}},
{"type":"Feature","geometry":{"type":"Polygon","coordinates":[[[88.3108554146455,22.5313579631252],[88.3107605717556,22.5313373302905],[88.3107769051985,22.5312481206102],[88.3108717480286,22.5312687534382],[88.3108554146455,22.5313579631252]]]},"properties": {
    "floor": "ground","fill-opacity":0,"stroke-opacity":1,"stroke":"#ff0000","ID":"20-230","REMARKS":"POLYGON ID-20","AREA":100.19}},
{"type":"Feature","geometry":{"type":"Polygon","coordinates":[[[88.3111984119291,22.5294845593588],[88.3111035702944,22.5294639266632],[88.3111199033611,22.5293747169489],[88.311214744936,22.5293953496378],[88.3111984119291,22.5294845593588]]]},"properties": {
    "floor": "ground","fill-opacity":0,"stroke-opacity":1,"stroke":"#ff0000","ID":"20-251","REMARKS":"POLYGON ID-20","AREA":100.19}},
{"type":"Feature","geometry":{"type":"Polygon","coordinates":[[[88.3108880813939,22.5311795437497],[88.3107932386236,22.5311589109282],[88.3108095720307,22.5310697012447],[88.3109044147412,22.5310903340595],[88.3108880813939,22.5311795437497]]]},"properties": {
    "floor": "ground","fill-opacity":0,"stroke-opacity":1,"stroke":"#ff0000","ID":"20-232","REMARKS":"POLYGON ID-20","AREA":100.19}},
{"type":"Feature","geometry":{"type":"Polygon","coordinates":[[[88.3109044147412,22.5310903340595],[88.3108095720307,22.5310697012447],[88.3108259054199,22.5309804915595],[88.3109207480706,22.5310011243677],[88.3109044147412,22.5310903340595]]]},"properties": {
    "floor": "ground","fill-opacity":0,"stroke-opacity":1,"stroke":"#ff0000","ID":"20-233","REMARKS":"POLYGON ID-20","AREA":100.19}},
{"type":"Feature","geometry":{"type":"Polygon","coordinates":[[[88.3109207480706,22.5310011243677],[88.3108259054199,22.5309804915595],[88.3108422387912,22.5308912818727],[88.3109370813821,22.5309119146742],[88.3109207480706,22.5310011243677]]]},"properties": {
    "floor": "ground","fill-opacity":0,"stroke-opacity":1,"stroke":"#ff0000","ID":"20-234","REMARKS":"POLYGON ID-20","AREA":100.19}},
{"type":"Feature","geometry":{"type":"Polygon","coordinates":[[[88.3109370813821,22.5309119146742],[88.3108422387912,22.5308912818727],[88.3108585721445,22.5308020721843],[88.3109534146757,22.5308227049792],[88.3109370813821,22.5309119146742]]]},"properties": {
    "floor": "ground","fill-opacity":0,"stroke-opacity":1,"stroke":"#ff0000","ID":"20-235","REMARKS":"POLYGON ID-20","AREA":100.19}},
{"type":"Feature","geometry":{"type":"Polygon","coordinates":[[[88.3109534146757,22.5308227049792],[88.3108585721445,22.5308020721843],[88.3108749054799,22.5307128624942],[88.3109697479514,22.5307334952825],[88.3109534146757,22.5308227049792]]]},"properties": {
    "floor": "ground","fill-opacity":0,"stroke-opacity":1,"stroke":"#ff0000","ID":"20-236","REMARKS":"POLYGON ID-20","AREA":100.19}},
{"type":"Feature","geometry":{"type":"Polygon","coordinates":[[[88.3109697479514,22.5307334952825],[88.3108749054799,22.5307128624942],[88.3108912387974,22.5306236528025],[88.3109860812091,22.5306442855842],[88.3109697479514,22.5307334952825]]]},"properties": {
    "floor": "ground","fill-opacity":0,"stroke-opacity":1,"stroke":"#ff0000","ID":"20-237","REMARKS":"POLYGON ID-20","AREA":100.19}},
{"type":"Feature","geometry":{"type":"Polygon","coordinates":[[[88.3109860812091,22.5306442855842],[88.3108912387974,22.5306236528025],[88.310907572097,22.5305344431092],[88.3110024144489,22.5305550758843],[88.3109860812091,22.5306442855842]]]},"properties": {
    "floor": "ground","fill-opacity":0,"stroke-opacity":1,"stroke":"#ff0000","ID":"20-238","REMARKS":"POLYGON ID-20","AREA":100.19}},
{"type":"Feature","geometry":{"type":"Polygon","coordinates":[[[88.3110024144489,22.5305550758843],[88.310907572097,22.5305344431092],[88.3109239053787,22.5304452334143],[88.3110187476708,22.5304658661828],[88.3110024144489,22.5305550758843]]]},"properties": {
    "floor": "ground","fill-opacity":0,"stroke-opacity":1,"stroke":"#ff0000","ID":"20-239","REMARKS":"POLYGON ID-20","AREA":100.19}},
{"type":"Feature","geometry":{"type":"Polygon","coordinates":[[[88.3110187476708,22.5304658661828],[88.3109239053787,22.5304452334143],[88.3109402386425,22.5303560237178],[88.3110350808748,22.5303766564796],[88.3110187476708,22.5304658661828]]]},"properties": {
    "floor": "ground","fill-opacity":0,"stroke-opacity":1,"stroke":"#ff0000","ID":"20-240","REMARKS":"POLYGON ID-20","AREA":100.19}},
{"type":"Feature","geometry":{"type":"Polygon","coordinates":[[[88.3110350808748,22.5303766564796],[88.3109402386425,22.5303560237178],[88.3109565718883,22.5302668140196],[88.3110514140609,22.5302874467748],[88.3110350808748,22.5303766564796]]]},"properties": {
    "floor": "ground","fill-opacity":0,"stroke-opacity":1,"stroke":"#ff0000","ID":"20-241","REMARKS":"POLYGON ID-20","AREA":100.19}},
{"type":"Feature","geometry":{"type":"Polygon","coordinates":[[[88.3110514140609,22.5302874467748],[88.3109565718883,22.5302668140196],[88.3109729051162,22.5301776043198],[88.311067747229,22.5301982370684],[88.3110514140609,22.5302874467748]]]},"properties": {
    "floor": "ground","fill-opacity":0,"stroke-opacity":1,"stroke":"#ff0000","ID":"20-242","REMARKS":"POLYGON ID-20","AREA":100.19}},
{"type":"Feature","geometry":{"type":"Polygon","coordinates":[[[88.311067747229,22.5301982370684],[88.3109729051162,22.5301776043198],[88.3109892383262,22.5300883946184],[88.3110840803793,22.5301090273604],[88.311067747229,22.5301982370684]]]},"properties": {
    "floor": "ground","fill-opacity":0,"stroke-opacity":1,"stroke":"#ff0000","ID":"20-243","REMARKS":"POLYGON ID-20","AREA":100.19}},
{"type":"Feature","geometry":{"type":"Polygon","coordinates":[[[88.3110840803793,22.5301090273604],[88.3109892383262,22.5300883946184],[88.3110055715183,22.5299991849154],[88.3111004135116,22.5300198176507],[88.3110840803793,22.5301090273604]]]},"properties": {
    "floor": "ground","fill-opacity":0,"stroke-opacity":1,"stroke":"#ff0000","ID":"20-244","REMARKS":"POLYGON ID-20","AREA":100.19}},
{"type":"Feature","geometry":{"type":"Polygon","coordinates":[[[88.3111657458616,22.5296629787959],[88.3110709041074,22.5296423460871],[88.3110872372099,22.529553136376],[88.3111820789043,22.5295737690782],[88.3111657458616,22.5296629787959]]]},"properties": {
    "floor": "ground","fill-opacity":0,"stroke-opacity":1,"stroke":"#ff0000","ID":"20-249","REMARKS":"POLYGON ID-20","AREA":100.19}},
{"type":"Feature","geometry":{"type":"Polygon","coordinates":[[[88.3111820789043,22.5295737690782],[88.3110872372099,22.529553136376],[88.3111035702944,22.5294639266632],[88.3111984119291,22.5294845593588],[88.3111820789043,22.5295737690782]]]},"properties": {
    "floor": "ground","fill-opacity":0,"stroke-opacity":1,"stroke":"#ff0000","ID":"20-250","REMARKS":"POLYGON ID-20","AREA":100.19}},
{"type":"Feature","geometry":{"type":"Polygon","coordinates":[[[88.3111330797224,22.5298413982266],[88.3110382378487,22.5298207655045],[88.311054570987,22.5297315557966],[88.311149412801,22.5297521885121],[88.3111330797224,22.5298413982266]]]},"properties": {
    "floor": "ground","fill-opacity":0,"stroke-opacity":1,"stroke":"#ff0000","ID":"20-247","REMARKS":"POLYGON ID-20","AREA":100.19}},
{"type":"Feature","geometry":{"type":"Polygon","coordinates":[[[88.311149412801,22.5297521885121],[88.311054570987,22.5297315557966],[88.3110709041074,22.5296423460871],[88.3111657458616,22.5296629787959],[88.311149412801,22.5297521885121]]]},"properties": {
    "floor": "ground","fill-opacity":0,"stroke-opacity":1,"stroke":"#ff0000","ID":"20-248","REMARKS":"POLYGON ID-20","AREA":100.19}},
{"type":"Feature","geometry":{"type":"Polygon","coordinates":[[[88.3111004135116,22.5300198176507],[88.3110055715183,22.5299991849154],[88.3110219046924,22.5299099752108],[88.311116746626,22.5299306079395],[88.3111004135116,22.5300198176507]]]},"properties": {
    "floor": "ground","fill-opacity":0,"stroke-opacity":1,"stroke":"#ff0000","ID":"20-245","REMARKS":"POLYGON ID-20","AREA":100.19}},
{"type":"Feature","geometry":{"type":"Polygon","coordinates":[[[88.311116746626,22.5299306079395],[88.3110219046924,22.5299099752108],[88.3110382378487,22.5298207655045],[88.3111330797224,22.5298413982266],[88.311116746626,22.5299306079395]]]},"properties": {
    "floor": "ground","fill-opacity":0,"stroke-opacity":1,"stroke":"#ff0000","ID":"20-246","REMARKS":"POLYGON ID-20","AREA":100.19}},
{"type":"Feature","geometry":{"type":"Polygon","coordinates":[[[88.3110256105379,22.5320443291876],[88.3109307671538,22.5320236964785],[88.3109471005429,22.5319344867897],[88.3110419438672,22.5319551194921],[88.3110256105379,22.5320443291876]]]},"properties": {
    "floor": "ground","fill-opacity":0,"stroke-opacity":1,"stroke":"#ff0000","ID":"20-319","REMARKS":"POLYGON ID-20","AREA":100.19}},
{"type":"Feature","geometry":{"type":"Polygon","coordinates":[[[88.3109766104425,22.5323119582642],[88.310881766879,22.5322913255353],[88.3108981003219,22.5322021158513],[88.3109929438256,22.5322227485737],[88.3109766104425,22.5323119582642]]]},"properties": {
    "floor": "ground","fill-opacity":0,"stroke-opacity":1,"stroke":"#ff0000","ID":"20-316","REMARKS":"POLYGON ID-20","AREA":100.19}},
{"type":"Feature","geometry":{"type":"Polygon","coordinates":[[[88.3109929438256,22.5322227485737],[88.3108981003219,22.5322021158513],[88.3109144337468,22.5321129061657],[88.3110092771907,22.5321335388814],[88.3109929438256,22.5322227485737]]]},"properties": {
    "floor": "ground","fill-opacity":0,"stroke-opacity":1,"stroke":"#ff0000","ID":"20-317","REMARKS":"POLYGON ID-20","AREA":100.19}},
{"type":"Feature","geometry":{"type":"Polygon","coordinates":[[[88.3110092771907,22.5321335388814],[88.3109144337468,22.5321129061657],[88.3109307671538,22.5320236964785],[88.3110256105379,22.5320443291876],[88.3110092771907,22.5321335388814]]]},"properties": {
    "floor": "ground","fill-opacity":0,"stroke-opacity":1,"stroke":"#ff0000","ID":"20-318","REMARKS":"POLYGON ID-20","AREA":100.19}},
{"type":"Feature","geometry":{"type":"Polygon","coordinates":[[[88.3111562766706,22.5313306515785],[88.3110614337646,22.5313100189224],[88.3110777670104,22.5312208092206],[88.3111726098565,22.5312414418701],[88.3111562766706,22.5313306515785]]]},"properties": {
    "floor": "ground","fill-opacity":0,"stroke-opacity":1,"stroke":"#ff0000","ID":"20-327","REMARKS":"POLYGON ID-20","AREA":100.19}},
{"type":"Feature","geometry":{"type":"Polygon","coordinates":[[[88.3110419438672,22.5319551194921],[88.3109471005429,22.5319344867897],[88.3109634339141,22.5318452770992],[88.3110582771786,22.5318659097951],[88.3110419438672,22.5319551194921]]]},"properties": {
    "floor": "ground","fill-opacity":0,"stroke-opacity":1,"stroke":"#ff0000","ID":"20-320","REMARKS":"POLYGON ID-20","AREA":100.19}},
{"type":"Feature","geometry":{"type":"Polygon","coordinates":[[[88.3110582771786,22.5318659097951],[88.3109634339141,22.5318452770992],[88.3109797672673,22.5317560674071],[88.3110746104721,22.5317767000964],[88.3110582771786,22.5318659097951]]]},"properties": {
    "floor": "ground","fill-opacity":0,"stroke-opacity":1,"stroke":"#ff0000","ID":"20-321","REMARKS":"POLYGON ID-20","AREA":100.19}},
{"type":"Feature","geometry":{"type":"Polygon","coordinates":[[[88.3110746104721,22.5317767000964],[88.3109797672673,22.5317560674071],[88.3109961006026,22.5316668577134],[88.3110909437476,22.5316874903961],[88.3110746104721,22.5317767000964]]]},"properties": {
    "floor": "ground","fill-opacity":0,"stroke-opacity":1,"stroke":"#ff0000","ID":"20-322","REMARKS":"POLYGON ID-20","AREA":100.19}},
{"type":"Feature","geometry":{"type":"Polygon","coordinates":[[[88.3110909437476,22.5316874903961],[88.3109961006026,22.5316668577134],[88.31101243392,22.5315776480181],[88.3111072770052,22.5315982806941],[88.3110909437476,22.5316874903961]]]},"properties": {
    "floor": "ground","fill-opacity":0,"stroke-opacity":1,"stroke":"#ff0000","ID":"20-323","REMARKS":"POLYGON ID-20","AREA":100.19}},
{"type":"Feature","geometry":{"type":"Polygon","coordinates":[[[88.3111072770052,22.5315982806941],[88.31101243392,22.5315776480181],[88.3110287672195,22.5314884383212],[88.3111236102449,22.5315090709905],[88.3111072770052,22.5315982806941]]]},"properties": {
    "floor": "ground","fill-opacity":0,"stroke-opacity":1,"stroke":"#ff0000","ID":"20-324","REMARKS":"POLYGON ID-20","AREA":100.19}},
{"type":"Feature","geometry":{"type":"Polygon","coordinates":[[[88.3111236102449,22.5315090709905],[88.3110287672195,22.5314884383212],[88.311045100501,22.5313992286226],[88.3111399434667,22.5314198612853],[88.3111236102449,22.5315090709905]]]},"properties": {
    "floor": "ground","fill-opacity":0,"stroke-opacity":1,"stroke":"#ff0000","ID":"20-325","REMARKS":"POLYGON ID-20","AREA":100.19}},
{"type":"Feature","geometry":{"type":"Polygon","coordinates":[[[88.3111399434667,22.5314198612853],[88.311045100501,22.5313992286226],[88.3110614337646,22.5313100189224],[88.3111562766706,22.5313306515785],[88.3111399434667,22.5314198612853]]]},"properties": {
    "floor": "ground","fill-opacity":0,"stroke-opacity":1,"stroke":"#ff0000","ID":"20-326","REMARKS":"POLYGON ID-20","AREA":100.19}},
{"type":"Feature","geometry":{"type":"Polygon","coordinates":[[[88.3114829369848,22.5295464571018],[88.3113880952743,22.5295258245781],[88.3114044281616,22.5294366148439],[88.3114992698124,22.529457247361],[88.3114829369848,22.5295464571018]]]},"properties": {
    "floor": "ground","fill-opacity":0,"stroke-opacity":1,"stroke":"#ff0000","ID":"20-347","REMARKS":"POLYGON ID-20","AREA":100.19}},
{"type":"Feature","geometry":{"type":"Polygon","coordinates":[[[88.3111726098565,22.5312414418701],[88.3110777670104,22.5312208092206],[88.3110941002382,22.5311315995172],[88.3111889430245,22.5311522321601],[88.3111726098565,22.5312414418701]]]},"properties": {
    "floor": "ground","fill-opacity":0,"stroke-opacity":1,"stroke":"#ff0000","ID":"20-328","REMARKS":"POLYGON ID-20","AREA":100.19}},
{"type":"Feature","geometry":{"type":"Polygon","coordinates":[[[88.3111889430245,22.5311522321601],[88.3110941002382,22.5311315995172],[88.311110433448,22.5310423898121],[88.3112052761746,22.5310630224484],[88.3111889430245,22.5311522321601]]]},"properties": {
    "floor": "ground","fill-opacity":0,"stroke-opacity":1,"stroke":"#ff0000","ID":"20-329","REMARKS":"POLYGON ID-20","AREA":100.19}},
{"type":"Feature","geometry":{"type":"Polygon","coordinates":[[[88.3112052761746,22.5310630224484],[88.311110433448,22.5310423898121],[88.31112676664,22.5309531801054],[88.3112216093068,22.5309738127351],[88.3112052761746,22.5310630224484]]]},"properties": {
    "floor": "ground","fill-opacity":0,"stroke-opacity":1,"stroke":"#ff0000","ID":"20-330","REMARKS":"POLYGON ID-20","AREA":100.19}},
{"type":"Feature","geometry":{"type":"Polygon","coordinates":[[[88.3112216093068,22.5309738127351],[88.31112676664,22.5309531801054],[88.311143099814,22.5308639703971],[88.3112379424211,22.5308846030202],[88.3112216093068,22.5309738127351]]]},"properties": {
    "floor": "ground","fill-opacity":0,"stroke-opacity":1,"stroke":"#ff0000","ID":"20-331","REMARKS":"POLYGON ID-20","AREA":100.19}},
{"type":"Feature","geometry":{"type":"Polygon","coordinates":[[[88.3112379424211,22.5308846030202],[88.311143099814,22.5308639703971],[88.3111594329701,22.5307747606872],[88.3112542755174,22.5307953933036],[88.3112379424211,22.5308846030202]]]},"properties": {
    "floor": "ground","fill-opacity":0,"stroke-opacity":1,"stroke":"#ff0000","ID":"20-332","REMARKS":"POLYGON ID-20","AREA":100.19}},
{"type":"Feature","geometry":{"type":"Polygon","coordinates":[[[88.3112542755174,22.5307953933036],[88.3111594329701,22.5307747606872],[88.3111757661083,22.5306855509757],[88.3112706085958,22.5307061835855],[88.3112542755174,22.5307953933036]]]},"properties": {
    "floor": "ground","fill-opacity":0,"stroke-opacity":1,"stroke":"#ff0000","ID":"20-333","REMARKS":"POLYGON ID-20","AREA":100.19}},
{"type":"Feature","geometry":{"type":"Polygon","coordinates":[[[88.3112706085958,22.5307061835855],[88.3111757661083,22.5306855509757],[88.3111920992286,22.5305963412625],[88.3112869416563,22.5306169738657],[88.3112706085958,22.5307061835855]]]},"properties": {
    "floor": "ground","fill-opacity":0,"stroke-opacity":1,"stroke":"#ff0000","ID":"20-334","REMARKS":"POLYGON ID-20","AREA":100.19}},
{"type":"Feature","geometry":{"type":"Polygon","coordinates":[[[88.3112869416563,22.5306169738657],[88.3111920992286,22.5305963412625],[88.311208432331,22.5305071315477],[88.3113032746989,22.5305277641443],[88.3112869416563,22.5306169738657]]]},"properties": {
    "floor": "ground","fill-opacity":0,"stroke-opacity":1,"stroke":"#ff0000","ID":"20-335","REMARKS":"POLYGON ID-20","AREA":100.19}},
{"type":"Feature","geometry":{"type":"Polygon","coordinates":[[[88.3113032746989,22.5305277641443],[88.311208432331,22.5305071315477],[88.3112247654154,22.5304179218313],[88.3113196077236,22.5304385544213],[88.3113032746989,22.5305277641443]]]},"properties": {
    "floor": "ground","fill-opacity":0,"stroke-opacity":1,"stroke":"#ff0000","ID":"20-336","REMARKS":"POLYGON ID-20","AREA":100.19}},
{"type":"Feature","geometry":{"type":"Polygon","coordinates":[[[88.3113196077236,22.5304385544213],[88.3112247654154,22.5304179218313],[88.3112410984819,22.5303287121133],[88.3113359407303,22.5303493446966],[88.3113196077236,22.5304385544213]]]},"properties": {
    "floor": "ground","fill-opacity":0,"stroke-opacity":1,"stroke":"#ff0000","ID":"20-337","REMARKS":"POLYGON ID-20","AREA":100.19}},
{"type":"Feature","geometry":{"type":"Polygon","coordinates":[[[88.3113359407303,22.5303493446966],[88.3112410984819,22.5303287121133],[88.3112574315305,22.5302395023937],[88.3113522737192,22.5302601349703],[88.3113359407303,22.5303493446966]]]},"properties": {
    "floor": "ground","fill-opacity":0,"stroke-opacity":1,"stroke":"#ff0000","ID":"20-338","REMARKS":"POLYGON ID-20","AREA":100.19}},
{"type":"Feature","geometry":{"type":"Polygon","coordinates":[[[88.3113522737192,22.5302601349703],[88.3112574315305,22.5302395023937],[88.3112737645612,22.5301502926724],[88.3113686066901,22.5301709252424],[88.3113522737192,22.5302601349703]]]},"properties": {
    "floor": "ground","fill-opacity":0,"stroke-opacity":1,"stroke":"#ff0000","ID":"20-339","REMARKS":"POLYGON ID-20","AREA":100.19}},
{"type":"Feature","geometry":{"type":"Polygon","coordinates":[[[88.3113686066901,22.5301709252424],[88.3112737645612,22.5301502926724],[88.311290097574,22.5300610829495],[88.3113849396431,22.5300817155129],[88.3113686066901,22.5301709252424]]]},"properties": {
    "floor": "ground","fill-opacity":0,"stroke-opacity":1,"stroke":"#ff0000","ID":"20-340","REMARKS":"POLYGON ID-20","AREA":100.19}},
{"type":"Feature","geometry":{"type":"Polygon","coordinates":[[[88.3114502712759,22.5297248765787],[88.3113554294459,22.5297042440417],[88.311371762369,22.5296150343107],[88.3114666041393,22.5296356668411],[88.3114502712759,22.5297248765787]]]},"properties": {
    "floor": "ground","fill-opacity":0,"stroke-opacity":1,"stroke":"#ff0000","ID":"20-345","REMARKS":"POLYGON ID-20","AREA":100.19}},
{"type":"Feature","geometry":{"type":"Polygon","coordinates":[[[88.3114666041393,22.5296356668411],[88.311371762369,22.5296150343107],[88.3113880952743,22.5295258245781],[88.3114829369848,22.5295464571018],[88.3114666041393,22.5296356668411]]]},"properties": {
    "floor": "ground","fill-opacity":0,"stroke-opacity":1,"stroke":"#ff0000","ID":"20-346","REMARKS":"POLYGON ID-20","AREA":100.19}},
{"type":"Feature","geometry":{"type":"Polygon","coordinates":[[[88.3114176054953,22.5299032960491],[88.3113227635457,22.5298826634989],[88.3113390965048,22.5297934537711],[88.3114339383946,22.5298140863147],[88.3114176054953,22.5299032960491]]]},"properties": {
    "floor": "ground","fill-opacity":0,"stroke-opacity":1,"stroke":"#ff0000","ID":"20-343","REMARKS":"POLYGON ID-20","AREA":100.19}},
{"type":"Feature","geometry":{"type":"Polygon","coordinates":[[[88.3114339383946,22.5298140863147],[88.3113390965048,22.5297934537711],[88.3113554294459,22.5297042440417],[88.3114502712759,22.5297248765787],[88.3114339383946,22.5298140863147]]]},"properties": {
    "floor": "ground","fill-opacity":0,"stroke-opacity":1,"stroke":"#ff0000","ID":"20-344","REMARKS":"POLYGON ID-20","AREA":100.19}},
{"type":"Feature","geometry":{"type":"Polygon","coordinates":[[[88.3113849396431,22.5300817155129],[88.311290097574,22.5300610829495],[88.3113064305688,22.529971873225],[88.3114012725782,22.5299925057818],[88.3113849396431,22.5300817155129]]]},"properties": {
    "floor": "ground","fill-opacity":0,"stroke-opacity":1,"stroke":"#ff0000","ID":"20-341","REMARKS":"POLYGON ID-20","AREA":100.19}},
{"type":"Feature","geometry":{"type":"Polygon","coordinates":[[[88.3114012725782,22.5299925057818],[88.3113064305688,22.529971873225],[88.3113227635457,22.5298826634989],[88.3114176054953,22.5299032960491],[88.3114012725782,22.5299925057818]]]},"properties": {
    "floor": "ground","fill-opacity":0,"stroke-opacity":1,"stroke":"#ff0000","ID":"20-342","REMARKS":"POLYGON ID-20","AREA":100.19}},
{"type":"Feature","geometry":{"type":"Polygon","coordinates":[[[88.3109307671538,22.5320236964785],[88.310835923795,22.5320030637121],[88.3108522572438,22.5319138540299],[88.3109471005429,22.5319344867897],[88.3109307671538,22.5320236964785]]]},"properties": {
    "floor": "ground","fill-opacity":0,"stroke-opacity":1,"stroke":"#ff0000","ID":"20-287","REMARKS":"POLYGON ID-20","AREA":100.19}},
{"type":"Feature","geometry":{"type":"Polygon","coordinates":[[[88.310881766879,22.5322913255353],[88.3108371353376,22.5322816161515],[88.3108353800947,22.5322812343063],[88.3107869233409,22.532270692749],[88.3108032568435,22.5321814830716],[88.3108981003219,22.5322021158513],[88.310881766879,22.5322913255353]]]},"properties": {
    "floor": "ground","fill-opacity":0,"stroke-opacity":1,"stroke":"#ff0000","ID":"20-284","REMARKS":"POLYGON ID-20","AREA":100.19}},
{"type":"Feature","geometry":{"type":"Polygon","coordinates":[[[88.3108981003219,22.5322021158513],[88.3108032568435,22.5321814830716],[88.3108195903282,22.5320922733927],[88.3109144337468,22.5321129061657],[88.3108981003219,22.5322021158513]]]},"properties": {
    "floor": "ground","fill-opacity":0,"stroke-opacity":1,"stroke":"#ff0000","ID":"20-285","REMARKS":"POLYGON ID-20","AREA":100.19}},
{"type":"Feature","geometry":{"type":"Polygon","coordinates":[[[88.3109144337468,22.5321129061657],[88.3108195903282,22.5320922733927],[88.310835923795,22.5320030637121],[88.3109307671538,22.5320236964785],[88.3109144337468,22.5321129061657]]]},"properties": {
    "floor": "ground","fill-opacity":0,"stroke-opacity":1,"stroke":"#ff0000","ID":"20-286","REMARKS":"POLYGON ID-20","AREA":100.19}},
{"type":"Feature","geometry":{"type":"Polygon","coordinates":[[[88.3110614337646,22.5313100189224],[88.310966590884,22.531289386209],[88.3109829241895,22.5312001765138],[88.3110777670104,22.5312208092206],[88.3110614337646,22.5313100189224]]]},"properties": {
    "floor": "ground","fill-opacity":0,"stroke-opacity":1,"stroke":"#ff0000","ID":"20-295","REMARKS":"POLYGON ID-20","AREA":100.19}},
{"type":"Feature","geometry":{"type":"Polygon","coordinates":[[[88.3109471005429,22.5319344867897],[88.3108522572438,22.5319138540299],[88.3108685906748,22.531824644346],[88.3109634339141,22.5318452770992],[88.3109471005429,22.5319344867897]]]},"properties": {
    "floor": "ground","fill-opacity":0,"stroke-opacity":1,"stroke":"#ff0000","ID":"20-288","REMARKS":"POLYGON ID-20","AREA":100.19}},
{"type":"Feature","geometry":{"type":"Polygon","coordinates":[[[88.3109634339141,22.5318452770992],[88.3108685906748,22.531824644346],[88.3108849240878,22.5317354346606],[88.3109797672673,22.5317560674071],[88.3109634339141,22.5318452770992]]]},"properties": {
    "floor": "ground","fill-opacity":0,"stroke-opacity":1,"stroke":"#ff0000","ID":"20-289","REMARKS":"POLYGON ID-20","AREA":100.19}},
{"type":"Feature","geometry":{"type":"Polygon","coordinates":[[[88.3109797672673,22.5317560674071],[88.3108849240878,22.5317354346606],[88.3109012574829,22.5316462249735],[88.3109961006026,22.5316668577134],[88.3109797672673,22.5317560674071]]]},"properties": {
    "floor": "ground","fill-opacity":0,"stroke-opacity":1,"stroke":"#ff0000","ID":"20-290","REMARKS":"POLYGON ID-20","AREA":100.19}},
{"type":"Feature","geometry":{"type":"Polygon","coordinates":[[[88.3109961006026,22.5316668577134],[88.3109012574829,22.5316462249735],[88.31091759086,22.5315570152848],[88.31101243392,22.5315776480181],[88.3109961006026,22.5316668577134]]]},"properties": {
    "floor": "ground","fill-opacity":0,"stroke-opacity":1,"stroke":"#ff0000","ID":"20-291","REMARKS":"POLYGON ID-20","AREA":100.19}},
{"type":"Feature","geometry":{"type":"Polygon","coordinates":[[[88.31101243392,22.5315776480181],[88.31091759086,22.5315570152848],[88.3109339242193,22.5314678055945],[88.3110287672195,22.5314884383212],[88.31101243392,22.5315776480181]]]},"properties": {
    "floor": "ground","fill-opacity":0,"stroke-opacity":1,"stroke":"#ff0000","ID":"20-292","REMARKS":"POLYGON ID-20","AREA":100.19}},
{"type":"Feature","geometry":{"type":"Polygon","coordinates":[[[88.3110287672195,22.5314884383212],[88.3109339242193,22.5314678055945],[88.3109502575606,22.5313785959025],[88.311045100501,22.5313992286226],[88.3110287672195,22.5314884383212]]]},"properties": {
    "floor": "ground","fill-opacity":0,"stroke-opacity":1,"stroke":"#ff0000","ID":"20-293","REMARKS":"POLYGON ID-20","AREA":100.19}},
{"type":"Feature","geometry":{"type":"Polygon","coordinates":[[[88.311045100501,22.5313992286226],[88.3109502575606,22.5313785959025],[88.310966590884,22.531289386209],[88.3110614337646,22.5313100189224],[88.311045100501,22.5313992286226]]]},"properties": {
    "floor": "ground","fill-opacity":0,"stroke-opacity":1,"stroke":"#ff0000","ID":"20-294","REMARKS":"POLYGON ID-20","AREA":100.19}},
{"type":"Feature","geometry":{"type":"Polygon","coordinates":[[[88.3113880952743,22.5295258245781],[88.3112932535891,22.5295051919971],[88.3113095865362,22.5294159822695],[88.3114044281616,22.5294366148439],[88.3113880952743,22.5295258245781]]]},"properties": {
    "floor": "ground","fill-opacity":0,"stroke-opacity":1,"stroke":"#ff0000","ID":"20-315","REMARKS":"POLYGON ID-20","AREA":100.19}},
{"type":"Feature","geometry":{"type":"Polygon","coordinates":[[[88.3110777670104,22.5312208092206],[88.3109829241895,22.5312001765138],[88.3109992574771,22.531110966817],[88.3110941002382,22.5311315995172],[88.3110777670104,22.5312208092206]]]},"properties": {
    "floor": "ground","fill-opacity":0,"stroke-opacity":1,"stroke":"#ff0000","ID":"20-296","REMARKS":"POLYGON ID-20","AREA":100.19}},
{"type":"Feature","geometry":{"type":"Polygon","coordinates":[[[88.3110941002382,22.5311315995172],[88.3109992574771,22.531110966817],[88.3110155907467,22.5310217571185],[88.311110433448,22.5310423898121],[88.3110941002382,22.5311315995172]]]},"properties": {
    "floor": "ground","fill-opacity":0,"stroke-opacity":1,"stroke":"#ff0000","ID":"20-297","REMARKS":"POLYGON ID-20","AREA":100.19}},
{"type":"Feature","geometry":{"type":"Polygon","coordinates":[[[88.311110433448,22.5310423898121],[88.3110155907467,22.5310217571185],[88.3110319239984,22.5309325474185],[88.31112676664,22.5309531801054],[88.311110433448,22.5310423898121]]]},"properties": {
    "floor": "ground","fill-opacity":0,"stroke-opacity":1,"stroke":"#ff0000","ID":"20-298","REMARKS":"POLYGON ID-20","AREA":100.19}},
{"type":"Feature","geometry":{"type":"Polygon","coordinates":[[[88.31112676664,22.5309531801054],[88.3110319239984,22.5309325474185],[88.3110482572322,22.5308433377168],[88.311143099814,22.5308639703971],[88.31112676664,22.5309531801054]]]},"properties": {
    "floor": "ground","fill-opacity":0,"stroke-opacity":1,"stroke":"#ff0000","ID":"20-299","REMARKS":"POLYGON ID-20","AREA":100.19}},
{"type":"Feature","geometry":{"type":"Polygon","coordinates":[[[88.311143099814,22.5308639703971],[88.3110482572322,22.5308433377168],[88.3110645904481,22.5307541280135],[88.3111594329701,22.5307747606872],[88.311143099814,22.5308639703971]]]},"properties": {
    "floor": "ground","fill-opacity":0,"stroke-opacity":1,"stroke":"#ff0000","ID":"20-300","REMARKS":"POLYGON ID-20","AREA":100.19}},
{"type":"Feature","geometry":{"type":"Polygon","coordinates":[[[88.3111594329701,22.5307747606872],[88.3110645904481,22.5307541280135],[88.3110809236461,22.5306649183086],[88.3111757661083,22.5306855509757],[88.3111594329701,22.5307747606872]]]},"properties": {
    "floor": "ground","fill-opacity":0,"stroke-opacity":1,"stroke":"#ff0000","ID":"20-301","REMARKS":"POLYGON ID-20","AREA":100.19}},
{"type":"Feature","geometry":{"type":"Polygon","coordinates":[[[88.3111757661083,22.5306855509757],[88.3110809236461,22.5306649183086],[88.3110972568261,22.5305757086021],[88.3111920992286,22.5305963412625],[88.3111757661083,22.5306855509757]]]},"properties": {
    "floor": "ground","fill-opacity":0,"stroke-opacity":1,"stroke":"#ff0000","ID":"20-302","REMARKS":"POLYGON ID-20","AREA":100.19}},
{"type":"Feature","geometry":{"type":"Polygon","coordinates":[[[88.3111920992286,22.5305963412625],[88.3110972568261,22.5305757086021],[88.3111135899883,22.5304864988939],[88.311208432331,22.5305071315477],[88.3111920992286,22.5305963412625]]]},"properties": {
    "floor": "ground","fill-opacity":0,"stroke-opacity":1,"stroke":"#ff0000","ID":"20-303","REMARKS":"POLYGON ID-20","AREA":100.19}},
{"type":"Feature","geometry":{"type":"Polygon","coordinates":[[[88.311208432331,22.5305071315477],[88.3111135899883,22.5304864988939],[88.3111299231325,22.5303972891841],[88.3112247654154,22.5304179218313],[88.311208432331,22.5305071315477]]]},"properties": {
    "floor": "ground","fill-opacity":0,"stroke-opacity":1,"stroke":"#ff0000","ID":"20-304","REMARKS":"POLYGON ID-20","AREA":100.19}},
{"type":"Feature","geometry":{"type":"Polygon","coordinates":[[[88.3112247654154,22.5304179218313],[88.3111299231325,22.5303972891841],[88.3111462562588,22.5303080794727],[88.3112410984819,22.5303287121133],[88.3112247654154,22.5304179218313]]]},"properties": {
    "floor": "ground","fill-opacity":0,"stroke-opacity":1,"stroke":"#ff0000","ID":"20-305","REMARKS":"POLYGON ID-20","AREA":100.19}},
{"type":"Feature","geometry":{"type":"Polygon","coordinates":[[[88.3112410984819,22.5303287121133],[88.3111462562588,22.5303080794727],[88.3111625893671,22.5302188697597],[88.3112574315305,22.5302395023937],[88.3112410984819,22.5303287121133]]]},"properties": {
    "floor": "ground","fill-opacity":0,"stroke-opacity":1,"stroke":"#ff0000","ID":"20-306","REMARKS":"POLYGON ID-20","AREA":100.19}},
{"type":"Feature","geometry":{"type":"Polygon","coordinates":[[[88.3112574315305,22.5302395023937],[88.3111625893671,22.5302188697597],[88.3111789224576,22.530129660045],[88.3112737645612,22.5301502926724],[88.3112574315305,22.5302395023937]]]},"properties": {
    "floor": "ground","fill-opacity":0,"stroke-opacity":1,"stroke":"#ff0000","ID":"20-307","REMARKS":"POLYGON ID-20","AREA":100.19}},
{"type":"Feature","geometry":{"type":"Polygon","coordinates":[[[88.3112737645612,22.5301502926724],[88.3111789224576,22.530129660045],[88.3111952555301,22.5300404503288],[88.311290097574,22.5300610829495],[88.3112737645612,22.5301502926724]]]},"properties": {
    "floor": "ground","fill-opacity":0,"stroke-opacity":1,"stroke":"#ff0000","ID":"20-308","REMARKS":"POLYGON ID-20","AREA":100.19}},
{"type":"Feature","geometry":{"type":"Polygon","coordinates":[[[88.3113554294459,22.5297042440417],[88.3112605876411,22.5296836114475],[88.311276920624,22.5295944017231],[88.311371762369,22.5296150343107],[88.3113554294459,22.5297042440417]]]},"properties": {
    "floor": "ground","fill-opacity":0,"stroke-opacity":1,"stroke":"#ff0000","ID":"20-313","REMARKS":"POLYGON ID-20","AREA":100.19}},
{"type":"Feature","geometry":{"type":"Polygon","coordinates":[[[88.311371762369,22.5296150343107],[88.311276920624,22.5295944017231],[88.3112932535891,22.5295051919971],[88.3113880952743,22.5295258245781],[88.311371762369,22.5296150343107]]]},"properties": {
    "floor": "ground","fill-opacity":0,"stroke-opacity":1,"stroke":"#ff0000","ID":"20-314","REMARKS":"POLYGON ID-20","AREA":100.19}},
{"type":"Feature","geometry":{"type":"Polygon","coordinates":[[[88.3113227635457,22.5298826634989],[88.3112279216215,22.5298620308914],[88.3112442546402,22.5297728211702],[88.3113390965048,22.5297934537711],[88.3113227635457,22.5298826634989]]]},"properties": {
    "floor": "ground","fill-opacity":0,"stroke-opacity":1,"stroke":"#ff0000","ID":"20-311","REMARKS":"POLYGON ID-20","AREA":100.19}},
{"type":"Feature","geometry":{"type":"Polygon","coordinates":[[[88.3113390965048,22.5297934537711],[88.3112442546402,22.5297728211702],[88.3112605876411,22.5296836114475],[88.3113554294459,22.5297042440417],[88.3113390965048,22.5297934537711]]]},"properties": {
    "floor": "ground","fill-opacity":0,"stroke-opacity":1,"stroke":"#ff0000","ID":"20-312","REMARKS":"POLYGON ID-20","AREA":100.19}},
{"type":"Feature","geometry":{"type":"Polygon","coordinates":[[[88.311290097574,22.5300610829495],[88.3111952555301,22.5300404503288],[88.3112115885848,22.5299512406109],[88.3113064305688,22.529971873225],[88.311290097574,22.5300610829495]]]},"properties": {
    "floor": "ground","fill-opacity":0,"stroke-opacity":1,"stroke":"#ff0000","ID":"20-309","REMARKS":"POLYGON ID-20","AREA":100.19}},
{"type":"Feature","geometry":{"type":"Polygon","coordinates":[[[88.3113064305688,22.529971873225],[88.3112115885848,22.5299512406109],[88.3112279216215,22.5298620308914],[88.3113227635457,22.5298826634989],[88.3113064305688,22.529971873225]]]},"properties": {
    "floor": "ground","fill-opacity":0,"stroke-opacity":1,"stroke":"#ff0000","ID":"20-310","REMARKS":"POLYGON ID-20","AREA":100.19}},
{"type":"Feature","geometry":{"type":"Polygon","coordinates":[[[88.3111367872169,22.5319757521373],[88.3112316305917,22.5319963847252],[88.311228533475,22.5320133007515],[88.311215297382,22.5320855944339],[88.3111204539473,22.5320649618394],[88.3111367872169,22.5319757521373]]]},"properties": {
    "floor": "ground","fill-opacity":0,"stroke-opacity":1,"stroke":"#ff0000","ID":"20-383","REMARKS":"POLYGON ID-20","AREA":100.19}},
{"type":"Feature","geometry":{"type":"Polygon","coordinates":[[[88.3110877873545,22.5322433812387],[88.3111826309087,22.5322640138464],[88.3111749379233,22.5323060317297],[88.3111662976452,22.5323532235503],[88.3111013106501,22.5323390860569],[88.3110714540312,22.5323325909359],[88.3110877873545,22.5322433812387]]]},"properties": {
    "floor": "ground","fill-opacity":0,"stroke-opacity":1,"stroke":"#ff0000","ID":"20-380","REMARKS":"POLYGON ID-20","AREA":100.19}},
{"type":"Feature","geometry":{"type":"Polygon","coordinates":[[[88.3111041206599,22.5321541715399],[88.3111989641543,22.532174804141],[88.311193524921,22.5322045124179],[88.3111826309087,22.5322640138464],[88.3110877873545,22.5322433812387],[88.3111041206599,22.5321541715399]]]},"properties": {
    "floor": "ground","fill-opacity":0,"stroke-opacity":1,"stroke":"#ff0000","ID":"20-381","REMARKS":"POLYGON ID-20","AREA":100.19}},
{"type":"Feature","geometry":{"type":"Polygon","coordinates":[[[88.3111204539473,22.5320649618394],[88.311215297382,22.5320855944339],[88.3112116516108,22.5321055071133],[88.3111989641543,22.532174804141],[88.3111041206599,22.5321541715399],[88.3111204539473,22.5320649618394]]]},"properties": {
    "floor": "ground","fill-opacity":0,"stroke-opacity":1,"stroke":"#ff0000","ID":"20-382","REMARKS":"POLYGON ID-20","AREA":100.19}},
{"type":"Feature","geometry":{"type":"Polygon","coordinates":[[[88.3112674527279,22.5312620744623],[88.3113622956246,22.5312827069972],[88.3113459625582,22.5313719167189],[88.3112511196018,22.5313512841774],[88.3112674527279,22.5312620744623]]]},"properties": {
    "floor": "ground","fill-opacity":0,"stroke-opacity":1,"stroke":"#ff0000","ID":"20-391","REMARKS":"POLYGON ID-20","AREA":100.19}},
{"type":"Feature","geometry":{"type":"Polygon","coordinates":[[[88.3111531204685,22.5318865424336],[88.3112479637836,22.5319071750149],[88.3112445634965,22.5319257469369],[88.3112316305917,22.5319963847252],[88.3111367872169,22.5319757521373],[88.3111531204685,22.5318865424336]]]},"properties": {
    "floor": "ground","fill-opacity":0,"stroke-opacity":1,"stroke":"#ff0000","ID":"20-384","REMARKS":"POLYGON ID-20","AREA":100.19}},
{"type":"Feature","geometry":{"type":"Polygon","coordinates":[[[88.3111694537021,22.5317973327283],[88.3112642969575,22.5318179653029],[88.3112596643074,22.531843268257],[88.3112479637836,22.5319071750149],[88.3111531204685,22.5318865424336],[88.3111694537021,22.5317973327283]]]},"properties": {
    "floor": "ground","fill-opacity":0,"stroke-opacity":1,"stroke":"#ff0000","ID":"20-385","REMARKS":"POLYGON ID-20","AREA":100.19}},
{"type":"Feature","geometry":{"type":"Polygon","coordinates":[[[88.3111857869179,22.5317081230214],[88.3112806301135,22.5317287555894],[88.3112744856481,22.5317623159242],[88.3112642969575,22.5318179653029],[88.3111694537021,22.5317973327283],[88.3111857869179,22.5317081230214]]]},"properties": {
    "floor": "ground","fill-opacity":0,"stroke-opacity":1,"stroke":"#ff0000","ID":"20-386","REMARKS":"POLYGON ID-20","AREA":100.19}},
{"type":"Feature","geometry":{"type":"Polygon","coordinates":[[[88.3112021201158,22.5316189133128],[88.3112969632516,22.5316395458742],[88.3112885693254,22.5316853925424],[88.3112806301135,22.5317287555894],[88.3111857869179,22.5317081230214],[88.3112021201158,22.5316189133128]]]},"properties": {
    "floor": "ground","fill-opacity":0,"stroke-opacity":1,"stroke":"#ff0000","ID":"20-387","REMARKS":"POLYGON ID-20","AREA":100.19}},
{"type":"Feature","geometry":{"type":"Polygon","coordinates":[[[88.3112184532957,22.5315297036026],[88.3113132963717,22.5315503361574],[88.3113020064709,22.5316120003721],[88.3112969632516,22.5316395458742],[88.3112021201158,22.5316189133128],[88.3112184532957,22.5315297036026]]]},"properties": {
    "floor": "ground","fill-opacity":0,"stroke-opacity":1,"stroke":"#ff0000","ID":"20-388","REMARKS":"POLYGON ID-20","AREA":100.19}},
{"type":"Feature","geometry":{"type":"Polygon","coordinates":[[[88.3112347864577,22.5314404938908],[88.3113296294739,22.5314611264389],[88.3113150044995,22.5315410065442],[88.3113132963717,22.5315503361574],[88.3112184532957,22.5315297036026],[88.3112347864577,22.5314404938908]]]},"properties": {
    "floor": "ground","fill-opacity":0,"stroke-opacity":1,"stroke":"#ff0000","ID":"20-389","REMARKS":"POLYGON ID-20","AREA":100.19}},
{"type":"Feature","geometry":{"type":"Polygon","coordinates":[[[88.3112511196018,22.5313512841774],[88.3113459625582,22.5313719167189],[88.3113296294739,22.5314611264389],[88.3112347864577,22.5314404938908],[88.3112511196018,22.5313512841774]]]},"properties": {
    "floor": "ground","fill-opacity":0,"stroke-opacity":1,"stroke":"#ff0000","ID":"20-390","REMARKS":"POLYGON ID-20","AREA":100.19}},
{"type":"Feature","geometry":{"type":"Polygon","coordinates":[[[88.3115941114884,22.5294778798208],[88.3116889531896,22.5294985122233],[88.3116726204816,22.5295877219774],[88.3115777787206,22.5295670895682],[88.3115941114884,22.5294778798208]]]},"properties": {
    "floor": "ground","fill-opacity":0,"stroke-opacity":1,"stroke":"#ff0000","ID":"20-411","REMARKS":"POLYGON ID-20","AREA":100.19}},
{"type":"Feature","geometry":{"type":"Polygon","coordinates":[[[88.3112837858362,22.5311728647456],[88.3113786286731,22.5311934972739],[88.3113622956246,22.5312827069972],[88.3112674527279,22.5312620744623],[88.3112837858362,22.5311728647456]]]},"properties": {
    "floor": "ground","fill-opacity":0,"stroke-opacity":1,"stroke":"#ff0000","ID":"20-392","REMARKS":"POLYGON ID-20","AREA":100.19}},
{"type":"Feature","geometry":{"type":"Polygon","coordinates":[[[88.3113327850534,22.5309052355859],[88.311427627711,22.5309258680943],[88.3114112947163,22.5310150778224],[88.3113164519989,22.5309944453074],[88.3113327850534,22.5309052355859]]]},"properties": {
    "floor": "ground","fill-opacity":0,"stroke-opacity":1,"stroke":"#ff0000","ID":"20-395","REMARKS":"POLYGON ID-20","AREA":100.19}},
{"type":"Feature","geometry":{"type":"Polygon","coordinates":[[[88.31134911809,22.5308160258627],[88.3114439606878,22.5308366583645],[88.311427627711,22.5309258680943],[88.3113327850534,22.5309052355859],[88.31134911809,22.5308160258627]]]},"properties": {
    "floor": "ground","fill-opacity":0,"stroke-opacity":1,"stroke":"#ff0000","ID":"20-396","REMARKS":"POLYGON ID-20","AREA":100.19}},
{"type":"Feature","geometry":{"type":"Polygon","coordinates":[[[88.3113654511086,22.5307268161379],[88.3114602936467,22.5307474486331],[88.3114439606878,22.5308366583645],[88.31134911809,22.5308160258627],[88.3113654511086,22.5307268161379]]]},"properties": {
    "floor": "ground","fill-opacity":0,"stroke-opacity":1,"stroke":"#ff0000","ID":"20-397","REMARKS":"POLYGON ID-20","AREA":100.19}},
{"type":"Feature","geometry":{"type":"Polygon","coordinates":[[[88.3113817841094,22.5306376064115],[88.3114766265876,22.5306582389001],[88.3114602936467,22.5307474486331],[88.3113654511086,22.5307268161379],[88.3113817841094,22.5306376064115]]]},"properties": {
    "floor": "ground","fill-opacity":0,"stroke-opacity":1,"stroke":"#ff0000","ID":"20-398","REMARKS":"POLYGON ID-20","AREA":100.19}},
{"type":"Feature","geometry":{"type":"Polygon","coordinates":[[[88.3113981170922,22.5305483966835],[88.3114929595107,22.5305690291654],[88.3114766265876,22.5306582389001],[88.3113817841094,22.5306376064115],[88.3113981170922,22.5305483966835]]]},"properties": {
    "floor": "ground","fill-opacity":0,"stroke-opacity":1,"stroke":"#ff0000","ID":"20-399","REMARKS":"POLYGON ID-20","AREA":100.19}},
{"type":"Feature","geometry":{"type":"Polygon","coordinates":[[[88.3114144500571,22.5304591869539],[88.3115092924158,22.5304798194292],[88.3114929595107,22.5305690291654],[88.3113981170922,22.5305483966835],[88.3114144500571,22.5304591869539]]]},"properties": {
    "floor": "ground","fill-opacity":0,"stroke-opacity":1,"stroke":"#ff0000","ID":"20-400","REMARKS":"POLYGON ID-20","AREA":100.19}},
{"type":"Feature","geometry":{"type":"Polygon","coordinates":[[[88.311430783004,22.5303699772226],[88.311525625303,22.5303906096913],[88.3115092924158,22.5304798194292],[88.3114144500571,22.5304591869539],[88.311430783004,22.5303699772226]]]},"properties": {
    "floor": "ground","fill-opacity":0,"stroke-opacity":1,"stroke":"#ff0000","ID":"20-401","REMARKS":"POLYGON ID-20","AREA":100.19}},
{"type":"Feature","geometry":{"type":"Polygon","coordinates":[[[88.3114471159331,22.5302807674897],[88.3115419581723,22.5303013999518],[88.311525625303,22.5303906096913],[88.311430783004,22.5303699772226],[88.3114471159331,22.5302807674897]]]},"properties": {
    "floor": "ground","fill-opacity":0,"stroke-opacity":1,"stroke":"#ff0000","ID":"20-402","REMARKS":"POLYGON ID-20","AREA":100.19}},
{"type":"Feature","geometry":{"type":"Polygon","coordinates":[[[88.3114634488442,22.5301915577552],[88.3115582910237,22.5302121902106],[88.3115419581723,22.5303013999518],[88.3114471159331,22.5302807674897],[88.3114634488442,22.5301915577552]]]},"properties": {
    "floor": "ground","fill-opacity":0,"stroke-opacity":1,"stroke":"#ff0000","ID":"20-403","REMARKS":"POLYGON ID-20","AREA":100.19}},
{"type":"Feature","geometry":{"type":"Polygon","coordinates":[[[88.3114797817375,22.5301023480191],[88.3115746238571,22.5301229804679],[88.3115582910237,22.5302121902106],[88.3114634488442,22.5301915577552],[88.3114797817375,22.5301023480191]]]},"properties": {
    "floor": "ground","fill-opacity":0,"stroke-opacity":1,"stroke":"#ff0000","ID":"20-404","REMARKS":"POLYGON ID-20","AREA":100.19}},
{"type":"Feature","geometry":{"type":"Polygon","coordinates":[[[88.3115614459348,22.5296562993141],[88.3116562877556,22.5296769317298],[88.3116399550118,22.5297661414807],[88.3115451131312,22.5297455090583],[88.3115614459348,22.5296562993141]]]},"properties": {
    "floor": "ground","fill-opacity":0,"stroke-opacity":1,"stroke":"#ff0000","ID":"20-409","REMARKS":"POLYGON ID-20","AREA":100.19}},
{"type":"Feature","geometry":{"type":"Polygon","coordinates":[[[88.3115777787206,22.5295670895682],[88.3116726204816,22.5295877219774],[88.3116562877556,22.5296769317298],[88.3115614459348,22.5296562993141],[88.3115777787206,22.5295670895682]]]},"properties": {
    "floor": "ground","fill-opacity":0,"stroke-opacity":1,"stroke":"#ff0000","ID":"20-410","REMARKS":"POLYGON ID-20","AREA":100.19}},
{"type":"Feature","geometry":{"type":"Polygon","coordinates":[[[88.3115287803096,22.5298347188009],[88.31162362225,22.5298553512299],[88.3116072894703,22.5299445609775],[88.3115124474702,22.5299239285419],[88.3115287803096,22.5298347188009]]]},"properties": {
    "floor": "ground","fill-opacity":0,"stroke-opacity":1,"stroke":"#ff0000","ID":"20-407","REMARKS":"POLYGON ID-20","AREA":100.19}},
{"type":"Feature","geometry":{"type":"Polygon","coordinates":[[[88.3115451131312,22.5297455090583],[88.3116399550118,22.5297661414807],[88.31162362225,22.5298553512299],[88.3115287803096,22.5298347188009],[88.3115451131312,22.5297455090583]]]},"properties": {
    "floor": "ground","fill-opacity":0,"stroke-opacity":1,"stroke":"#ff0000","ID":"20-408","REMARKS":"POLYGON ID-20","AREA":100.19}},
{"type":"Feature","geometry":{"type":"Polygon","coordinates":[[[88.3114961146128,22.5300131382813],[88.3115909566727,22.5300337707235],[88.3115746238571,22.5301229804679],[88.3114797817375,22.5301023480191],[88.3114961146128,22.5300131382813]]]},"properties": {
    "floor": "ground","fill-opacity":0,"stroke-opacity":1,"stroke":"#ff0000","ID":"20-405","REMARKS":"POLYGON ID-20","AREA":100.19}},
{"type":"Feature","geometry":{"type":"Polygon","coordinates":[[[88.3115124474702,22.5299239285419],[88.3116072894703,22.5299445609775],[88.3115909566727,22.5300337707235],[88.3114961146128,22.5300131382813],[88.3115124474702,22.5299239285419]]]},"properties": {
    "floor": "ground","fill-opacity":0,"stroke-opacity":1,"stroke":"#ff0000","ID":"20-406","REMARKS":"POLYGON ID-20","AREA":100.19}},
{"type":"Feature","geometry":{"type":"Polygon","coordinates":[[[88.3111204539473,22.5320649618394],[88.3110256105379,22.5320443291876],[88.3110419438672,22.5319551194921],[88.3111367872169,22.5319757521373],[88.3111204539473,22.5320649618394]]]},"properties": {
    "floor": "ground","fill-opacity":0,"stroke-opacity":1,"stroke":"#ff0000","ID":"20-351","REMARKS":"POLYGON ID-20","AREA":100.19}},
{"type":"Feature","geometry":{"type":"Polygon","coordinates":[[[88.3110714540312,22.5323325909359],[88.3109766104425,22.5323119582642],[88.3109929438256,22.5322227485737],[88.3110877873545,22.5322433812387],[88.3110714540312,22.5323325909359]]]},"properties": {
    "floor": "ground","fill-opacity":0,"stroke-opacity":1,"stroke":"#ff0000","ID":"20-348","REMARKS":"POLYGON ID-20","AREA":100.19}},
{"type":"Feature","geometry":{"type":"Polygon","coordinates":[[[88.3110877873545,22.5322433812387],[88.3109929438256,22.5322227485737],[88.3110092771907,22.5321335388814],[88.3111041206599,22.5321541715399],[88.3110877873545,22.5322433812387]]]},"properties": {
    "floor": "ground","fill-opacity":0,"stroke-opacity":1,"stroke":"#ff0000","ID":"20-349","REMARKS":"POLYGON ID-20","AREA":100.19}},
{"type":"Feature","geometry":{"type":"Polygon","coordinates":[[[88.3111041206599,22.5321541715399],[88.3110092771907,22.5321335388814],[88.3110256105379,22.5320443291876],[88.3111204539473,22.5320649618394],[88.3111041206599,22.5321541715399]]]},"properties": {
    "floor": "ground","fill-opacity":0,"stroke-opacity":1,"stroke":"#ff0000","ID":"20-350","REMARKS":"POLYGON ID-20","AREA":100.19}},
{"type":"Feature","geometry":{"type":"Polygon","coordinates":[[[88.3112511196018,22.5313512841774],[88.3111562766706,22.5313306515785],[88.3111726098565,22.5312414418701],[88.3112674527279,22.5312620744623],[88.3112511196018,22.5313512841774]]]},"properties": {
    "floor": "ground","fill-opacity":0,"stroke-opacity":1,"stroke":"#ff0000","ID":"20-359","REMARKS":"POLYGON ID-20","AREA":100.19}},
{"type":"Feature","geometry":{"type":"Polygon","coordinates":[[[88.3111367872169,22.5319757521373],[88.3110419438672,22.5319551194921],[88.3110582771786,22.5318659097951],[88.3111531204685,22.5318865424336],[88.3111367872169,22.5319757521373]]]},"properties": {
    "floor": "ground","fill-opacity":0,"stroke-opacity":1,"stroke":"#ff0000","ID":"20-352","REMARKS":"POLYGON ID-20","AREA":100.19}},
{"type":"Feature","geometry":{"type":"Polygon","coordinates":[[[88.3111531204685,22.5318865424336],[88.3110582771786,22.5318659097951],[88.3110746104721,22.5317767000964],[88.3111694537021,22.5317973327283],[88.3111531204685,22.5318865424336]]]},"properties": {
    "floor": "ground","fill-opacity":0,"stroke-opacity":1,"stroke":"#ff0000","ID":"20-353","REMARKS":"POLYGON ID-20","AREA":100.19}},
{"type":"Feature","geometry":{"type":"Polygon","coordinates":[[[88.3111694537021,22.5317973327283],[88.3110746104721,22.5317767000964],[88.3110909437476,22.5316874903961],[88.3111857869179,22.5317081230214],[88.3111694537021,22.5317973327283]]]},"properties": {
    "floor": "ground","fill-opacity":0,"stroke-opacity":1,"stroke":"#ff0000","ID":"20-354","REMARKS":"POLYGON ID-20","AREA":100.19}},
{"type":"Feature","geometry":{"type":"Polygon","coordinates":[[[88.3111857869179,22.5317081230214],[88.3110909437476,22.5316874903961],[88.3111072770052,22.5315982806941],[88.3112021201158,22.5316189133128],[88.3111857869179,22.5317081230214]]]},"properties": {
    "floor": "ground","fill-opacity":0,"stroke-opacity":1,"stroke":"#ff0000","ID":"20-355","REMARKS":"POLYGON ID-20","AREA":100.19}},
{"type":"Feature","geometry":{"type":"Polygon","coordinates":[[[88.3112021201158,22.5316189133128],[88.3111072770052,22.5315982806941],[88.3111236102449,22.5315090709905],[88.3112184532957,22.5315297036026],[88.3112021201158,22.5316189133128]]]},"properties": {
    "floor": "ground","fill-opacity":0,"stroke-opacity":1,"stroke":"#ff0000","ID":"20-356","REMARKS":"POLYGON ID-20","AREA":100.19}},
{"type":"Feature","geometry":{"type":"Polygon","coordinates":[[[88.3112184532957,22.5315297036026],[88.3111236102449,22.5315090709905],[88.3111399434667,22.5314198612853],[88.3112347864577,22.5314404938908],[88.3112184532957,22.5315297036026]]]},"properties": {
    "floor": "ground","fill-opacity":0,"stroke-opacity":1,"stroke":"#ff0000","ID":"20-357","REMARKS":"POLYGON ID-20","AREA":100.19}},
{"type":"Feature","geometry":{"type":"Polygon","coordinates":[[[88.3112347864577,22.5314404938908],[88.3111399434667,22.5314198612853],[88.3111562766706,22.5313306515785],[88.3112511196018,22.5313512841774],[88.3112347864577,22.5314404938908]]]},"properties": {
    "floor": "ground","fill-opacity":0,"stroke-opacity":1,"stroke":"#ff0000","ID":"20-358","REMARKS":"POLYGON ID-20","AREA":100.19}},
{"type":"Feature","geometry":{"type":"Polygon","coordinates":[[[88.3115777787206,22.5295670895682],[88.3114829369848,22.5295464571018],[88.3114992698124,22.529457247361],[88.3115941114884,22.5294778798208],[88.3115777787206,22.5295670895682]]]},"properties": {
    "floor": "ground","fill-opacity":0,"stroke-opacity":1,"stroke":"#ff0000","ID":"20-379","REMARKS":"POLYGON ID-20","AREA":100.19}},
{"type":"Feature","geometry":{"type":"Polygon","coordinates":[[[88.3112674527279,22.5312620744623],[88.3111726098565,22.5312414418701],[88.3111889430245,22.5311522321601],[88.3112837858362,22.5311728647456],[88.3112674527279,22.5312620744623]]]},"properties": {
    "floor": "ground","fill-opacity":0,"stroke-opacity":1,"stroke":"#ff0000","ID":"20-360","REMARKS":"POLYGON ID-20","AREA":100.19}},
{"type":"Feature","geometry":{"type":"Polygon","coordinates":[[[88.3112837858362,22.5311728647456],[88.3111889430245,22.5311522321601],[88.3112052761746,22.5310630224484],[88.3113001189265,22.5310836550273],[88.3112837858362,22.5311728647456]]]},"properties": {
    "floor": "ground","fill-opacity":0,"stroke-opacity":1,"stroke":"#ff0000","ID":"20-361","REMARKS":"POLYGON ID-20","AREA":100.19}},
{"type":"Feature","geometry":{"type":"Polygon","coordinates":[[[88.3113001189265,22.5310836550273],[88.3112052761746,22.5310630224484],[88.3112216093068,22.5309738127351],[88.3113164519989,22.5309944453074],[88.3113001189265,22.5310836550273]]]},"properties": {
    "floor": "ground","fill-opacity":0,"stroke-opacity":1,"stroke":"#ff0000","ID":"20-362","REMARKS":"POLYGON ID-20","AREA":100.19}},
{"type":"Feature","geometry":{"type":"Polygon","coordinates":[[[88.3113164519989,22.5309944453074],[88.3112216093068,22.5309738127351],[88.3112379424211,22.5308846030202],[88.3113327850534,22.5309052355859],[88.3113164519989,22.5309944453074]]]},"properties": {
    "floor": "ground","fill-opacity":0,"stroke-opacity":1,"stroke":"#ff0000","ID":"20-363","REMARKS":"POLYGON ID-20","AREA":100.19}},
{"type":"Feature","geometry":{"type":"Polygon","coordinates":[[[88.3113327850534,22.5309052355859],[88.3112379424211,22.5308846030202],[88.3112542755174,22.5307953933036],[88.31134911809,22.5308160258627],[88.3113327850534,22.5309052355859]]]},"properties": {
    "floor": "ground","fill-opacity":0,"stroke-opacity":1,"stroke":"#ff0000","ID":"20-364","REMARKS":"POLYGON ID-20","AREA":100.19}},
{"type":"Feature","geometry":{"type":"Polygon","coordinates":[[[88.31134911809,22.5308160258627],[88.3112542755174,22.5307953933036],[88.3112706085958,22.5307061835855],[88.3113654511086,22.5307268161379],[88.31134911809,22.5308160258627]]]},"properties": {
    "floor": "ground","fill-opacity":0,"stroke-opacity":1,"stroke":"#ff0000","ID":"20-365","REMARKS":"POLYGON ID-20","AREA":100.19}},
{"type":"Feature","geometry":{"type":"Polygon","coordinates":[[[88.3113654511086,22.5307268161379],[88.3112706085958,22.5307061835855],[88.3112869416563,22.5306169738657],[88.3113817841094,22.5306376064115],[88.3113654511086,22.5307268161379]]]},"properties": {
    "floor": "ground","fill-opacity":0,"stroke-opacity":1,"stroke":"#ff0000","ID":"20-366","REMARKS":"POLYGON ID-20","AREA":100.19}},
{"type":"Feature","geometry":{"type":"Polygon","coordinates":[[[88.3113817841094,22.5306376064115],[88.3112869416563,22.5306169738657],[88.3113032746989,22.5305277641443],[88.3113981170922,22.5305483966835],[88.3113817841094,22.5306376064115]]]},"properties": {
    "floor": "ground","fill-opacity":0,"stroke-opacity":1,"stroke":"#ff0000","ID":"20-367","REMARKS":"POLYGON ID-20","AREA":100.19}},
{"type":"Feature","geometry":{"type":"Polygon","coordinates":[[[88.3113981170922,22.5305483966835],[88.3113032746989,22.5305277641443],[88.3113196077236,22.5304385544213],[88.3114144500571,22.5304591869539],[88.3113981170922,22.5305483966835]]]},"properties": {
    "floor": "ground","fill-opacity":0,"stroke-opacity":1,"stroke":"#ff0000","ID":"20-368","REMARKS":"POLYGON ID-20","AREA":100.19}},
{"type":"Feature","geometry":{"type":"Polygon","coordinates":[[[88.3114144500571,22.5304591869539],[88.3113196077236,22.5304385544213],[88.3113359407303,22.5303493446966],[88.311430783004,22.5303699772226],[88.3114144500571,22.5304591869539]]]},"properties": {
    "floor": "ground","fill-opacity":0,"stroke-opacity":1,"stroke":"#ff0000","ID":"20-369","REMARKS":"POLYGON ID-20","AREA":100.19}},
{"type":"Feature","geometry":{"type":"Polygon","coordinates":[[[88.311430783004,22.5303699772226],[88.3113359407303,22.5303493446966],[88.3113522737192,22.5302601349703],[88.3114471159331,22.5302807674897],[88.311430783004,22.5303699772226]]]},"properties": {
    "floor": "ground","fill-opacity":0,"stroke-opacity":1,"stroke":"#ff0000","ID":"20-370","REMARKS":"POLYGON ID-20","AREA":100.19}},
{"type":"Feature","geometry":{"type":"Polygon","coordinates":[[[88.3114471159331,22.5302807674897],[88.3113522737192,22.5302601349703],[88.3113686066901,22.5301709252424],[88.3114634488442,22.5301915577552],[88.3114471159331,22.5302807674897]]]},"properties": {
    "floor": "ground","fill-opacity":0,"stroke-opacity":1,"stroke":"#ff0000","ID":"20-371","REMARKS":"POLYGON ID-20","AREA":100.19}},
{"type":"Feature","geometry":{"type":"Polygon","coordinates":[[[88.3114634488442,22.5301915577552],[88.3113686066901,22.5301709252424],[88.3113849396431,22.5300817155129],[88.3114797817375,22.5301023480191],[88.3114634488442,22.5301915577552]]]},"properties": {
    "floor": "ground","fill-opacity":0,"stroke-opacity":1,"stroke":"#ff0000","ID":"20-372","REMARKS":"POLYGON ID-20","AREA":100.19}},
{"type":"Feature","geometry":{"type":"Polygon","coordinates":[[[88.3115451131312,22.5297455090583],[88.3114502712759,22.5297248765787],[88.3114666041393,22.5296356668411],[88.3115614459348,22.5296562993141],[88.3115451131312,22.5297455090583]]]},"properties": {
    "floor": "ground","fill-opacity":0,"stroke-opacity":1,"stroke":"#ff0000","ID":"20-377","REMARKS":"POLYGON ID-20","AREA":100.19}},
{"type":"Feature","geometry":{"type":"Polygon","coordinates":[[[88.3115614459348,22.5296562993141],[88.3114666041393,22.5296356668411],[88.3114829369848,22.5295464571018],[88.3115777787206,22.5295670895682],[88.3115614459348,22.5296562993141]]]},"properties": {
    "floor": "ground","fill-opacity":0,"stroke-opacity":1,"stroke":"#ff0000","ID":"20-378","REMARKS":"POLYGON ID-20","AREA":100.19}},
{"type":"Feature","geometry":{"type":"Polygon","coordinates":[[[88.3115124474702,22.5299239285419],[88.3114176054953,22.5299032960491],[88.3114339383946,22.5298140863147],[88.3115287803096,22.5298347188009],[88.3115124474702,22.5299239285419]]]},"properties": {
    "floor": "ground","fill-opacity":0,"stroke-opacity":1,"stroke":"#ff0000","ID":"20-375","REMARKS":"POLYGON ID-20","AREA":100.19}},
{"type":"Feature","geometry":{"type":"Polygon","coordinates":[[[88.3115287803096,22.5298347188009],[88.3114339383946,22.5298140863147],[88.3114502712759,22.5297248765787],[88.3115451131312,22.5297455090583],[88.3115287803096,22.5298347188009]]]},"properties": {
    "floor": "ground","fill-opacity":0,"stroke-opacity":1,"stroke":"#ff0000","ID":"20-376","REMARKS":"POLYGON ID-20","AREA":100.19}},
{"type":"Feature","geometry":{"type":"Polygon","coordinates":[[[88.3114797817375,22.5301023480191],[88.3113849396431,22.5300817155129],[88.3114012725782,22.5299925057818],[88.3114961146128,22.5300131382813],[88.3114797817375,22.5301023480191]]]},"properties": {
    "floor": "ground","fill-opacity":0,"stroke-opacity":1,"stroke":"#ff0000","ID":"20-373","REMARKS":"POLYGON ID-20","AREA":100.19}},
{"type":"Feature","geometry":{"type":"Polygon","coordinates":[[[88.3114961146128,22.5300131382813],[88.3114012725782,22.5299925057818],[88.3114176054953,22.5299032960491],[88.3115124474702,22.5299239285419],[88.3114961146128,22.5300131382813]]]},"properties": {
    "floor": "ground","fill-opacity":0,"stroke-opacity":1,"stroke":"#ff0000","ID":"20-374","REMARKS":"POLYGON ID-20","AREA":100.19}},
{"type":"Feature","geometry":{"type":"Polygon","coordinates":[[[88.3116726204816,22.5295877219774],[88.3116889531896,22.5294985122233],[88.3117837949162,22.5295191445685],[88.3117718720847,22.5295842676939],[88.3117674622679,22.5296083543292],[88.3116726204816,22.5295877219774]]]},"properties": {
    "floor": "ground","fill-opacity":0,"stroke-opacity":1,"stroke":"#ff0000","ID":"20-443","REMARKS":"POLYGON ID-20","AREA":100.19}},
{"type":"Feature","geometry":{"type":"Polygon","coordinates":[[[88.3117596552557,22.5296509965942],[88.3117674622679,22.5296083543292],[88.3117718720847,22.5295842676939],[88.3118990765307,22.5296119402827],[88.3118843313692,22.5296781191537],[88.3117596552557,22.5296509965942]]]},"properties": {
    "floor": "ground","fill-opacity":0,"stroke-opacity":1,"stroke":"#ff0000","ID":"20-462","REMARKS":"POLYGON ID-20","AREA":99.515}},
{"type":"Feature","geometry":{"type":"Polygon","coordinates":[[[88.3116562877556,22.5296769317298],[88.3116726204816,22.5295877219774],[88.3117674622679,22.5296083543292],[88.3117596552557,22.5296509965942],[88.3117511296017,22.5296975640883],[88.3116562877556,22.5296769317298]]]},"properties": {
    "floor": "ground","fill-opacity":0,"stroke-opacity":1,"stroke":"#ff0000","ID":"20-442","REMARKS":"POLYGON ID-20","AREA":100.19}},
{"type":"Feature","geometry":{"type":"Polygon","coordinates":[[[88.3117469376409,22.529720460751],[88.3117511296017,22.5296975640883],[88.3117596552557,22.5296509965942],[88.3118843313692,22.5296781191537],[88.3118689817817,22.5297470107349],[88.3117469376409,22.529720460751]]]},"properties": {
    "floor": "ground","fill-opacity":0,"stroke-opacity":1,"stroke":"#ff0000","ID":"20-461","REMARKS":"POLYGON ID-20","AREA":101.472}},
{"type":"Feature","geometry":{"type":"Polygon","coordinates":[[[88.3116399550118,22.5297661414807],[88.3116562877556,22.5296769317298],[88.3117511296017,22.5296975640883],[88.3117347969176,22.5297867738457],[88.3116399550118,22.5297661414807]]]},"properties": {
    "floor": "ground","fill-opacity":0,"stroke-opacity":1,"stroke":"#ff0000","ID":"20-441","REMARKS":"POLYGON ID-20","AREA":100.19}},
{"type":"Feature","geometry":{"type":"Polygon","coordinates":[[[88.311734017138,22.5297910330301],[88.3117347969176,22.5297867738457],[88.3117469376409,22.529720460751],[88.3118689817817,22.5297470107349],[88.3118533998802,22.5298169449175],[88.311734017138,22.5297910330301]]]},"properties": {
    "floor": "ground","fill-opacity":0,"stroke-opacity":1,"stroke":"#ff0000","ID":"20-460","REMARKS":"POLYGON ID-20","AREA":100.834}},
{"type":"Feature","geometry":{"type":"Polygon","coordinates":[[[88.31162362225,22.5298553512299],[88.3116399550118,22.5297661414807],[88.3117347969176,22.5297867738457],[88.311734017138,22.5297910330301],[88.3117206847165,22.5298638551586],[88.3117184642156,22.5298759836016],[88.31162362225,22.5298553512299]]]},"properties": {
    "floor": "ground","fill-opacity":0,"stroke-opacity":1,"stroke":"#ff0000","ID":"20-440","REMARKS":"POLYGON ID-20","AREA":100.19}},
{"type":"Feature","geometry":{"type":"Polygon","coordinates":[[[88.3117206847165,22.5298638551586],[88.311734017138,22.5297910330301],[88.3118533998802,22.5298169449175],[88.3118373880159,22.5298888087795],[88.3117206847165,22.5298638551586]]]},"properties": {
    "floor": "ground","fill-opacity":0,"stroke-opacity":1,"stroke":"#ff0000","ID":"20-459","REMARKS":"POLYGON ID-20","AREA":101.499}},
{"type":"Feature","geometry":{"type":"Polygon","coordinates":[[[88.3117073410656,22.5299367385557],[88.3117184642156,22.5298759836016],[88.3117206847165,22.5298638551586],[88.3118373880159,22.5298888087795],[88.3118208292881,22.5299631269838],[88.3117073410656,22.5299367385557]]]},"properties": {
    "floor": "ground","fill-opacity":0,"stroke-opacity":1,"stroke":"#ff0000","ID":"20-458","REMARKS":"POLYGON ID-20","AREA":100.84}},
{"type":"Feature","geometry":{"type":"Polygon","coordinates":[[[88.3116072894703,22.5299445609775],[88.31162362225,22.5298553512299],[88.3117184642156,22.5298759836016],[88.3117073410656,22.5299367385557],[88.3117021314957,22.5299651933558],[88.3116072894703,22.5299445609775]]]},"properties": {
    "floor": "ground","fill-opacity":0,"stroke-opacity":1,"stroke":"#ff0000","ID":"20-439","REMARKS":"POLYGON ID-20","AREA":100.19}},
{"type":"Feature","geometry":{"type":"Polygon","coordinates":[[[88.3116932041889,22.5300139545029],[88.3117021314957,22.5299651933558],[88.3117073410656,22.5299367385557],[88.3118208292881,22.5299631269838],[88.3118041336785,22.5300380594627],[88.3116932041889,22.5300139545029]]]},"properties": {
    "floor": "ground","fill-opacity":0,"stroke-opacity":1,"stroke":"#ff0000","ID":"20-457","REMARKS":"POLYGON ID-20","AREA":101.643}},
{"type":"Feature","geometry":{"type":"Polygon","coordinates":[[[88.3115909566727,22.5300337707235],[88.3116072894703,22.5299445609775],[88.3117021314957,22.5299651933558],[88.3116932041889,22.5300139545029],[88.3116857987578,22.5300544031084],[88.3115909566727,22.5300337707235]]]},"properties": {
    "floor": "ground","fill-opacity":0,"stroke-opacity":1,"stroke":"#ff0000","ID":"20-438","REMARKS":"POLYGON ID-20","AREA":100.19}},
{"type":"Feature","geometry":{"type":"Polygon","coordinates":[[[88.3116791268499,22.530090845179],[88.3116857987578,22.5300544031084],[88.3116932041889,22.5300139545029],[88.3118041336785,22.5300380594627],[88.3117868438425,22.5301156588444],[88.3116791268499,22.530090845179]]]},"properties": {
    "floor": "ground","fill-opacity":0,"stroke-opacity":1,"stroke":"#ff0000","ID":"20-456","REMARKS":"POLYGON ID-20","AREA":100.537}},
{"type":"Feature","geometry":{"type":"Polygon","coordinates":[[[88.3115746238571,22.5301229804679],[88.3115909566727,22.5300337707235],[88.3116857987578,22.5300544031084],[88.3116791268499,22.530090845179],[88.3116694660021,22.5301436128594],[88.3115746238571,22.5301229804679]]]},"properties": {
    "floor": "ground","fill-opacity":0,"stroke-opacity":1,"stroke":"#ff0000","ID":"20-437","REMARKS":"POLYGON ID-20","AREA":100.19}},
{"type":"Feature","geometry":{"type":"Polygon","coordinates":[[[88.3116694660021,22.5301436128594],[88.3116791268499,22.530090845179],[88.3117868438425,22.5301156588444],[88.3117693452507,22.5301941950746],[88.3116644498811,22.5301710109653],[88.3116694660021,22.5301436128594]]]},"properties": {
    "floor": "ground","fill-opacity":0,"stroke-opacity":1,"stroke":"#ff0000","ID":"20-455","REMARKS":"POLYGON ID-20","AREA":100.46}},
{"type":"Feature","geometry":{"type":"Polygon","coordinates":[[[88.3115582910237,22.5302121902106],[88.3115746238571,22.5301229804679],[88.3116694660021,22.5301436128594],[88.3116531332284,22.5302328226088],[88.3115582910237,22.5302121902106]]]},"properties": {
    "floor": "ground","fill-opacity":0,"stroke-opacity":1,"stroke":"#ff0000","ID":"20-436","REMARKS":"POLYGON ID-20","AREA":100.19}},
{"type":"Feature","geometry":{"type":"Polygon","coordinates":[[[88.3116491861116,22.5302543817791],[88.3116531332284,22.5302328226088],[88.3116644498811,22.5301710109653],[88.3117693452507,22.5301941950746],[88.3117513170992,22.5302751079617],[88.3116491861116,22.5302543817791]]]},"properties": {
    "floor": "ground","fill-opacity":0,"stroke-opacity":1,"stroke":"#ff0000","ID":"20-454","REMARKS":"POLYGON ID-20","AREA":100.991}},
{"type":"Feature","geometry":{"type":"Polygon","coordinates":[[[88.3115419581723,22.5303013999518],[88.3115582910237,22.5302121902106],[88.3116531332284,22.5302328226088],[88.3116491861116,22.5302543817791],[88.3116368004368,22.5303220323565],[88.3115419581723,22.5303013999518]]]},"properties": {
    "floor": "ground","fill-opacity":0,"stroke-opacity":1,"stroke":"#ff0000","ID":"20-435","REMARKS":"POLYGON ID-20","AREA":100.19}},
{"type":"Feature","geometry":{"type":"Polygon","coordinates":[[[88.3116368004368,22.5303220323565],[88.3116491861116,22.5302543817791],[88.3117513170992,22.5302751079617],[88.311732349056,22.5303602391241],[88.3116336332101,22.530339331745],[88.3116368004368,22.5303220323565]]]},"properties": {
    "floor": "ground","fill-opacity":0,"stroke-opacity":1,"stroke":"#ff0000","ID":"20-453","REMARKS":"POLYGON ID-20","AREA":101.346}},
{"type":"Feature","geometry":{"type":"Polygon","coordinates":[[[88.311525625303,22.5303906096913],[88.3115419581723,22.5303013999518],[88.3116368004368,22.5303220323565],[88.3116204676273,22.5304112421027],[88.311525625303,22.5303906096913]]]},"properties": {
    "floor": "ground","fill-opacity":0,"stroke-opacity":1,"stroke":"#ff0000","ID":"20-434","REMARKS":"POLYGON ID-20","AREA":100.19}},
{"type":"Feature","geometry":{"type":"Polygon","coordinates":[[[88.3116175462281,22.5304271987634],[88.3116204676273,22.5304112421027],[88.3116336332101,22.530339331745],[88.311732349056,22.5303602391241],[88.3117127716844,22.5304481049365],[88.3116175462281,22.5304271987634]]]},"properties": {
    "floor": "ground","fill-opacity":0,"stroke-opacity":1,"stroke":"#ff0000","ID":"20-452","REMARKS":"POLYGON ID-20","AREA":101.277}},
{"type":"Feature","geometry":{"type":"Polygon","coordinates":[[[88.3115092924158,22.5304798194292],[88.311525625303,22.5303906096913],[88.3116204676273,22.5304112421027],[88.3116175462281,22.5304271987634],[88.3116041347998,22.5305004518472],[88.3115092924158,22.5304798194292]]]},"properties": {
    "floor": "ground","fill-opacity":0,"stroke-opacity":1,"stroke":"#ff0000","ID":"20-433","REMARKS":"POLYGON ID-20","AREA":100.19}},
{"type":"Feature","geometry":{"type":"Polygon","coordinates":[[[88.311600659891,22.5305194317522],[88.3116041347998,22.5305004518472],[88.3116175462281,22.5304271987634],[88.3117127716844,22.5304481049365],[88.311709994927,22.5304605673799],[88.311690822475,22.5305382945252],[88.311600659891,22.5305194317522]]]},"properties": {
    "floor": "ground","fill-opacity":0,"stroke-opacity":1,"stroke":"#ff0000","ID":"20-451","REMARKS":"POLYGON ID-20","AREA":100.811}},
{"type":"Feature","geometry":{"type":"Polygon","coordinates":[[[88.3114929595107,22.5305690291654],[88.3115092924158,22.5304798194292],[88.3116041347998,22.5305004518472],[88.3115878019545,22.5305896615901],[88.3114929595107,22.5305690291654]]]},"properties": {
    "floor": "ground","fill-opacity":0,"stroke-opacity":1,"stroke":"#ff0000","ID":"20-432","REMARKS":"POLYGON ID-20","AREA":100.19}},
{"type":"Feature","geometry":{"type":"Polygon","coordinates":[[[88.3115827511653,22.5306172489001],[88.311600659891,22.5305194317522],[88.311690822475,22.5305382945252],[88.3116669674898,22.5306350050435],[88.311666967087,22.5306350051219],[88.3115827511653,22.5306172489001]]]},"properties": {
    "floor": "ground","fill-opacity":0,"stroke-opacity":1,"stroke":"#ff0000","ID":"20-450","REMARKS":"POLYGON ID-20","AREA":100.928}},
{"type":"Feature","geometry":{"type":"Polygon","coordinates":[[[88.3114766265876,22.5306582389001],[88.3114929595107,22.5305690291654],[88.3115878019545,22.5305896615901],[88.3115827511653,22.5306172489001],[88.3115714690912,22.5306788713313],[88.3114766265876,22.5306582389001]]]},"properties": {
    "floor": "ground","fill-opacity":0,"stroke-opacity":1,"stroke":"#ff0000","ID":"20-431","REMARKS":"POLYGON ID-20","AREA":100.19}},
{"type":"Feature","geometry":{"type":"Polygon","coordinates":[[[88.3115634930195,22.5307224364238],[88.3115714690912,22.5306788713313],[88.3115827511653,22.5306172489001],[88.311666967087,22.5306350051219],[88.3116669674898,22.5306350050435],[88.3116416820174,22.5307375147667],[88.3115634930195,22.5307224364238]]]},"properties": {
    "floor": "ground","fill-opacity":0,"stroke-opacity":1,"stroke":"#ff0000","ID":"20-449","REMARKS":"POLYGON ID-20","AREA":100.196}},
{"type":"Feature","geometry":{"type":"Polygon","coordinates":[[[88.3114015452353,22.5317110453253],[88.3113830050964,22.5317862077663],[88.3112744856481,22.5317623159242],[88.3112806301135,22.5317287555894],[88.3112885693254,22.5316853925424],[88.3114015452353,22.5317110453253]]]},"properties": {
    "floor": "ground","fill-opacity":0,"stroke-opacity":1,"stroke":"#ff0000","ID":"20-418","REMARKS":"POLYGON ID-20","AREA":100.506}},
{"type":"Feature","geometry":{"type":"Polygon","coordinates":[[[88.3115427847683,22.5308355442337],[88.31155513621,22.530768081071],[88.3115634930195,22.5307224364238],[88.3116416820174,22.5307375147667],[88.3116137778194,22.5308506408924],[88.3115427847683,22.5308355442337]]]},"properties": {
    "floor": "ground","fill-opacity":0,"stroke-opacity":1,"stroke":"#ff0000","ID":"20-448","REMARKS":"POLYGON ID-20","AREA":100.262}},
{"type":"Feature","geometry":{"type":"Polygon","coordinates":[[[88.3111749379233,22.5323060317297],[88.3111826309087,22.5322640138464],[88.311193524921,22.5322045124179],[88.3112793038114,22.532218593617],[88.3112544538607,22.5323226167448],[88.3111749379233,22.5323060317297]]]},"properties": {
    "floor": "ground","fill-opacity":0,"stroke-opacity":1,"stroke":"#ff0000","ID":"20-412","REMARKS":"POLYGON ID-20","AREA":100.518}},
{"type":"Feature","geometry":{"type":"Polygon","coordinates":[[[88.3112544538607,22.5323226167448],[88.3111431548244,22.5324181852343],[88.3110835717138,22.5324053208645],[88.3111013106501,22.5323390860569],[88.3111662976452,22.5323532235503],[88.3111749379233,22.5323060317297],[88.3112544538607,22.5323226167448]]]},"properties": {
    "floor": "ground","fill-opacity":0,"stroke-opacity":1,"stroke":"#ff0000","ID":"20-219","REMARKS":"POLYGON ID-20","AREA":100.428}},
{"type":"Feature","geometry":{"type":"Polygon","coordinates":[[[88.311301875414,22.532124107644],[88.3112793038114,22.532218593617],[88.311193524921,22.5322045124179],[88.3111989641543,22.532174804141],[88.3112116516108,22.5321055071133],[88.311301875414,22.532124107644]]]},"properties": {
    "floor": "ground","fill-opacity":0,"stroke-opacity":1,"stroke":"#ff0000","ID":"20-413","REMARKS":"POLYGON ID-20","AREA":100.74}},
{"type":"Feature","geometry":{"type":"Polygon","coordinates":[[[88.3113235534582,22.5320333620458],[88.311301875414,22.532124107644],[88.3112116516108,22.5321055071133],[88.311215297382,22.5320855944339],[88.311228533475,22.5320133007515],[88.3113235534582,22.5320333620458]]]},"properties": {
    "floor": "ground","fill-opacity":0,"stroke-opacity":1,"stroke":"#ff0000","ID":"20-414","REMARKS":"POLYGON ID-20","AREA":100.73}},
{"type":"Feature","geometry":{"type":"Polygon","coordinates":[[[88.3113440828493,22.5319474246786],[88.3113235534582,22.5320333620458],[88.311228533475,22.5320133007515],[88.3112316305917,22.5319963847252],[88.3112445634965,22.5319257469369],[88.3113440828492,22.5319474246786],[88.3113440828493,22.5319474246786]]]},"properties": {
    "floor": "ground","fill-opacity":0,"stroke-opacity":1,"stroke":"#ff0000","ID":"20-415","REMARKS":"POLYGON ID-20","AREA":100.432}},
{"type":"Feature","geometry":{"type":"Polygon","coordinates":[[[88.3113639645165,22.5318641986334],[88.3113440828493,22.5319474246786],[88.3113440828492,22.5319474246786],[88.3112445634965,22.5319257469369],[88.3112479637836,22.5319071750149],[88.3112596643074,22.531843268257],[88.3113639645164,22.5318641986334],[88.3113639645165,22.5318641986334]]]},"properties": {
    "floor": "ground","fill-opacity":0,"stroke-opacity":1,"stroke":"#ff0000","ID":"20-416","REMARKS":"POLYGON ID-20","AREA":100.397}},
{"type":"Feature","geometry":{"type":"Polygon","coordinates":[[[88.3113830050964,22.5317862077663],[88.3113700210098,22.5318388457117],[88.3113639645165,22.5318641986334],[88.3113639645164,22.5318641986334],[88.3112596643074,22.531843268257],[88.3112642969575,22.5318179653029],[88.3112744856481,22.5317623159242],[88.3113830050964,22.5317862077663]]]},"properties": {
    "floor": "ground","fill-opacity":0,"stroke-opacity":1,"stroke":"#ff0000","ID":"20-417","REMARKS":"POLYGON ID-20","AREA":100.564}},
{"type":"Feature","geometry":{"type":"Polygon","coordinates":[[[88.3114368494683,22.5315679203906],[88.3114194646597,22.5316383992136],[88.3113020064709,22.5316120003721],[88.3113132963717,22.5315503361574],[88.3113150044995,22.5315410065442],[88.3114368494683,22.5315679203906]]]},"properties": {
    "floor": "ground","fill-opacity":0,"stroke-opacity":1,"stroke":"#ff0000","ID":"20-420","REMARKS":"POLYGON ID-20","AREA":100.995}},
{"type":"Feature","geometry":{"type":"Polygon","coordinates":[[[88.3114194646597,22.5316383992136],[88.3114015452353,22.5317110453253],[88.3112885693254,22.5316853925424],[88.3112969632516,22.5316395458742],[88.3113020064709,22.5316120003721],[88.3114194646597,22.5316383992136]]]},"properties": {
    "floor": "ground","fill-opacity":0,"stroke-opacity":1,"stroke":"#ff0000","ID":"20-419","REMARKS":"POLYGON ID-20","AREA":100.454}},
{"type":"Feature","geometry":{"type":"Polygon","coordinates":[[[88.3114243073278,22.5314821316114],[88.3114199987049,22.5315056417188],[88.3114507067493,22.5315117422819],[88.3114368494683,22.5315679203906],[88.3113150044995,22.5315410065442],[88.3113296294739,22.5314611264389],[88.3114243073278,22.5314821316114]]]},"properties": {
    "floor": "ground","fill-opacity":0,"stroke-opacity":1,"stroke":"#ff0000","ID":"20-421","REMARKS":"POLYGON ID-20","AREA":108.929}},
{"type":"Feature","geometry":{"type":"Polygon","coordinates":[[[88.3114602936467,22.5307474486331],[88.3114766265876,22.5306582389001],[88.3115714690912,22.5306788713313],[88.3115634930195,22.5307224364238],[88.31155513621,22.530768081071],[88.3114602936467,22.5307474486331]]]},"properties": {
    "floor": "ground","fill-opacity":0,"stroke-opacity":1,"stroke":"#ff0000","ID":"20-430","REMARKS":"POLYGON ID-20","AREA":100.19}},
{"type":"Feature","geometry":{"type":"Polygon","coordinates":[[[88.3115059108498,22.5312879416893],[88.3114507067493,22.5315117422819],[88.3114199987049,22.5315056417188],[88.3114243073278,22.5314821316114],[88.311440727896,22.5313925323122],[88.3114570764315,22.5313033259621],[88.3114616293715,22.5312784826694],[88.311461676261,22.5312785547818],[88.3115059108498,22.5312879416893]]]},"properties": {
    "floor": "ground","fill-opacity":0,"stroke-opacity":1,"stroke":"#ff0000","ID":"20-444","REMARKS":"POLYGON ID-20","AREA":100.551}},
{"type":"Feature","geometry":{"type":"Polygon","coordinates":[[[88.3114570764315,22.5313033259621],[88.311440727896,22.5313925323122],[88.3113459625582,22.5313719167189],[88.3113622956246,22.5312827069972],[88.3114570764315,22.5313033259621]]]},"properties": {
    "floor": "ground","fill-opacity":0,"stroke-opacity":1,"stroke":"#ff0000","ID":"20-423","REMARKS":"POLYGON ID-20","AREA":100.116}},
{"type":"Feature","geometry":{"type":"Polygon","coordinates":[[[88.3113296294739,22.5314611264389],[88.3113459625582,22.5313719167189],[88.311440727896,22.5313925323122],[88.3114243073278,22.5314821316114],[88.3113296294739,22.5314611264389]]]},"properties": {
    "floor": "ground","fill-opacity":0,"stroke-opacity":1,"stroke":"#ff0000","ID":"20-422","REMARKS":"POLYGON ID-20","AREA":100.32}},
{"type":"Feature","geometry":{"type":"Polygon","coordinates":[[[88.311473424949,22.5312141196103],[88.3114616293715,22.5312784826694],[88.3114570764315,22.5313033259621],[88.3113622956246,22.5312827069972],[88.3113786286731,22.5311934972739],[88.311473424949,22.5312141196103]]]},"properties": {
    "floor": "ground","fill-opacity":0,"stroke-opacity":1,"stroke":"#ff0000","ID":"20-424","REMARKS":"POLYGON ID-20","AREA":100.132}},
{"type":"Feature","geometry":{"type":"Polygon","coordinates":[[[88.3115479717067,22.5311174241166],[88.3115059108498,22.5312879416893],[88.311461676261,22.5312785547818],[88.3114616293715,22.5312784826694],[88.311473424949,22.5312141196103],[88.3114897734486,22.531124913257],[88.3114932096659,22.5311061633632],[88.3114932411835,22.5311061490696],[88.3115479717067,22.5311174241166]]]},"properties": {
    "floor": "ground","fill-opacity":0,"stroke-opacity":1,"stroke":"#ff0000","ID":"20-445","REMARKS":"POLYGON ID-20","AREA":101.038}},
{"type":"Feature","geometry":{"type":"Polygon","coordinates":[[[88.3115224703939,22.5309465005454],[88.311519688715,22.5309616789475],[88.3115061237292,22.5310356970855],[88.311506104789,22.5310357031731],[88.3114112947163,22.5310150778224],[88.311427627711,22.5309258680943],[88.3115224703939,22.5309465005454]]]},"properties": {
    "floor": "ground","fill-opacity":0,"stroke-opacity":1,"stroke":"#ff0000","ID":"20-427","REMARKS":"POLYGON ID-20","AREA":100.182}},
{"type":"Feature","geometry":{"type":"Polygon","coordinates":[[[88.3115830304166,22.5309752934301],[88.3115479717067,22.5311174241166],[88.3114932411835,22.5311061490696],[88.3114932096659,22.5311061633632],[88.3115061237292,22.5310356970855],[88.311519688715,22.5309616789475],[88.3115196904321,22.5309616845747],[88.3115830304166,22.5309752934301]]]},"properties": {
    "floor": "ground","fill-opacity":0,"stroke-opacity":1,"stroke":"#ff0000","ID":"20-446","REMARKS":"POLYGON ID-20","AREA":100.721}},
{"type":"Feature","geometry":{"type":"Polygon","coordinates":[[[88.3115388033109,22.530857290809],[88.3115224703939,22.5309465005454],[88.311427627711,22.5309258680943],[88.3114439606878,22.5308366583645],[88.3115388033109,22.530857290809]]]},"properties": {
    "floor": "ground","fill-opacity":0,"stroke-opacity":1,"stroke":"#ff0000","ID":"20-428","REMARKS":"POLYGON ID-20","AREA":100.19}},
{"type":"Feature","geometry":{"type":"Polygon","coordinates":[[[88.3116137778194,22.5308506408924],[88.3115830304166,22.5309752934301],[88.3115196904321,22.5309616845747],[88.311519688715,22.5309616789475],[88.3115224703939,22.5309465005454],[88.3115388033109,22.530857290809],[88.3115427847683,22.5308355442337],[88.3116137778194,22.5308506408924]]]},"properties": {
    "floor": "ground","fill-opacity":0,"stroke-opacity":1,"stroke":"#ff0000","ID":"20-447","REMARKS":"POLYGON ID-20","AREA":100.315}},
{"type":"Feature","geometry":{"type":"Polygon","coordinates":[[[88.31155513621,22.530768081071],[88.3115427847683,22.5308355442337],[88.3115388033109,22.530857290809],[88.3114439606878,22.5308366583645],[88.3114602936467,22.5307474486331],[88.31155513621,22.530768081071]]]},"properties": {
    "floor": "ground","fill-opacity":0,"stroke-opacity":1,"stroke":"#ff0000","ID":"20-429","REMARKS":"POLYGON ID-20","AREA":100.19}},
{"type":"Feature","geometry":{"type":"Polygon","coordinates":[[[88.3113001189265,22.5310836550273],[88.3113949617037,22.531104287549],[88.3113786286731,22.5311934972739],[88.3112837858362,22.5311728647456],[88.3113001189265,22.5310836550273]]]},"properties": {
    "floor": "ground","fill-opacity":0,"stroke-opacity":1,"stroke":"#ff0000","ID":"20-393","REMARKS":"POLYGON ID-20","AREA":100.19}},
{"type":"Feature","geometry":{"type":"Polygon","coordinates":[[[88.3113949617037,22.531104287549],[88.3113001189265,22.5310836550273],[88.3113164519989,22.5309944453074],[88.3114112947163,22.5310150778224],[88.3113949617037,22.531104287549]]]},"properties": {
    "floor": "ground","fill-opacity":0,"stroke-opacity":1,"stroke":"#ff0000","ID":"20-394","REMARKS":"POLYGON ID-20","AREA":100.19}},
{"type":"Feature","geometry":{"type":"Polygon","coordinates":[[[88.3114897734486,22.531124913257],[88.311473424949,22.5312141196103],[88.3113786286731,22.5311934972739],[88.3113949617037,22.531104287549],[88.3114897734486,22.531124913257]]]},"properties": {
    "floor": "ground","fill-opacity":0,"stroke-opacity":1,"stroke":"#ff0000","ID":"20-425","REMARKS":"POLYGON ID-20","AREA":100.149}},
{"type":"Feature","geometry":{"type":"Polygon","coordinates":[[[88.3115061237292,22.5310356970855],[88.3114932096659,22.5311061633632],[88.3114897734486,22.531124913257],[88.3113949617037,22.531104287549],[88.3114112947163,22.5310150778224],[88.311506104789,22.5310357031731],[88.3115061237292,22.5310356970855]]]},"properties": {
    "floor": "ground","fill-opacity":0,"stroke-opacity":1,"stroke":"#ff0000","ID":"20-426","REMARKS":"POLYGON ID-20","AREA":100.165}}
]}