{
    "type": "FeatureCollection", 
    "features": [
        {
            "type": "Feature", 
            "geometry": {
                "type": "Polygon", 
                "coordinates": [
                    [
                        [88.314296088547 , 22.5329237858543], 
                        [88.3143916567467, 22.5329071818238], 
                        [88.3143737825251, 22.5328184010408], 
                        [88.3142782144677, 22.532835005478 ], 
                        [88.314296088547 , 22.5329237858543]  
                    ]
                ]
            }, 
            "properties": {
    "floor": "ground",
                "fill-opacity": 0, 
                "stroke-opacity": 1, 
                "stroke": "#ff0000", 
                "tessellate": -1, 
                "extrude": 0, 
                "visibility": true, 
                "fill-opaci": 0, 
                "stroke-opa": 1, 
                "ID": "21-375", 
                "REMARKS": "POLYGON ID-21", 
                "AREA": 100.001
            }, 
            "id": "poly21.1"
        }, 
        {
            "type": "Feature", 
            "geometry": {
                "type": "Polygon", 
                "coordinates": [
                    [
                        [88.3142839529407, 22.5333853190894], 
                        [88.3142898903944, 22.533384289617 ], 
                        [88.314272016328 , 22.5332955096675], 
                        [88.3142541422876, 22.533206729714 ], 
                        [88.3142362682729, 22.5331179497564], 
                        [88.3142183942842, 22.5330291697948], 
                        [88.3142005203214, 22.5329403898291], 
                        [88.3141826463845, 22.5328516098595], 
                        [88.3142782144677, 22.532835005478 ], 
                        [88.3143737825251, 22.5328184010408], 
                        [88.3144693505566, 22.5328017965478], 
                        [88.314163761756 , 22.532846657547 ], 
                        [88.3142839529407, 22.5333853190894]  
                    ]
                ]
            }, 
            "properties": {
    "floor": "ground",
                "fill-opacity": 0, 
                "stroke-opacity": 1, 
                "stroke": "#ff0000", 
                "tessellate": -1, 
                "extrude": 0, 
                "visibility": true, 
                "fill-opaci": 0, 
                "stroke-opa": 1, 
                "ID": "21-363", 
                "REMARKS": "POLYGON ID-21", 
                "AREA": 86.609
            }, 
            "id": "poly21.2"
        }, 
        {
            "type": "Feature", 
            "geometry": {
                "type": "Polygon", 
                "coordinates": [
                    [
                        [88.3142926056424, 22.5334240977672], 
                        [88.3143683556289, 22.5334082740249], 
                        [88.3144632125241, 22.5333884589031], 
                        [88.3145580693892, 22.5333686437266], 
                        [88.3145867230438, 22.5333626580938], 
                        [88.3145871221459, 22.5333622021073], 
                        [88.3145866345268, 22.5333623034505], 
                        [88.314580679515 , 22.5333338442301], 
                        [88.3144810096309, 22.5333511347811], 
                        [88.3143854750498, 22.5333677078858], 
                        [88.3142898903944, 22.533384289617 ], 
                        [88.3142839529407, 22.5333853190894], 
                        [88.3142926056424, 22.5334240977672]  
                    ]
                ]
            }, 
            "properties": {
    "floor": "ground",
                "fill-opacity": 0, 
                "stroke-opacity": 1, 
                "stroke": "#ff0000", 
                "tessellate": -1, 
                "extrude": 0, 
                "visibility": true, 
                "fill-opaci": 0, 
                "stroke-opa": 1, 
                "ID": "21-362", 
                "REMARKS": "POLYGON ID-21", 
                "AREA": 118.419
            }, 
            "id": "poly21.3"
        }, 
        {
            "type": "Feature", 
            "geometry": {
                "type": "Polygon", 
                "coordinates": [
                    [
                        [88.3142005203214, 22.5329403898291], 
                        [88.314296088547 , 22.5329237858543], 
                        [88.3142782144677, 22.532835005478 ], 
                        [88.3141826463845, 22.5328516098595], 
                        [88.3142005203214, 22.5329403898291]  
                    ]
                ]
            }, 
            "properties": {
    "floor": "ground",
                "fill-opacity": 0, 
                "stroke-opacity": 1, 
                "stroke": "#ff0000", 
                "tessellate": -1, 
                "extrude": 0, 
                "visibility": true, 
                "fill-opaci": 0, 
                "stroke-opa": 1, 
                "ID": "21-369", 
                "REMARKS": "POLYGON ID-21", 
                "AREA": 100
            }, 
            "id": "poly21.4"
        }, 
        {
            "type": "Feature", 
            "geometry": {
                "type": "Polygon", 
                "coordinates": [
                    [
                        [88.3143916567467, 22.5329071818238], 
                        [88.3144879029646, 22.5328904599334], 
                        [88.3144693505566, 22.5328017965478], 
                        [88.3143737825251, 22.5328184010408], 
                        [88.3143916567467, 22.5329071818238]  
                    ]
                ]
            }, 
            "properties": {
    "floor": "ground",
                "fill-opacity": 0, 
                "stroke-opacity": 1, 
                "stroke": "#ff0000", 
                "tessellate": -1, 
                "extrude": 0, 
                "visibility": true, 
                "fill-opaci": 0, 
                "stroke-opa": 1, 
                "ID": "21-381", 
                "REMARKS": "POLYGON ID-21", 
                "AREA": 100.356
            }, 
            "id": "poly21.5"
        }, 
        {
            "type": "Feature", 
            "geometry": {
                "type": "Polygon", 
                "coordinates": [
                    [
                        [88.3143139621333, 22.5330125636492], 
                        [88.3144095299564, 22.5329959574479], 
                        [88.3143916567467, 22.5329071818238], 
                        [88.314296088547 , 22.5329237858543], 
                        [88.3143139621333, 22.5330125636492]  
                    ]
                ]
            }, 
            "properties": {
    "floor": "ground",
                "fill-opacity": 0, 
                "stroke-opacity": 1, 
                "stroke": "#ff0000", 
                "tessellate": -1, 
                "extrude": 0, 
                "visibility": true, 
                "fill-opaci": 0, 
                "stroke-opa": 1, 
                "ID": "21-374", 
                "REMARKS": "POLYGON ID-21", 
                "AREA": 99.996
            }, 
            "id": "poly21.6"
        }, 
        {
            "type": "Feature", 
            "geometry": {
                "type": "Polygon", 
                "coordinates": [
                    [
                        [88.3142183942842, 22.5330291697948], 
                        [88.3143139621333, 22.5330125636492], 
                        [88.314296088547 , 22.5329237858543], 
                        [88.3142005203214, 22.5329403898291], 
                        [88.3142183942842, 22.5330291697948]  
                    ]
                ]
            }, 
            "properties": {
    "floor": "ground",
                "fill-opacity": 0, 
                "stroke-opacity": 1, 
                "stroke": "#ff0000", 
                "tessellate": -1, 
                "extrude": 0, 
                "visibility": true, 
                "fill-opaci": 0, 
                "stroke-opa": 1, 
                "ID": "21-368", 
                "REMARKS": "POLYGON ID-21", 
                "AREA": 99.999
            }, 
            "id": "poly21.7"
        }, 
        {
            "type": "Feature", 
            "geometry": {
                "type": "Polygon", 
                "coordinates": [
                    [
                        [88.3144095299564, 22.5329959574479], 
                        [88.314506453777 , 22.5329791155622], 
                        [88.3144879029646, 22.5328904599334], 
                        [88.3143916567467, 22.5329071818238], 
                        [88.3144095299564, 22.5329959574479]  
                    ]
                ]
            }, 
            "properties": {
    "floor": "ground",
                "fill-opacity": 0, 
                "stroke-opacity": 1, 
                "stroke": "#ff0000", 
                "tessellate": -1, 
                "extrude": 0, 
                "visibility": true, 
                "fill-opaci": 0, 
                "stroke-opa": 1, 
                "ID": "21-380", 
                "REMARKS": "POLYGON ID-21", 
                "AREA": 101.058
            }, 
            "id": "poly21.8"
        }, 
        {
            "type": "Feature", 
            "geometry": {
                "type": "Polygon", 
                "coordinates": [
                    [
                        [88.3143497140227, 22.5331901422699], 
                        [88.314445285732 , 22.53317355477  ], 
                        [88.3144274074969, 22.5330847544501], 
                        [88.3143318378979, 22.5331013521311], 
                        [88.3143497140227, 22.5331901422699]  
                    ]
                ]
            }, 
            "properties": {
    "floor": "ground",
                "fill-opacity": 0, 
                "stroke-opacity": 1, 
                "stroke": "#ff0000", 
                "tessellate": -1, 
                "extrude": 0, 
                "visibility": true, 
                "fill-opaci": 0, 
                "stroke-opa": 1, 
                "ID": "21-372", 
                "REMARKS": "POLYGON ID-21", 
                "AREA": 100.017
            }, 
            "id": "poly21.9"
        }, 
        {
            "type": "Feature", 
            "geometry": {
                "type": "Polygon", 
                "coordinates": [
                    [
                        [88.3142541422876, 22.533206729714 ], 
                        [88.3143497140227, 22.5331901422699], 
                        [88.3143318378979, 22.5331013521311], 
                        [88.3142362682729, 22.5331179497564], 
                        [88.3142541422876, 22.533206729714 ]  
                    ]
                ]
            }, 
            "properties": {
    "floor": "ground",
                "fill-opacity": 0, 
                "stroke-opacity": 1, 
                "stroke": "#ff0000", 
                "tessellate": -1, 
                "extrude": 0, 
                "visibility": true, 
                "fill-opaci": 0, 
                "stroke-opa": 1, 
                "ID": "21-366", 
                "REMARKS": "POLYGON ID-21", 
                "AREA": 100.006
            }, 
            "id": "poly21.10"
        }, 
        {
            "type": "Feature", 
            "geometry": {
                "type": "Polygon", 
                "coordinates": [
                    [
                        [88.314445285732 , 22.53317355477  ], 
                        [88.3145435700454, 22.5331564964057], 
                        [88.3145250113596, 22.533067803414 ], 
                        [88.3144274074969, 22.5330847544501], 
                        [88.314445285732 , 22.53317355477  ]  
                    ]
                ]
            }, 
            "properties": {
    "floor": "ground",
                "fill-opacity": 0, 
                "stroke-opacity": 1, 
                "stroke": "#ff0000", 
                "tessellate": -1, 
                "extrude": 0, 
                "visibility": true, 
                "fill-opaci": 0, 
                "stroke-opa": 1, 
                "ID": "21-378", 
                "REMARKS": "POLYGON ID-21", 
                "AREA": 102.513
            }, 
            "id": "poly21.11"
        }, 
        {
            "type": "Feature", 
            "geometry": {
                "type": "Polygon", 
                "coordinates": [
                    [
                        [88.3143318378979, 22.5331013521311], 
                        [88.3144274074969, 22.5330847544501], 
                        [88.3144095299564, 22.5329959574479], 
                        [88.3143139621333, 22.5330125636492], 
                        [88.3143318378979, 22.5331013521311]  
                    ]
                ]
            }, 
            "properties": {
    "floor": "ground",
                "fill-opacity": 0, 
                "stroke-opacity": 1, 
                "stroke": "#ff0000", 
                "tessellate": -1, 
                "extrude": 0, 
                "visibility": true, 
                "fill-opaci": 0, 
                "stroke-opa": 1, 
                "ID": "21-373", 
                "REMARKS": "POLYGON ID-21", 
                "AREA": 100.014
            }, 
            "id": "poly21.12"
        }, 
        {
            "type": "Feature", 
            "geometry": {
                "type": "Polygon", 
                "coordinates": [
                    [
                        [88.3142362682729, 22.5331179497564], 
                        [88.3143318378979, 22.5331013521311], 
                        [88.3143139621333, 22.5330125636492], 
                        [88.3142183942842, 22.5330291697948], 
                        [88.3142362682729, 22.5331179497564]  
                    ]
                ]
            }, 
            "properties": {
    "floor": "ground",
                "fill-opacity": 0, 
                "stroke-opacity": 1, 
                "stroke": "#ff0000", 
                "tessellate": -1, 
                "extrude": 0, 
                "visibility": true, 
                "fill-opaci": 0, 
                "stroke-opa": 1, 
                "ID": "21-367", 
                "REMARKS": "POLYGON ID-21", 
                "AREA": 100.005
            }, 
            "id": "poly21.13"
        }, 
        {
            "type": "Feature", 
            "geometry": {
                "type": "Polygon", 
                "coordinates": [
                    [
                        [88.3144274074969, 22.5330847544501], 
                        [88.3145250113596, 22.533067803414 ], 
                        [88.314506453777 , 22.5329791155622], 
                        [88.3144095299564, 22.5329959574479], 
                        [88.3144274074969, 22.5330847544501]  
                    ]
                ]
            }, 
            "properties": {
    "floor": "ground",
                "fill-opacity": 0, 
                "stroke-opacity": 1, 
                "stroke": "#ff0000", 
                "tessellate": -1, 
                "extrude": 0, 
                "visibility": true, 
                "fill-opaci": 0, 
                "stroke-opa": 1, 
                "ID": "21-379", 
                "REMARKS": "POLYGON ID-21", 
                "AREA": 101.798
            }, 
            "id": "poly21.14"
        }, 
        {
            "type": "Feature", 
            "geometry": {
                "type": "Polygon", 
                "coordinates": [
                    [
                        [88.3144631555997, 22.5332623133967], 
                        [88.3143675859768, 22.53327891156  ], 
                        [88.3143854588245, 22.533367685156 ], 
                        [88.3143854750498, 22.5333677078858], 
                        [88.3144810096309, 22.5333511347811], 
                        [88.3144810272287, 22.5333510806393], 
                        [88.3144631555997, 22.5332623133967]  
                    ]
                ]
            }, 
            "properties": {
    "floor": "ground",
                "fill-opacity": 0, 
                "stroke-opacity": 1, 
                "stroke": "#ff0000", 
                "tessellate": -1, 
                "extrude": 0, 
                "visibility": true, 
                "fill-opaci": 0, 
                "stroke-opa": 1, 
                "ID": "21-370", 
                "REMARKS": "POLYGON ID-21", 
                "AREA": 100.031
            }, 
            "id": "poly21.15"
        }, 
        {
            "type": "Feature", 
            "geometry": {
                "type": "Polygon", 
                "coordinates": [
                    [
                        [88.3143675859768, 22.53327891156  ], 
                        [88.314272016328 , 22.5332955096675], 
                        [88.3142898903944, 22.533384289617 ], 
                        [88.3143854750498, 22.5333677078858], 
                        [88.3143854588245, 22.533367685156 ], 
                        [88.3143675859768, 22.53327891156  ]  
                    ]
                ]
            }, 
            "properties": {
    "floor": "ground",
                "fill-opacity": 0, 
                "stroke-opacity": 1, 
                "stroke": "#ff0000", 
                "tessellate": -1, 
                "extrude": 0, 
                "visibility": true, 
                "fill-opaci": 0, 
                "stroke-opa": 1, 
                "ID": "21-364", 
                "REMARKS": "POLYGON ID-21", 
                "AREA": 100.01
            }, 
            "id": "poly21.16"
        }, 
        {
            "type": "Feature", 
            "geometry": {
                "type": "Polygon", 
                "coordinates": [
                    [
                        [88.3145621155659, 22.5332451263482], 
                        [88.3144631555997, 22.5332623133967], 
                        [88.3144810272287, 22.5333510806393], 
                        [88.3144810096309, 22.5333511347811], 
                        [88.314580679515 , 22.5333338442301], 
                        [88.3145621155659, 22.5332451263482]  
                    ]
                ]
            }, 
            "properties": {
    "floor": "ground",
                "fill-opacity": 0, 
                "stroke-opacity": 1, 
                "stroke": "#ff0000", 
                "tessellate": -1, 
                "extrude": 0, 
                "visibility": true, 
                "fill-opaci": 0, 
                "stroke-opa": 1, 
                "ID": "21-376", 
                "REMARKS": "POLYGON ID-21", 
                "AREA": 103.957
            }, 
            "id": "poly21.17"
        }, 
        {
            "type": "Feature", 
            "geometry": {
                "type": "Polygon", 
                "coordinates": [
                    [
                        [88.3143675859768, 22.53327891156  ], 
                        [88.3144631555997, 22.5332623133967], 
                        [88.314445285732 , 22.53317355477  ], 
                        [88.3143497140227, 22.5331901422699], 
                        [88.3143675859768, 22.53327891156  ]  
                    ]
                ]
            }, 
            "properties": {
    "floor": "ground",
                "fill-opacity": 0, 
                "stroke-opacity": 1, 
                "stroke": "#ff0000", 
                "tessellate": -1, 
                "extrude": 0, 
                "visibility": true, 
                "fill-opaci": 0, 
                "stroke-opa": 1, 
                "ID": "21-371", 
                "REMARKS": "POLYGON ID-21", 
                "AREA": 99.982
            }, 
            "id": "poly21.18"
        }, 
        {
            "type": "Feature", 
            "geometry": {
                "type": "Polygon", 
                "coordinates": [
                    [
                        [88.314272016328 , 22.5332955096675], 
                        [88.3143675859768, 22.53327891156  ], 
                        [88.3143497140227, 22.5331901422699], 
                        [88.3142541422876, 22.533206729714 ], 
                        [88.314272016328 , 22.5332955096675]  
                    ]
                ]
            }, 
            "properties": {
    "floor": "ground",
                "fill-opacity": 0, 
                "stroke-opacity": 1, 
                "stroke": "#ff0000", 
                "tessellate": -1, 
                "extrude": 0, 
                "visibility": true, 
                "fill-opaci": 0, 
                "stroke-opa": 1, 
                "ID": "21-365", 
                "REMARKS": "POLYGON ID-21", 
                "AREA": 99.994
            }, 
            "id": "poly21.19"
        }, 
        {
            "type": "Feature", 
            "geometry": {
                "type": "Polygon", 
                "coordinates": [
                    [
                        [88.3144631555997, 22.5332623133967], 
                        [88.3145621155659, 22.5332451263482], 
                        [88.3145435700454, 22.5331564964057], 
                        [88.314445285732 , 22.53317355477  ], 
                        [88.3144631555997, 22.5332623133967]  
                    ]
                ]
            }, 
            "properties": {
    "floor": "ground",
                "fill-opacity": 0, 
                "stroke-opacity": 1, 
                "stroke": "#ff0000", 
                "tessellate": -1, 
                "extrude": 0, 
                "visibility": true, 
                "fill-opaci": 0, 
                "stroke-opa": 1, 
                "ID": "21-377", 
                "REMARKS": "POLYGON ID-21", 
                "AREA": 103.162
            }, 
            "id": "poly21.20"
        }, 
        {
            "type": "Feature", 
            "geometry": {
                "type": "Polygon", 
                "coordinates": [
                    [
                        [88.3149331634671, 22.5355120821575], 
                        [88.3149122575176, 22.5354350497911], 
                        [88.3148013350726, 22.5354213290745], 
                        [88.3148380543801, 22.5355323801141], 
                        [88.314880290161 , 22.5355231271602], 
                        [88.3149331634671, 22.5355120821575]  
                    ]
                ]
            }, 
            "properties": {
    "floor": "ground",
                "fill-opacity": 0, 
                "stroke-opacity": 1, 
                "stroke": "#ff0000", 
                "tessellate": -1, 
                "extrude": 0, 
                "visibility": true, 
                "fill-opaci": 0, 
                "stroke-opa": 1, 
                "ID": "21-6", 
                "REMARKS": "POLYGON ID-21", 
                "AREA": 111.27
            }, 
            "id": "poly21.21"
        }, 
        {
            "type": "Feature", 
            "geometry": {
                "type": "Polygon", 
                "coordinates": [
                    [
                        [88.3153259816872, 22.5365409212498], 
                        [88.3153473131397, 22.5366290399763], 
                        [88.3154421720386, 22.5366092241866], 
                        [88.3154208405303, 22.5365211054752], 
                        [88.3153259816872, 22.5365409212498]  
                    ]
                ]
            }, 
            "properties": {
    "floor": "ground",
                "fill-opacity": 0, 
                "stroke-opacity": 1, 
                "stroke": "#ff0000", 
                "tessellate": -1, 
                "extrude": 0, 
                "visibility": true, 
                "fill-opaci": 0, 
                "stroke-opa": 1, 
                "ID": "21-37", 
                "REMARKS": "POLYGON ID-21", 
                "AREA": 100
            }, 
            "id": "poly21.22"
        }, 
        {
            "type": "Feature", 
            "geometry": {
                "type": "Polygon", 
                "coordinates": [
                    [
                        [88.3153473131397, 22.5366290399763], 
                        [88.3153643220255, 22.5366993023921], 
                        [88.3154590372275, 22.5366788928074], 
                        [88.3154421720386, 22.5366092241866], 
                        [88.3153473131397, 22.5366290399763]  
                    ]
                ]
            }, 
            "properties": {
    "floor": "ground",
                "fill-opacity": 0, 
                "stroke-opacity": 1, 
                "stroke": "#ff0000", 
                "tessellate": -1, 
                "extrude": 0, 
                "visibility": true, 
                "fill-opaci": 0, 
                "stroke-opa": 1, 
                "ID": "21-36", 
                "REMARKS": "POLYGON ID-21", 
                "AREA": 79.399
            }, 
            "id": "poly21.23"
        }, 
        {
            "type": "Feature", 
            "geometry": {
                "type": "Polygon", 
                "coordinates": [
                    [
                        [88.3151861959204, 22.535551799316 ], 
                        [88.3152810541199, 22.5355319836527], 
                        [88.3152597229161, 22.5354438648957], 
                        [88.3152118938529, 22.5354538562847], 
                        [88.3152219810498, 22.535473361081 ], 
                        [88.3151655174761, 22.5354663768588], 
                        [88.3151861959204, 22.535551799316 ]  
                    ]
                ]
            }, 
            "properties": {
    "floor": "ground",
                "fill-opacity": 0, 
                "stroke-opacity": 1, 
                "stroke": "#ff0000", 
                "tessellate": -1, 
                "extrude": 0, 
                "visibility": true, 
                "fill-opaci": 0, 
                "stroke-opa": 1, 
                "ID": "21-63", 
                "REMARKS": "POLYGON ID-21", 
                "AREA": 93.372
            }, 
            "id": "poly21.24"
        }, 
        {
            "type": "Feature", 
            "geometry": {
                "type": "Polygon", 
                "coordinates": [
                    [
                        [88.3154208405303, 22.5365211054752], 
                        [88.3154421720386, 22.5366092241866], 
                        [88.3155114774085, 22.5365947464274], 
                        [88.315518235857 , 22.536500759772 ], 
                        [88.3155156993435, 22.5365012896458], 
                        [88.3154208405303, 22.5365211054752]  
                    ]
                ]
            }, 
            "properties": {
    "floor": "ground",
                "fill-opacity": 0, 
                "stroke-opacity": 1, 
                "stroke": "#ff0000", 
                "tessellate": -1, 
                "extrude": 0, 
                "visibility": true, 
                "fill-opaci": 0, 
                "stroke-opa": 1, 
                "ID": "21-51", 
                "REMARKS": "POLYGON ID-21", 
                "AREA": 87.868
            }, 
            "id": "poly21.25"
        }, 
        {
            "type": "Feature", 
            "geometry": {
                "type": "Polygon", 
                "coordinates": [
                    [
                        [88.3154421720386, 22.5366092241866], 
                        [88.3154590372275, 22.5366788928074], 
                        [88.3155061566801, 22.5366687393095], 
                        [88.3155114774085, 22.5365947464274], 
                        [88.3154421720386, 22.5366092241866]  
                    ]
                ]
            }, 
            "properties": {
    "floor": "ground",
                "fill-opacity": 0, 
                "stroke-opacity": 1, 
                "stroke": "#ff0000", 
                "tessellate": -1, 
                "extrude": 0, 
                "visibility": true, 
                "fill-opaci": 0, 
                "stroke-opa": 1, 
                "ID": "21-50", 
                "REMARKS": "POLYGON ID-21", 
                "AREA": 48.426
            }, 
            "id": "poly21.26"
        }, 
        {
            "type": "Feature", 
            "geometry": {
                "type": "Polygon", 
                "coordinates": [
                    [
                        [88.3150913376909, 22.5355716149245], 
                        [88.3151861959204, 22.535551799316 ], 
                        [88.3151655174761, 22.5354663768588], 
                        [88.315157000542 , 22.5354653233608], 
                        [88.3150700065986, 22.5354834961373], 
                        [88.3150913376909, 22.5355716149245]  
                    ]
                ]
            }, 
            "properties": {
    "floor": "ground",
                "fill-opacity": 0, 
                "stroke-opacity": 1, 
                "stroke": "#ff0000", 
                "tessellate": -1, 
                "extrude": 0, 
                "visibility": true, 
                "fill-opaci": 0, 
                "stroke-opa": 1, 
                "ID": "21-49", 
                "REMARKS": "POLYGON ID-21", 
                "AREA": 99.873
            }, 
            "id": "poly21.27"
        }, 
        {
            "type": "Feature", 
            "geometry": {
                "type": "Polygon", 
                "coordinates": [
                    [
                        [88.3149122575176, 22.5354350497911], 
                        [88.3149331634671, 22.5355120821575], 
                        [88.3149751483948, 22.5355033116761], 
                        [88.3150700065986, 22.5354834961373], 
                        [88.315157000542 , 22.5354653233608], 
                        [88.3149122575176, 22.5354350497911]  
                    ]
                ]
            }, 
            "properties": {
    "floor": "ground",
                "fill-opacity": 0, 
                "stroke-opacity": 1, 
                "stroke": "#ff0000", 
                "tessellate": -1, 
                "extrude": 0, 
                "visibility": true, 
                "fill-opaci": 0, 
                "stroke-opa": 1, 
                "ID": "21-35", 
                "REMARKS": "POLYGON ID-21", 
                "AREA": 103.742
            }, 
            "id": "poly21.28"
        }, 
        {
            "type": "Feature", 
            "geometry": {
                "type": "Polygon", 
                "coordinates": [
                    [
                        [88.3152524542107, 22.5366488557113], 
                        [88.315231122814 , 22.5365607369697], 
                        [88.3151362639108, 22.536580552635 ], 
                        [88.3151575952517, 22.5366686713916], 
                        [88.3152524542107, 22.5366488557113]  
                    ]
                ]
            }, 
            "properties": {
    "floor": "ground",
                "fill-opacity": 0, 
                "stroke-opacity": 1, 
                "stroke": "#ff0000", 
                "tessellate": -1, 
                "extrude": 0, 
                "visibility": true, 
                "fill-opaci": 0, 
                "stroke-opa": 1, 
                "ID": "21-8", 
                "REMARKS": "POLYGON ID-21", 
                "AREA": 100
            }, 
            "id": "poly21.29"
        }, 
        {
            "type": "Feature", 
            "geometry": {
                "type": "Polygon", 
                "coordinates": [
                    [
                        [88.3152696067927, 22.5367197119222], 
                        [88.3152524542107, 22.5366488557113], 
                        [88.3151575952517, 22.5366686713916], 
                        [88.3151748915292, 22.5367401213978], 
                        [88.3152696067927, 22.5367197119222]  
                    ]
                ]
            }, 
            "properties": {
    "floor": "ground",
                "fill-opacity": 0, 
                "stroke-opacity": 1, 
                "stroke": "#ff0000", 
                "tessellate": -1, 
                "extrude": 0, 
                "visibility": true, 
                "fill-opaci": 0, 
                "stroke-opa": 1, 
                "ID": "21-7", 
                "REMARKS": "POLYGON ID-21", 
                "AREA": 80.747
            }, 
            "id": "poly21.30"
        }, 
        {
            "type": "Feature", 
            "geometry": {
                "type": "Polygon", 
                "coordinates": [
                    [
                        [88.3149016211417, 22.5356112459776], 
                        [88.3149964794313, 22.5355914304784], 
                        [88.3149751483948, 22.5355033116761], 
                        [88.3149331634671, 22.5355120821575], 
                        [88.314880290161 , 22.5355231271602], 
                        [88.3149016211417, 22.5356112459776]  
                    ]
                ]
            }, 
            "properties": {
    "floor": "ground",
                "fill-opacity": 0, 
                "stroke-opacity": 1, 
                "stroke": "#ff0000", 
                "tessellate": -1, 
                "extrude": 0, 
                "visibility": true, 
                "fill-opaci": 0, 
                "stroke-opa": 1, 
                "ID": "21-20", 
                "REMARKS": "POLYGON ID-21", 
                "AREA": 100
            }, 
            "id": "poly21.31"
        }, 
        {
            "type": "Feature", 
            "geometry": {
                "type": "Polygon", 
                "coordinates": [
                    [
                        [88.315231122814 , 22.5365607369697], 
                        [88.3152524542107, 22.5366488557113], 
                        [88.3153473131397, 22.5366290399763], 
                        [88.3153259816872, 22.5365409212498], 
                        [88.315231122814 , 22.5365607369697]  
                    ]
                ]
            }, 
            "properties": {
    "floor": "ground",
                "fill-opacity": 0, 
                "stroke-opacity": 1, 
                "stroke": "#ff0000", 
                "tessellate": -1, 
                "extrude": 0, 
                "visibility": true, 
                "fill-opaci": 0, 
                "stroke-opa": 1, 
                "ID": "21-22", 
                "REMARKS": "POLYGON ID-21", 
                "AREA": 100
            }, 
            "id": "poly21.32"
        }, 
        {
            "type": "Feature", 
            "geometry": {
                "type": "Polygon", 
                "coordinates": [
                    [
                        [88.3152524542107, 22.5366488557113], 
                        [88.3152696067927, 22.5367197119222], 
                        [88.3153643220255, 22.5366993023921], 
                        [88.3153473131397, 22.5366290399763], 
                        [88.3152524542107, 22.5366488557113]  
                    ]
                ]
            }, 
            "properties": {
    "floor": "ground",
                "fill-opacity": 0, 
                "stroke-opacity": 1, 
                "stroke": "#ff0000", 
                "tessellate": -1, 
                "extrude": 0, 
                "visibility": true, 
                "fill-opaci": 0, 
                "stroke-opa": 1, 
                "ID": "21-21", 
                "REMARKS": "POLYGON ID-21", 
                "AREA": 80.073
            }, 
            "id": "poly21.33"
        }, 
        {
            "type": "Feature", 
            "geometry": {
                "type": "Polygon", 
                "coordinates": [
                    [
                        [88.3149964794313, 22.5355914304784], 
                        [88.3150913376909, 22.5355716149245], 
                        [88.3150700065986, 22.5354834961373], 
                        [88.3149751483948, 22.5355033116761], 
                        [88.3149964794313, 22.5355914304784]  
                    ]
                ]
            }, 
            "properties": {
    "floor": "ground",
                "fill-opacity": 0, 
                "stroke-opacity": 1, 
                "stroke": "#ff0000", 
                "tessellate": -1, 
                "extrude": 0, 
                "visibility": true, 
                "fill-opaci": 0, 
                "stroke-opa": 1, 
                "ID": "21-34", 
                "REMARKS": "POLYGON ID-21", 
                "AREA": 100
            }, 
            "id": "poly21.34"
        }, 
        {
            "type": "Feature", 
            "geometry": {
                "type": "Polygon", 
                "coordinates": [
                    [
                        [88.3151362639108, 22.536580552635 ], 
                        [88.3150922704262, 22.5365887998052], 
                        [88.3151162159095, 22.5367527649325], 
                        [88.3151748915292, 22.5367401213978], 
                        [88.3151575952517, 22.5366686713916], 
                        [88.3151362639108, 22.536580552635 ]  
                    ]
                ]
            }, 
            "properties": {
    "floor": "ground",
                "fill-opacity": 0, 
                "stroke-opacity": 1, 
                "stroke": "#ff0000", 
                "tessellate": -1, 
                "extrude": 0, 
                "visibility": true, 
                "fill-opaci": 0, 
                "stroke-opa": 1, 
                "ID": "21-1", 
                "REMARKS": "POLYGON ID-21", 
                "AREA": 98.286
            }, 
            "id": "poly21.35"
        }, 
        {
            "type": "Feature", 
            "geometry": {
                "type": "Polygon", 
                "coordinates": [
                    [
                        [88.3149094373613, 22.5357941703145], 
                        [88.3149442831932, 22.5357874835972], 
                        [88.3149229521524, 22.5356993647899], 
                        [88.3149016211417, 22.5356112459776], 
                        [88.314880290161 , 22.5355231271602], 
                        [88.3148380543801, 22.5355323801141], 
                        [88.3148513625273, 22.5355726281968], 
                        [88.3149094373613, 22.5357941703145]  
                    ]
                ]
            }, 
            "properties": {
    "floor": "ground",
                "fill-opacity": 0, 
                "stroke-opacity": 1, 
                "stroke": "#ff0000", 
                "tessellate": -1, 
                "extrude": 0, 
                "visibility": true, 
                "fill-opaci": 0, 
                "stroke-opa": 1, 
                "ID": "21-5", 
                "REMARKS": "POLYGON ID-21", 
                "AREA": 118.124
            }, 
            "id": "poly21.36"
        }, 
        {
            "type": "Feature", 
            "geometry": {
                "type": "Polygon", 
                "coordinates": [
                    [
                        [88.3152361276107, 22.5345230458888], 
                        [88.3152147966255, 22.5344349271063], 
                        [88.3151199391554, 22.5344547426978], 
                        [88.3151412700848, 22.5345428614954], 
                        [88.3152361276107, 22.5345230458888]  
                    ]
                ]
            }, 
            "properties": {
    "floor": "ground",
                "fill-opacity": 0, 
                "stroke-opacity": 1, 
                "stroke": "#ff0000", 
                "tessellate": -1, 
                "extrude": 0, 
                "visibility": true, 
                "fill-opaci": 0, 
                "stroke-opa": 1, 
                "ID": "21-238", 
                "REMARKS": "POLYGON ID-21", 
                "AREA": 100
            }, 
            "id": "poly21.37"
        }, 
        {
            "type": "Feature", 
            "geometry": {
                "type": "Polygon", 
                "coordinates": [
                    [
                        [88.3159882868669, 22.5364025660842], 
                        [88.3158949678058, 22.5364213380343], 
                        [88.3158432772164, 22.5364317360258], 
                        [88.3158442295562, 22.5364751650991], 
                        [88.3159698004845, 22.5364706601667], 
                        [88.3159882868669, 22.5364025660842]  
                    ]
                ]
            }, 
            "properties": {
    "floor": "ground",
                "fill-opacity": 0, 
                "stroke-opacity": 1, 
                "stroke": "#ff0000", 
                "tessellate": -1, 
                "extrude": 0, 
                "visibility": true, 
                "fill-opaci": 0, 
                "stroke-opa": 1, 
                "ID": "21-107", 
                "REMARKS": "POLYGON ID-21", 
                "AREA": 84.227
            }, 
            "id": "poly21.38"
        }, 
        {
            "type": "Feature", 
            "geometry": {
                "type": "Polygon", 
                "coordinates": [
                    [
                        [88.3158949678058, 22.5364213380343], 
                        [88.3158738025386, 22.5363339071406], 
                        [88.3158524708114, 22.5362457884946], 
                        [88.3158378777653, 22.5361855064069], 
                        [88.3158432772164, 22.5364317360258], 
                        [88.3158949678058, 22.5364213380343]  
                    ]
                ]
            }, 
            "properties": {
    "floor": "ground",
                "fill-opacity": 0, 
                "stroke-opacity": 1, 
                "stroke": "#ff0000", 
                "tessellate": -1, 
                "extrude": 0, 
                "visibility": true, 
                "fill-opaci": 0, 
                "stroke-opa": 1, 
                "ID": "21-108", 
                "REMARKS": "POLYGON ID-21", 
                "AREA": 72.789
            }, 
            "id": "poly21.39"
        }, 
        {
            "type": "Feature", 
            "geometry": {
                "type": "Polygon", 
                "coordinates": [
                    [
                        [88.3145816595828, 22.5342894631854], 
                        [88.3144899702036, 22.5343086166046], 
                        [88.3145097068145, 22.5343970684633], 
                        [88.3146029901433, 22.5343775820737], 
                        [88.3145816595828, 22.5342894631854]  
                    ]
                ]
            }, 
            "properties": {
    "floor": "ground",
                "fill-opacity": 0, 
                "stroke-opacity": 1, 
                "stroke": "#ff0000", 
                "tessellate": -1, 
                "extrude": 0, 
                "visibility": true, 
                "fill-opaci": 0, 
                "stroke-opa": 1, 
                "ID": "21-246", 
                "REMARKS": "POLYGON ID-21", 
                "AREA": 97.5
            }, 
            "id": "poly21.40"
        }, 
        {
            "type": "Feature", 
            "geometry": {
                "type": "Polygon", 
                "coordinates": [
                    [
                        [88.3152574586259, 22.5346111646662], 
                        [88.3152361276107, 22.5345230458888], 
                        [88.3151412700848, 22.5345428614954], 
                        [88.3151626010442, 22.5346309802879], 
                        [88.3152574586259, 22.5346111646662]  
                    ]
                ]
            }, 
            "properties": {
    "floor": "ground",
                "fill-opacity": 0, 
                "stroke-opacity": 1, 
                "stroke": "#ff0000", 
                "tessellate": -1, 
                "extrude": 0, 
                "visibility": true, 
                "fill-opaci": 0, 
                "stroke-opa": 1, 
                "ID": "21-228", 
                "REMARKS": "POLYGON ID-21", 
                "AREA": 100
            }, 
            "id": "poly21.41"
        }, 
        {
            "type": "Feature", 
            "geometry": {
                "type": "Polygon", 
                "coordinates": [
                    [
                        [88.3151721347452, 22.5342586895262], 
                        [88.3151508038501, 22.5341705707286], 
                        [88.3150559465472, 22.5341903862748], 
                        [88.3150772773866, 22.5342785050875], 
                        [88.3151721347452, 22.5342586895262]  
                    ]
                ]
            }, 
            "properties": {
    "floor": "ground",
                "fill-opacity": 0, 
                "stroke-opacity": 1, 
                "stroke": "#ff0000", 
                "tessellate": -1, 
                "extrude": 0, 
                "visibility": true, 
                "fill-opaci": 0, 
                "stroke-opa": 1, 
                "ID": "21-324", 
                "REMARKS": "POLYGON ID-21", 
                "AREA": 100
            }, 
            "id": "poly21.42"
        }, 
        {
            "type": "Feature", 
            "geometry": {
                "type": "Polygon", 
                "coordinates": [
                    [
                        [88.3146243207338, 22.5344657009568], 
                        [88.3145481882155, 22.5344816046408], 
                        [88.3146631110527, 22.5346259474593], 
                        [88.3146456513543, 22.5345538198349], 
                        [88.3146243207338, 22.5344657009568]  
                    ]
                ]
            }, 
            "properties": {
    "floor": "ground",
                "fill-opacity": 0, 
                "stroke-opacity": 1, 
                "stroke": "#ff0000", 
                "tessellate": -1, 
                "extrude": 0, 
                "visibility": true, 
                "fill-opaci": 0, 
                "stroke-opa": 1, 
                "ID": "21-244", 
                "REMARKS": "POLYGON ID-21", 
                "AREA": 72.977
            }, 
            "id": "poly21.43"
        }, 
        {
            "type": "Feature", 
            "geometry": {
                "type": "Polygon", 
                "coordinates": [
                    [
                        [88.3152147966255, 22.5344349271063], 
                        [88.3151934656704, 22.5343468083188], 
                        [88.315098608256 , 22.5343666238952], 
                        [88.3151199391554, 22.5344547426978], 
                        [88.3152147966255, 22.5344349271063]  
                    ]
                ]
            }, 
            "properties": {
    "floor": "ground",
                "fill-opacity": 0, 
                "stroke-opacity": 1, 
                "stroke": "#ff0000", 
                "tessellate": -1, 
                "extrude": 0, 
                "visibility": true, 
                "fill-opaci": 0, 
                "stroke-opa": 1, 
                "ID": "21-322", 
                "REMARKS": "POLYGON ID-21", 
                "AREA": 100
            }, 
            "id": "poly21.44"
        }, 
        {
            "type": "Feature", 
            "geometry": {
                "type": "Polygon", 
                "coordinates": [
                    [
                        [88.3145176678039, 22.5340251053436], 
                        [88.3144307605399, 22.5340432610014], 
                        [88.3144504970663, 22.5341317128737], 
                        [88.3145389983658, 22.534113224625 ], 
                        [88.3145176678039, 22.5340251053436]  
                    ]
                ]
            }, 
            "properties": {
    "floor": "ground",
                "fill-opacity": 0, 
                "stroke-opacity": 1, 
                "stroke": "#ff0000", 
                "tessellate": -1, 
                "extrude": 0, 
                "visibility": true, 
                "fill-opaci": 0, 
                "stroke-opa": 1, 
                "ID": "21-249", 
                "REMARKS": "POLYGON ID-21", 
                "AREA": 92.46
            }, 
            "id": "poly21.45"
        }, 
        {
            "type": "Feature", 
            "geometry": {
                "type": "Polygon", 
                "coordinates": [
                    [
                        [88.3149919524167, 22.533926022401 ], 
                        [88.3150132837751, 22.5340141437451], 
                        [88.3151081421499, 22.5339943331181], 
                        [88.3151157657801, 22.5339927344798], 
                        [88.3150934810847, 22.5339048118181], 
                        [88.3149919524167, 22.533926022401 ]  
                    ]
                ]
            }, 
            "properties": {
    "floor": "ground",
                "fill-opacity": 0, 
                "stroke-opacity": 1, 
                "stroke": "#ff0000", 
                "tessellate": -1, 
                "extrude": 0, 
                "visibility": true, 
                "fill-opaci": 0, 
                "stroke-opa": 1, 
                "ID": "21-327", 
                "REMARKS": "POLYGON ID-21", 
                "AREA": 107.543
            }, 
            "id": "poly21.46"
        }, 
        {
            "type": "Feature", 
            "geometry": {
                "type": "Polygon", 
                "coordinates": [
                    [
                        [88.3145389983658, 22.534113224625 ], 
                        [88.3144504970663, 22.5341317128737], 
                        [88.3144702336209, 22.5342201647414], 
                        [88.314560360226 , 22.5342014730741], 
                        [88.3145389983658, 22.534113224625 ]  
                    ]
                ]
            }, 
            "properties": {
    "floor": "ground",
                "fill-opacity": 0, 
                "stroke-opacity": 1, 
                "stroke": "#ff0000", 
                "tessellate": -1, 
                "extrude": 0, 
                "visibility": true, 
                "fill-opaci": 0, 
                "stroke-opa": 1, 
                "ID": "21-248", 
                "REMARKS": "POLYGON ID-21", 
                "AREA": 94.209
            }, 
            "id": "poly21.47"
        }, 
        {
            "type": "Feature", 
            "geometry": {
                "type": "Polygon", 
                "coordinates": [
                    [
                        [88.31512970109  , 22.5340833942393], 
                        [88.3151081421499, 22.5339943331181], 
                        [88.3151081381107, 22.53399432796  ], 
                        [88.3150132837751, 22.5340141437451], 
                        [88.3150348110207, 22.5341030741819], 
                        [88.31512970109  , 22.5340833942393]  
                    ]
                ]
            }, 
            "properties": {
    "floor": "ground",
                "fill-opacity": 0, 
                "stroke-opacity": 1, 
                "stroke": "#ff0000", 
                "tessellate": -1, 
                "extrude": 0, 
                "visibility": true, 
                "fill-opaci": 0, 
                "stroke-opa": 1, 
                "ID": "21-326", 
                "REMARKS": "POLYGON ID-21", 
                "AREA": 100.998
            }, 
            "id": "poly21.48"
        }, 
        {
            "type": "Feature", 
            "geometry": {
                "type": "Polygon", 
                "coordinates": [
                    [
                        [88.3144750066594, 22.5338488663085], 
                        [88.3143912875714, 22.533866357243 ], 
                        [88.3144110240416, 22.5339548091244], 
                        [88.3144963377154, 22.5339369878889], 
                        [88.3144750066594, 22.5338488663085]  
                    ]
                ]
            }, 
            "properties": {
    "floor": "ground",
                "fill-opacity": 0, 
                "stroke-opacity": 1, 
                "stroke": "#ff0000", 
                "tessellate": -1, 
                "extrude": 0, 
                "visibility": true, 
                "fill-opaci": 0, 
                "stroke-opa": 1, 
                "ID": "21-251", 
                "REMARKS": "POLYGON ID-21", 
                "AREA": 89.1
            }, 
            "id": "poly21.49"
        }, 
        {
            "type": "Feature", 
            "geometry": {
                "type": "Polygon", 
                "coordinates": [
                    [
                        [88.3149492889932, 22.533749776406 ], 
                        [88.3149706239774, 22.5338379129868], 
                        [88.3150711999825, 22.5338169032053], 
                        [88.3150489108108, 22.5337289626262], 
                        [88.3149492889932, 22.533749776406 ]  
                    ]
                ]
            }, 
            "properties": {
    "floor": "ground",
                "fill-opacity": 0, 
                "stroke-opacity": 1, 
                "stroke": "#ff0000", 
                "tessellate": -1, 
                "extrude": 0, 
                "visibility": true, 
                "fill-opaci": 0, 
                "stroke-opa": 1, 
                "ID": "21-329", 
                "REMARKS": "POLYGON ID-21", 
                "AREA": 105.55
            }, 
            "id": "poly21.50"
        }, 
        {
            "type": "Feature", 
            "geometry": {
                "type": "Polygon", 
                "coordinates": [
                    [
                        [88.3144963377154, 22.5339369878889], 
                        [88.3144110240416, 22.5339548091244], 
                        [88.3144307605399, 22.5340432610014], 
                        [88.3145176678039, 22.5340251053436], 
                        [88.3144963377154, 22.5339369878889]  
                    ]
                ]
            }, 
            "properties": {
    "floor": "ground",
                "fill-opacity": 0, 
                "stroke-opacity": 1, 
                "stroke": "#ff0000", 
                "tessellate": -1, 
                "extrude": 0, 
                "visibility": true, 
                "fill-opaci": 0, 
                "stroke-opa": 1, 
                "ID": "21-250", 
                "REMARKS": "POLYGON ID-21", 
                "AREA": 90.778
            }, 
            "id": "poly21.51"
        }, 
        {
            "type": "Feature", 
            "geometry": {
                "type": "Polygon", 
                "coordinates": [
                    [
                        [88.3149706239774, 22.5338379129868], 
                        [88.3149919524167, 22.533926022401 ], 
                        [88.3150934810847, 22.5339048118181], 
                        [88.3150711999825, 22.5338169032053], 
                        [88.3149706239774, 22.5338379129868]  
                    ]
                ]
            }, 
            "properties": {
    "floor": "ground",
                "fill-opacity": 0, 
                "stroke-opacity": 1, 
                "stroke": "#ff0000", 
                "tessellate": -1, 
                "extrude": 0, 
                "visibility": true, 
                "fill-opaci": 0, 
                "stroke-opa": 1, 
                "ID": "21-328", 
                "REMARKS": "POLYGON ID-21", 
                "AREA": 106.519
            }, 
            "id": "poly21.52"
        }, 
        {
            "type": "Feature", 
            "geometry": {
                "type": "Polygon", 
                "coordinates": [
                    [
                        [88.3144323457091, 22.5336726275591], 
                        [88.3143518147154, 22.5336894534664], 
                        [88.3143715511294, 22.5337779053569], 
                        [88.3144536768929, 22.5337607499258], 
                        [88.3144323457091, 22.5336726275591]  
                    ]
                ]
            }, 
            "properties": {
    "floor": "ground",
                "fill-opacity": 0, 
                "stroke-opacity": 1, 
                "stroke": "#ff0000", 
                "tessellate": -1, 
                "extrude": 0, 
                "visibility": true, 
                "fill-opaci": 0, 
                "stroke-opa": 1, 
                "ID": "21-253", 
                "REMARKS": "POLYGON ID-21", 
                "AREA": 85.74
            }, 
            "id": "poly21.53"
        }, 
        {
            "type": "Feature", 
            "geometry": {
                "type": "Polygon", 
                "coordinates": [
                    [
                        [88.3149066260637, 22.5335735319356], 
                        [88.31492796243  , 22.5336616744842], 
                        [88.3150266320015, 22.5336410628032], 
                        [88.3150043411312, 22.533553115266 ], 
                        [88.3149066260637, 22.5335735319356]  
                    ]
                ]
            }, 
            "properties": {
    "floor": "ground",
                "fill-opacity": 0, 
                "stroke-opacity": 1, 
                "stroke": "#ff0000", 
                "tessellate": -1, 
                "extrude": 0, 
                "visibility": true, 
                "fill-opaci": 0, 
                "stroke-opa": 1, 
                "ID": "21-331", 
                "REMARKS": "POLYGON ID-21", 
                "AREA": 103.547
            }, 
            "id": "poly21.54"
        }, 
        {
            "type": "Feature", 
            "geometry": {
                "type": "Polygon", 
                "coordinates": [
                    [
                        [88.3144536768929, 22.5337607499258], 
                        [88.3143715511294, 22.5337779053569], 
                        [88.3143912875714, 22.533866357243 ], 
                        [88.3144750066594, 22.5338488663085], 
                        [88.3144536768929, 22.5337607499258]  
                    ]
                ]
            }, 
            "properties": {
    "floor": "ground",
                "fill-opacity": 0, 
                "stroke-opacity": 1, 
                "stroke": "#ff0000", 
                "tessellate": -1, 
                "extrude": 0, 
                "visibility": true, 
                "fill-opaci": 0, 
                "stroke-opa": 1, 
                "ID": "21-252", 
                "REMARKS": "POLYGON ID-21", 
                "AREA": 87.417
            }, 
            "id": "poly21.55"
        }, 
        {
            "type": "Feature", 
            "geometry": {
                "type": "Polygon", 
                "coordinates": [
                    [
                        [88.31492796243  , 22.5336616744842], 
                        [88.3149492889932, 22.533749776406 ], 
                        [88.3150489108108, 22.5337289626262], 
                        [88.3150266320015, 22.5336410628032], 
                        [88.31492796243  , 22.5336616744842]  
                    ]
                ]
            }, 
            "properties": {
    "floor": "ground",
                "fill-opacity": 0, 
                "stroke-opacity": 1, 
                "stroke": "#ff0000", 
                "tessellate": -1, 
                "extrude": 0, 
                "visibility": true, 
                "fill-opaci": 0, 
                "stroke-opa": 1, 
                "ID": "21-330", 
                "REMARKS": "POLYGON ID-21", 
                "AREA": 104.5
            }, 
            "id": "poly21.56"
        }, 
        {
            "type": "Feature", 
            "geometry": {
                "type": "Polygon", 
                "coordinates": [
                    [
                        [88.3143896858892, 22.5334963929637], 
                        [88.314312341972 , 22.5335125496715], 
                        [88.3143320783296, 22.5336010015712], 
                        [88.3144110162196, 22.5335845120627], 
                        [88.3143896858892, 22.5334963929637]  
                    ]
                ]
            }, 
            "properties": {
    "floor": "ground",
                "fill-opacity": 0, 
                "stroke-opacity": 1, 
                "stroke": "#ff0000", 
                "tessellate": -1, 
                "extrude": 0, 
                "visibility": true, 
                "fill-opaci": 0, 
                "stroke-opa": 1, 
                "ID": "21-255", 
                "REMARKS": "POLYGON ID-21", 
                "AREA": 82.378
            }, 
            "id": "poly21.57"
        }, 
        {
            "type": "Feature", 
            "geometry": {
                "type": "Polygon", 
                "coordinates": [
                    [
                        [88.3148639703438, 22.5333973167323], 
                        [88.3148853011932, 22.5334854367484], 
                        [88.3149820643798, 22.5334652233062], 
                        [88.3149599000274, 22.5333777746846], 
                        [88.3149588271446, 22.533377501322 ], 
                        [88.3148639703438, 22.5333973167323]  
                    ]
                ]
            }, 
            "properties": {
    "floor": "ground",
                "fill-opacity": 0, 
                "stroke-opacity": 1, 
                "stroke": "#ff0000", 
                "tessellate": -1, 
                "extrude": 0, 
                "visibility": true, 
                "fill-opaci": 0, 
                "stroke-opa": 1, 
                "ID": "21-333", 
                "REMARKS": "POLYGON ID-21", 
                "AREA": 101.506
            }, 
            "id": "poly21.58"
        }, 
        {
            "type": "Feature", 
            "geometry": {
                "type": "Polygon", 
                "coordinates": [
                    [
                        [88.3144110162196, 22.5335845120627], 
                        [88.3143320783296, 22.5336010015712], 
                        [88.3143518147154, 22.5336894534664], 
                        [88.3144323457091, 22.5336726275591], 
                        [88.3144110162196, 22.5335845120627]  
                    ]
                ]
            }, 
            "properties": {
    "floor": "ground",
                "fill-opacity": 0, 
                "stroke-opacity": 1, 
                "stroke": "#ff0000", 
                "tessellate": -1, 
                "extrude": 0, 
                "visibility": true, 
                "fill-opaci": 0, 
                "stroke-opa": 1, 
                "ID": "21-254", 
                "REMARKS": "POLYGON ID-21", 
                "AREA": 84.056
            }, 
            "id": "poly21.59"
        }, 
        {
            "type": "Feature", 
            "geometry": {
                "type": "Polygon", 
                "coordinates": [
                    [
                        [88.3148853011932, 22.5334854367484], 
                        [88.3149066260637, 22.5335735319356], 
                        [88.3150043411312, 22.533553115266 ], 
                        [88.3149820643798, 22.5334652233062], 
                        [88.3148853011932, 22.5334854367484]  
                    ]
                ]
            }, 
            "properties": {
    "floor": "ground",
                "fill-opacity": 0, 
                "stroke-opacity": 1, 
                "stroke": "#ff0000", 
                "tessellate": -1, 
                "extrude": 0, 
                "visibility": true, 
                "fill-opaci": 0, 
                "stroke-opa": 1, 
                "ID": "21-332", 
                "REMARKS": "POLYGON ID-21", 
                "AREA": 102.482
            }, 
            "id": "poly21.60"
        }, 
        {
            "type": "Feature", 
            "geometry": {
                "type": "Polygon", 
                "coordinates": [
                    [
                        [88.314312341972 , 22.5335125496715], 
                        [88.3143896858892, 22.5334963929637], 
                        [88.3143683556289, 22.5334082740249], 
                        [88.3142926056424, 22.5334240977672], 
                        [88.314312341972 , 22.5335125496715]  
                    ]
                ]
            }, 
            "properties": {
    "floor": "ground",
                "fill-opacity": 0, 
                "stroke-opacity": 1, 
                "stroke": "#ff0000", 
                "tessellate": -1, 
                "extrude": 0, 
                "visibility": true, 
                "fill-opaci": 0, 
                "stroke-opa": 1, 
                "ID": "21-256", 
                "REMARKS": "POLYGON ID-21", 
                "AREA": 80.697
            }, 
            "id": "poly21.61"
        }, 
        {
            "type": "Feature", 
            "geometry": {
                "type": "Polygon", 
                "coordinates": [
                    [
                        [88.3148426428304, 22.5333090963619], 
                        [88.3148426398046, 22.533309197869 ], 
                        [88.3148639703438, 22.5333973167323], 
                        [88.3149588271446, 22.533377501322 ], 
                        [88.3149599000274, 22.5333777746846], 
                        [88.3149374965496, 22.5332893824737], 
                        [88.3148426428304, 22.5333090963619]  
                    ]
                ]
            }, 
            "properties": {
    "floor": "ground",
                "fill-opacity": 0, 
                "stroke-opacity": 1, 
                "stroke": "#ff0000", 
                "tessellate": -1, 
                "extrude": 0, 
                "visibility": true, 
                "fill-opaci": 0, 
                "stroke-opa": 1, 
                "ID": "21-334", 
                "REMARKS": "POLYGON ID-21", 
                "AREA": 100.56
            }, 
            "id": "poly21.62"
        }, 
        {
            "type": "Feature", 
            "geometry": {
                "type": "Polygon", 
                "coordinates": [
                    [
                        [88.3147618396809, 22.5346221233748], 
                        [88.3147405089746, 22.5345340045169], 
                        [88.3146456513543, 22.5345538198349], 
                        [88.3146631110527, 22.5346259474593], 
                        [88.314674579396 , 22.5346403516501], 
                        [88.3147618396809, 22.5346221233748]  
                    ]
                ]
            }, 
            "properties": {
    "floor": "ground",
                "fill-opacity": 0, 
                "stroke-opacity": 1, 
                "stroke": "#ff0000", 
                "tessellate": -1, 
                "extrude": 0, 
                "visibility": true, 
                "fill-opaci": 0, 
                "stroke-opa": 1, 
                "ID": "21-233", 
                "REMARKS": "POLYGON ID-21", 
                "AREA": 99.273
            }, 
            "id": "poly21.63"
        }, 
        {
            "type": "Feature", 
            "geometry": {
                "type": "Polygon", 
                "coordinates": [
                    [
                        [88.3148011817623, 22.5347993634219], 
                        [88.3148045562543, 22.5347985910007], 
                        [88.3147831701658, 22.5347102423998], 
                        [88.3147618396809, 22.5346221233748], 
                        [88.314674579396 , 22.5346403516501], 
                        [88.3148011817623, 22.5347993634219]  
                    ]
                ]
            }, 
            "properties": {
    "floor": "ground",
                "fill-opacity": 0, 
                "stroke-opacity": 1, 
                "stroke": "#ff0000", 
                "tessellate": -1, 
                "extrude": 0, 
                "visibility": true, 
                "fill-opaci": 0, 
                "stroke-opa": 1, 
                "ID": "21-213", 
                "REMARKS": "POLYGON ID-21", 
                "AREA": 95.723
            }, 
            "id": "poly21.64"
        }, 
        {
            "type": "Feature", 
            "geometry": {
                "type": "Polygon", 
                "coordinates": [
                    [
                        [88.3146765170357, 22.5342696479127], 
                        [88.3145816595828, 22.5342894631854], 
                        [88.3146029901433, 22.5343775820737], 
                        [88.314697847652 , 22.5343577667858], 
                        [88.3146765170357, 22.5342696479127]  
                    ]
                ]
            }, 
            "properties": {
    "floor": "ground",
                "fill-opacity": 0, 
                "stroke-opacity": 1, 
                "stroke": "#ff0000", 
                "tessellate": -1, 
                "extrude": 0, 
                "visibility": true, 
                "fill-opaci": 0, 
                "stroke-opa": 1, 
                "ID": "21-259", 
                "REMARKS": "POLYGON ID-21", 
                "AREA": 100
            }, 
            "id": "poly21.65"
        }, 
        {
            "type": "Feature", 
            "geometry": {
                "type": "Polygon", 
                "coordinates": [
                    [
                        [88.3147405089746, 22.5345340045169], 
                        [88.3147191782983, 22.5344458856539], 
                        [88.3146243207338, 22.5344657009568], 
                        [88.3146456513543, 22.5345538198349], 
                        [88.3147405089746, 22.5345340045169]  
                    ]
                ]
            }, 
            "properties": {
    "floor": "ground",
                "fill-opacity": 0, 
                "stroke-opacity": 1, 
                "stroke": "#ff0000", 
                "tessellate": -1, 
                "extrude": 0, 
                "visibility": true, 
                "fill-opaci": 0, 
                "stroke-opa": 1, 
                "ID": "21-257", 
                "REMARKS": "POLYGON ID-21", 
                "AREA": 100
            }, 
            "id": "poly21.66"
        }, 
        {
            "type": "Feature", 
            "geometry": {
                "type": "Polygon", 
                "coordinates": [
                    [
                        [88.3146338555077, 22.5340934085584], 
                        [88.3146125247865, 22.5340052888645], 
                        [88.3145176678039, 22.5340251053436], 
                        [88.3145389983658, 22.534113224625 ], 
                        [88.3146338555077, 22.5340934085584]  
                    ]
                ]
            }, 
            "properties": {
    "floor": "ground",
                "fill-opacity": 0, 
                "stroke-opacity": 1, 
                "stroke": "#ff0000", 
                "tessellate": -1, 
                "extrude": 0, 
                "visibility": true, 
                "fill-opaci": 0, 
                "stroke-opa": 1, 
                "ID": "21-262", 
                "REMARKS": "POLYGON ID-21", 
                "AREA": 100.001
            }, 
            "id": "poly21.67"
        }, 
        {
            "type": "Feature", 
            "geometry": {
                "type": "Polygon", 
                "coordinates": [
                    [
                        [88.3146552504446, 22.5341817934052], 
                        [88.3146338555077, 22.5340934085584], 
                        [88.3145389983658, 22.534113224625 ], 
                        [88.314560360226 , 22.5342014730741], 
                        [88.3146552504446, 22.5341817934052]  
                    ]
                ]
            }, 
            "properties": {
    "floor": "ground",
                "fill-opacity": 0, 
                "stroke-opacity": 1, 
                "stroke": "#ff0000", 
                "tessellate": -1, 
                "extrude": 0, 
                "visibility": true, 
                "fill-opaci": 0, 
                "stroke-opa": 1, 
                "ID": "21-261", 
                "REMARKS": "POLYGON ID-21", 
                "AREA": 100.224
            }, 
            "id": "poly21.68"
        }, 
        {
            "type": "Feature", 
            "geometry": {
                "type": "Polygon", 
                "coordinates": [
                    [
                        [88.3145911950278, 22.5339171730179], 
                        [88.3145698631862, 22.5338290484374], 
                        [88.3144750066594, 22.5338488663085], 
                        [88.3144963377154, 22.5339369878889], 
                        [88.3145911950278, 22.5339171730179]  
                    ]
                ]
            }, 
            "properties": {
    "floor": "ground",
                "fill-opacity": 0, 
                "stroke-opacity": 1, 
                "stroke": "#ff0000", 
                "tessellate": -1, 
                "extrude": 0, 
                "visibility": true, 
                "fill-opaci": 0, 
                "stroke-opa": 1, 
                "ID": "21-264", 
                "REMARKS": "POLYGON ID-21", 
                "AREA": 100.005
            }, 
            "id": "poly21.69"
        }, 
        {
            "type": "Feature", 
            "geometry": {
                "type": "Polygon", 
                "coordinates": [
                    [
                        [88.3146125247865, 22.5340052888645], 
                        [88.3145911950278, 22.5339171730179], 
                        [88.3144963377154, 22.5339369878889], 
                        [88.3145176678039, 22.5340251053436], 
                        [88.3146125247865, 22.5340052888645]  
                    ]
                ]
            }, 
            "properties": {
    "floor": "ground",
                "fill-opacity": 0, 
                "stroke-opacity": 1, 
                "stroke": "#ff0000", 
                "tessellate": -1, 
                "extrude": 0, 
                "visibility": true, 
                "fill-opaci": 0, 
                "stroke-opa": 1, 
                "ID": "21-263", 
                "REMARKS": "POLYGON ID-21", 
                "AREA": 99.997
            }, 
            "id": "poly21.70"
        }, 
        {
            "type": "Feature", 
            "geometry": {
                "type": "Polygon", 
                "coordinates": [
                    [
                        [88.3145485340603, 22.5337409349469], 
                        [88.3145272018401, 22.5336528085438], 
                        [88.3144323457091, 22.5336726275591], 
                        [88.3144536768929, 22.5337607499258], 
                        [88.3145485340603, 22.5337409349469]  
                    ]
                ]
            }, 
            "properties": {
    "floor": "ground",
                "fill-opacity": 0, 
                "stroke-opacity": 1, 
                "stroke": "#ff0000", 
                "tessellate": -1, 
                "extrude": 0, 
                "visibility": true, 
                "fill-opaci": 0, 
                "stroke-opa": 1, 
                "ID": "21-266", 
                "REMARKS": "POLYGON ID-21", 
                "AREA": 100.006
            }, 
            "id": "poly21.71"
        }, 
        {
            "type": "Feature", 
            "geometry": {
                "type": "Polygon", 
                "coordinates": [
                    [
                        [88.3145698631862, 22.5338290484374], 
                        [88.3145485340603, 22.5337409349469], 
                        [88.3144536768929, 22.5337607499258], 
                        [88.3144750066594, 22.5338488663085], 
                        [88.3145698631862, 22.5338290484374]  
                    ]
                ]
            }, 
            "properties": {
    "floor": "ground",
                "fill-opacity": 0, 
                "stroke-opacity": 1, 
                "stroke": "#ff0000", 
                "tessellate": -1, 
                "extrude": 0, 
                "visibility": true, 
                "fill-opaci": 0, 
                "stroke-opa": 1, 
                "ID": "21-265", 
                "REMARKS": "POLYGON ID-21", 
                "AREA": 99.995
            }, 
            "id": "poly21.72"
        }, 
        {
            "type": "Feature", 
            "geometry": {
                "type": "Polygon", 
                "coordinates": [
                    [
                        [88.3145058732743, 22.5335646971092], 
                        [88.3144845428402, 22.5334765778268], 
                        [88.3143896858892, 22.5334963929637], 
                        [88.3144110162196, 22.5335845120627], 
                        [88.3145058732743, 22.5335646971092]  
                    ]
                ]
            }, 
            "properties": {
    "floor": "ground",
                "fill-opacity": 0, 
                "stroke-opacity": 1, 
                "stroke": "#ff0000", 
                "tessellate": -1, 
                "extrude": 0, 
                "visibility": true, 
                "fill-opaci": 0, 
                "stroke-opa": 1, 
                "ID": "21-268", 
                "REMARKS": "POLYGON ID-21", 
                "AREA": 100
            }, 
            "id": "poly21.73"
        }, 
        {
            "type": "Feature", 
            "geometry": {
                "type": "Polygon", 
                "coordinates": [
                    [
                        [88.3145272018401, 22.5336528085438], 
                        [88.3145058732743, 22.5335646971092], 
                        [88.3144110162196, 22.5335845120627], 
                        [88.3144323457091, 22.5336726275591], 
                        [88.3145272018401, 22.5336528085438]  
                    ]
                ]
            }, 
            "properties": {
    "floor": "ground",
                "fill-opacity": 0, 
                "stroke-opacity": 1, 
                "stroke": "#ff0000", 
                "tessellate": -1, 
                "extrude": 0, 
                "visibility": true, 
                "fill-opaci": 0, 
                "stroke-opa": 1, 
                "ID": "21-267", 
                "REMARKS": "POLYGON ID-21", 
                "AREA": 99.994
            }, 
            "id": "poly21.74"
        }, 
        {
            "type": "Feature", 
            "geometry": {
                "type": "Polygon", 
                "coordinates": [
                    [
                        [88.3144845428402, 22.5334765778268], 
                        [88.3144632125241, 22.5333884589031], 
                        [88.3143683556289, 22.5334082740249], 
                        [88.3143896858892, 22.5334963929637], 
                        [88.3144845428402, 22.5334765778268]  
                    ]
                ]
            }, 
            "properties": {
    "floor": "ground",
                "fill-opacity": 0, 
                "stroke-opacity": 1, 
                "stroke": "#ff0000", 
                "tessellate": -1, 
                "extrude": 0, 
                "visibility": true, 
                "fill-opaci": 0, 
                "stroke-opa": 1, 
                "ID": "21-269", 
                "REMARKS": "POLYGON ID-21", 
                "AREA": 100
            }, 
            "id": "poly21.75"
        }, 
        {
            "type": "Feature", 
            "geometry": {
                "type": "Polygon", 
                "coordinates": [
                    [
                        [88.3151839629391, 22.5347192267466], 
                        [88.3152788143956, 22.5346993855755], 
                        [88.3152574586259, 22.5346111646662], 
                        [88.3151626010442, 22.5346309802879], 
                        [88.3151839629391, 22.5347192267466]  
                    ]
                ]
            }, 
            "properties": {
    "floor": "ground",
                "fill-opacity": 0, 
                "stroke-opacity": 1, 
                "stroke": "#ff0000", 
                "tessellate": -1, 
                "extrude": 0, 
                "visibility": true, 
                "fill-opaci": 0, 
                "stroke-opa": 1, 
                "ID": "21-218", 
                "REMARKS": "POLYGON ID-21", 
                "AREA": 100.13
            }, 
            "id": "poly21.76"
        }, 
        {
            "type": "Feature", 
            "geometry": {
                "type": "Polygon", 
                "coordinates": [
                    [
                        [88.3146029901433, 22.5343775820737], 
                        [88.3145097068145, 22.5343970684633], 
                        [88.3145209306024, 22.5344473690829], 
                        [88.3145481882155, 22.5344816046408], 
                        [88.3146243207338, 22.5344657009568], 
                        [88.3146029901433, 22.5343775820737]  
                    ]
                ]
            }, 
            "properties": {
    "floor": "ground",
                "fill-opacity": 0, 
                "stroke-opacity": 1, 
                "stroke": "#ff0000", 
                "tessellate": -1, 
                "extrude": 0, 
                "visibility": true, 
                "fill-opaci": 0, 
                "stroke-opa": 1, 
                "ID": "21-245", 
                "REMARKS": "POLYGON ID-21", 
                "AREA": 94.919
            }, 
            "id": "poly21.77"
        }, 
        {
            "type": "Feature", 
            "geometry": {
                "type": "Polygon", 
                "coordinates": [
                    [
                        [88.3151934656704, 22.5343468083188], 
                        [88.3151721347452, 22.5342586895262], 
                        [88.3150772773866, 22.5342785050875], 
                        [88.315098608256 , 22.5343666238952], 
                        [88.3151934656704, 22.5343468083188]  
                    ]
                ]
            }, 
            "properties": {
    "floor": "ground",
                "fill-opacity": 0, 
                "stroke-opacity": 1, 
                "stroke": "#ff0000", 
                "tessellate": -1, 
                "extrude": 0, 
                "visibility": true, 
                "fill-opaci": 0, 
                "stroke-opa": 1, 
                "ID": "21-323", 
                "REMARKS": "POLYGON ID-21", 
                "AREA": 100
            }, 
            "id": "poly21.78"
        }, 
        {
            "type": "Feature", 
            "geometry": {
                "type": "Polygon", 
                "coordinates": [
                    [
                        [88.314697847652 , 22.5343577667858], 
                        [88.3146029901433, 22.5343775820737], 
                        [88.3146243207338, 22.5344657009568], 
                        [88.3147191782983, 22.5344458856539], 
                        [88.314697847652 , 22.5343577667858]  
                    ]
                ]
            }, 
            "properties": {
    "floor": "ground",
                "fill-opacity": 0, 
                "stroke-opacity": 1, 
                "stroke": "#ff0000", 
                "tessellate": -1, 
                "extrude": 0, 
                "visibility": true, 
                "fill-opaci": 0, 
                "stroke-opa": 1, 
                "ID": "21-258", 
                "REMARKS": "POLYGON ID-21", 
                "AREA": 100
            }, 
            "id": "poly21.79"
        }, 
        {
            "type": "Feature", 
            "geometry": {
                "type": "Polygon", 
                "coordinates": [
                    [
                        [88.315604157737 , 22.5339849923056], 
                        [88.3156250930846, 22.5340714905022], 
                        [88.315646421088 , 22.5341596108994], 
                        [88.315667752292 , 22.5342477296165], 
                        [88.3156840653715, 22.5343151184885], 
                        [88.3156746643208, 22.5339703691658], 
                        [88.315604157737 , 22.5339849923056]  
                    ]
                ]
            }, 
            "properties": {
    "floor": "ground",
                "fill-opacity": 0, 
                "stroke-opacity": 1, 
                "stroke": "#ff0000", 
                "tessellate": -1, 
                "extrude": 0, 
                "visibility": true, 
                "fill-opaci": 0, 
                "stroke-opa": 1, 
                "ID": "21-360", 
                "REMARKS": "POLYGON ID-21", 
                "AREA": 139.19
            }, 
            "id": "poly21.80"
        }, 
        {
            "type": "Feature", 
            "geometry": {
                "type": "Polygon", 
                "coordinates": [
                    [
                        [88.315580090584 , 22.5338855543316], 
                        [88.315604157737 , 22.5339849923056], 
                        [88.3156746643208, 22.5339703691658], 
                        [88.3156717534146, 22.5338636215702], 
                        [88.315580090584 , 22.5338855543316]  
                    ]
                ]
            }, 
            "properties": {
    "floor": "ground",
                "fill-opacity": 0, 
                "stroke-opacity": 1, 
                "stroke": "#ff0000", 
                "tessellate": -1, 
                "extrude": 0, 
                "visibility": true, 
                "fill-opaci": 0, 
                "stroke-opa": 1, 
                "ID": "21-361", 
                "REMARKS": "POLYGON ID-21", 
                "AREA": 98.001
            }, 
            "id": "poly21.81"
        }, 
        {
            "type": "Feature", 
            "geometry": {
                "type": "Polygon", 
                "coordinates": [
                    [
                        [88.3144899702036, 22.5343086166046], 
                        [88.3145816595828, 22.5342894631854], 
                        [88.314560360226 , 22.5342014730741], 
                        [88.3144702336209, 22.5342201647414], 
                        [88.3144899702036, 22.5343086166046]  
                    ]
                ]
            }, 
            "properties": {
    "floor": "ground",
                "fill-opacity": 0, 
                "stroke-opacity": 1, 
                "stroke": "#ff0000", 
                "tessellate": -1, 
                "extrude": 0, 
                "visibility": true, 
                "fill-opaci": 0, 
                "stroke-opa": 1, 
                "ID": "21-247", 
                "REMARKS": "POLYGON ID-21", 
                "AREA": 95.751
            }, 
            "id": "poly21.82"
        }, 
        {
            "type": "Feature", 
            "geometry": {
                "type": "Polygon", 
                "coordinates": [
                    [
                        [88.3151508038501, 22.5341705707286], 
                        [88.31512970109  , 22.5340833942393], 
                        [88.3150348110207, 22.5341030741819], 
                        [88.3150559465472, 22.5341903862748], 
                        [88.3151508038501, 22.5341705707286]  
                    ]
                ]
            }, 
            "properties": {
    "floor": "ground",
                "fill-opacity": 0, 
                "stroke-opacity": 1, 
                "stroke": "#ff0000", 
                "tessellate": -1, 
                "extrude": 0, 
                "visibility": true, 
                "fill-opaci": 0, 
                "stroke-opa": 1, 
                "ID": "21-325", 
                "REMARKS": "POLYGON ID-21", 
                "AREA": 99.008
            }, 
            "id": "poly21.83"
        }, 
        {
            "type": "Feature", 
            "geometry": {
                "type": "Polygon", 
                "coordinates": [
                    [
                        [88.3145816595828, 22.5342894631854], 
                        [88.3146765170357, 22.5342696479127], 
                        [88.3146552504446, 22.5341817934052], 
                        [88.314560360226 , 22.5342014730741], 
                        [88.3145816595828, 22.5342894631854]  
                    ]
                ]
            }, 
            "properties": {
    "floor": "ground",
                "fill-opacity": 0, 
                "stroke-opacity": 1, 
                "stroke": "#ff0000", 
                "tessellate": -1, 
                "extrude": 0, 
                "visibility": true, 
                "fill-opaci": 0, 
                "stroke-opa": 1, 
                "ID": "21-260", 
                "REMARKS": "POLYGON ID-21", 
                "AREA": 99.777
            }, 
            "id": "poly21.84"
        }, 
        {
            "type": "Feature", 
            "geometry": {
                "type": "Polygon", 
                "coordinates": [
                    [
                        [88.3148566973269, 22.534602307987 ], 
                        [88.3148353665648, 22.5345141891442], 
                        [88.3147405089746, 22.5345340045169], 
                        [88.3147618396809, 22.5346221233748], 
                        [88.3148566973269, 22.534602307987 ]  
                    ]
                ]
            }, 
            "properties": {
    "floor": "ground",
                "fill-opacity": 0, 
                "stroke-opacity": 1, 
                "stroke": "#ff0000", 
                "tessellate": -1, 
                "extrude": 0, 
                "visibility": true, 
                "fill-opaci": 0, 
                "stroke-opa": 1, 
                "ID": "21-234", 
                "REMARKS": "POLYGON ID-21", 
                "AREA": 100
            }, 
            "id": "poly21.85"
        }, 
        {
            "type": "Feature", 
            "geometry": {
                "type": "Polygon", 
                "coordinates": [
                    [
                        [88.314878028119 , 22.5346904268248], 
                        [88.3148566973269, 22.534602307987 ], 
                        [88.3147618396809, 22.5346221233748], 
                        [88.3147831701658, 22.5347102423998], 
                        [88.3147831704172, 22.5347102422277], 
                        [88.314878028119 , 22.5346904268248]  
                    ]
                ]
            }, 
            "properties": {
    "floor": "ground",
                "fill-opacity": 0, 
                "stroke-opacity": 1, 
                "stroke": "#ff0000", 
                "tessellate": -1, 
                "extrude": 0, 
                "visibility": true, 
                "fill-opaci": 0, 
                "stroke-opa": 1, 
                "ID": "21-224", 
                "REMARKS": "POLYGON ID-21", 
                "AREA": 100
            }, 
            "id": "poly21.86"
        }, 
        {
            "type": "Feature", 
            "geometry": {
                "type": "Polygon", 
                "coordinates": [
                    [
                        [88.3147927051307, 22.5343379514433], 
                        [88.3147713744586, 22.5342498325852], 
                        [88.3146765170357, 22.5342696479127], 
                        [88.314697847652 , 22.5343577667858], 
                        [88.3147927051307, 22.5343379514433]  
                    ]
                ]
            }, 
            "properties": {
    "floor": "ground",
                "fill-opacity": 0, 
                "stroke-opacity": 1, 
                "stroke": "#ff0000", 
                "tessellate": -1, 
                "extrude": 0, 
                "visibility": true, 
                "fill-opaci": 0, 
                "stroke-opa": 1, 
                "ID": "21-272", 
                "REMARKS": "POLYGON ID-21", 
                "AREA": 100
            }, 
            "id": "poly21.87"
        }, 
        {
            "type": "Feature", 
            "geometry": {
                "type": "Polygon", 
                "coordinates": [
                    [
                        [88.3148353665648, 22.5345141891442], 
                        [88.3148140358327, 22.5344260702962], 
                        [88.3147191782983, 22.5344458856539], 
                        [88.3147405089746, 22.5345340045169], 
                        [88.3148353665648, 22.5345141891442]  
                    ]
                ]
            }, 
            "properties": {
    "floor": "ground",
                "fill-opacity": 0, 
                "stroke-opacity": 1, 
                "stroke": "#ff0000", 
                "tessellate": -1, 
                "extrude": 0, 
                "visibility": true, 
                "fill-opaci": 0, 
                "stroke-opa": 1, 
                "ID": "21-270", 
                "REMARKS": "POLYGON ID-21", 
                "AREA": 100
            }, 
            "id": "poly21.88"
        }, 
        {
            "type": "Feature", 
            "geometry": {
                "type": "Polygon", 
                "coordinates": [
                    [
                        [88.3147287126196, 22.5340735924371], 
                        [88.3147073817391, 22.5339854723307], 
                        [88.3146125247865, 22.5340052888645], 
                        [88.3146338555077, 22.5340934085584], 
                        [88.3147287126196, 22.5340735924371]  
                    ]
                ]
            }, 
            "properties": {
    "floor": "ground",
                "fill-opacity": 0, 
                "stroke-opacity": 1, 
                "stroke": "#ff0000", 
                "tessellate": -1, 
                "extrude": 0, 
                "visibility": true, 
                "fill-opaci": 0, 
                "stroke-opa": 1, 
                "ID": "21-275", 
                "REMARKS": "POLYGON ID-21", 
                "AREA": 100.001
            }, 
            "id": "poly21.89"
        }, 
        {
            "type": "Feature", 
            "geometry": {
                "type": "Polygon", 
                "coordinates": [
                    [
                        [88.3147501406334, 22.5341621136815], 
                        [88.3147287126196, 22.5340735924371], 
                        [88.3146338555077, 22.5340934085584], 
                        [88.3146552504446, 22.5341817934052], 
                        [88.3147501406334, 22.5341621136815]  
                    ]
                ]
            }, 
            "properties": {
    "floor": "ground",
                "fill-opacity": 0, 
                "stroke-opacity": 1, 
                "stroke": "#ff0000", 
                "tessellate": -1, 
                "extrude": 0, 
                "visibility": true, 
                "fill-opaci": 0, 
                "stroke-opa": 1, 
                "ID": "21-274", 
                "REMARKS": "POLYGON ID-21", 
                "AREA": 100.379
            }, 
            "id": "poly21.90"
        }, 
        {
            "type": "Feature", 
            "geometry": {
                "type": "Polygon", 
                "coordinates": [
                    [
                        [88.3146860523103, 22.5338973580922], 
                        [88.314664719683 , 22.5338092305116], 
                        [88.3145698631862, 22.5338290484374], 
                        [88.3145911950278, 22.5339171730179], 
                        [88.3146860523103, 22.5338973580922]  
                    ]
                ]
            }, 
            "properties": {
    "floor": "ground",
                "fill-opacity": 0, 
                "stroke-opacity": 1, 
                "stroke": "#ff0000", 
                "tessellate": -1, 
                "extrude": 0, 
                "visibility": true, 
                "fill-opaci": 0, 
                "stroke-opa": 1, 
                "ID": "21-277", 
                "REMARKS": "POLYGON ID-21", 
                "AREA": 100.008
            }, 
            "id": "poly21.91"
        }, 
        {
            "type": "Feature", 
            "geometry": {
                "type": "Polygon", 
                "coordinates": [
                    [
                        [88.3147073817391, 22.5339854723307], 
                        [88.3146860523103, 22.5338973580922], 
                        [88.3145911950278, 22.5339171730179], 
                        [88.3146125247865, 22.5340052888645], 
                        [88.3147073817391, 22.5339854723307]  
                    ]
                ]
            }, 
            "properties": {
    "floor": "ground",
                "fill-opacity": 0, 
                "stroke-opacity": 1, 
                "stroke": "#ff0000", 
                "tessellate": -1, 
                "extrude": 0, 
                "visibility": true, 
                "fill-opaci": 0, 
                "stroke-opa": 1, 
                "ID": "21-276", 
                "REMARKS": "POLYGON ID-21", 
                "AREA": 99.996
            }, 
            "id": "poly21.92"
        }, 
        {
            "type": "Feature", 
            "geometry": {
                "type": "Polygon", 
                "coordinates": [
                    [
                        [88.3146433911978, 22.5337211199132], 
                        [88.314622057941 , 22.5336329894738], 
                        [88.3145272018401, 22.5336528085438], 
                        [88.3145485340603, 22.5337409349469], 
                        [88.3146433911978, 22.5337211199132]  
                    ]
                ]
            }, 
            "properties": {
    "floor": "ground",
                "fill-opacity": 0, 
                "stroke-opacity": 1, 
                "stroke": "#ff0000", 
                "tessellate": -1, 
                "extrude": 0, 
                "visibility": true, 
                "fill-opaci": 0, 
                "stroke-opa": 1, 
                "ID": "21-279", 
                "REMARKS": "POLYGON ID-21", 
                "AREA": 100.011
            }, 
            "id": "poly21.93"
        }, 
        {
            "type": "Feature", 
            "geometry": {
                "type": "Polygon", 
                "coordinates": [
                    [
                        [88.314664719683 , 22.5338092305116], 
                        [88.3146433911978, 22.5337211199132], 
                        [88.3145485340603, 22.5337409349469], 
                        [88.3145698631862, 22.5338290484374], 
                        [88.314664719683 , 22.5338092305116]  
                    ]
                ]
            }, 
            "properties": {
    "floor": "ground",
                "fill-opacity": 0, 
                "stroke-opacity": 1, 
                "stroke": "#ff0000", 
                "tessellate": -1, 
                "extrude": 0, 
                "visibility": true, 
                "fill-opaci": 0, 
                "stroke-opa": 1, 
                "ID": "21-278", 
                "REMARKS": "POLYGON ID-21", 
                "AREA": 99.992
            }, 
            "id": "poly21.94"
        }, 
        {
            "type": "Feature", 
            "geometry": {
                "type": "Polygon", 
                "coordinates": [
                    [
                        [88.3146007302991, 22.5335448821011], 
                        [88.3145793997611, 22.5334567626352], 
                        [88.3144845428402, 22.5334765778268], 
                        [88.3145058732743, 22.5335646971092], 
                        [88.3146007302991, 22.5335448821011]  
                    ]
                ]
            }, 
            "properties": {
    "floor": "ground",
                "fill-opacity": 0, 
                "stroke-opacity": 1, 
                "stroke": "#ff0000", 
                "tessellate": -1, 
                "extrude": 0, 
                "visibility": true, 
                "fill-opaci": 0, 
                "stroke-opa": 1, 
                "ID": "21-281", 
                "REMARKS": "POLYGON ID-21", 
                "AREA": 100.001
            }, 
            "id": "poly21.95"
        }, 
        {
            "type": "Feature", 
            "geometry": {
                "type": "Polygon", 
                "coordinates": [
                    [
                        [88.314622057941 , 22.5336329894738], 
                        [88.3146007302991, 22.5335448821011], 
                        [88.3145058732743, 22.5335646971092], 
                        [88.3145272018401, 22.5336528085438], 
                        [88.314622057941 , 22.5336329894738]  
                    ]
                ]
            }, 
            "properties": {
    "floor": "ground",
                "fill-opacity": 0, 
                "stroke-opacity": 1, 
                "stroke": "#ff0000", 
                "tessellate": -1, 
                "extrude": 0, 
                "visibility": true, 
                "fill-opaci": 0, 
                "stroke-opa": 1, 
                "ID": "21-280", 
                "REMARKS": "POLYGON ID-21", 
                "AREA": 99.989
            }, 
            "id": "poly21.96"
        }, 
        {
            "type": "Feature", 
            "geometry": {
                "type": "Polygon", 
                "coordinates": [
                    [
                        [88.3145793997611, 22.5334567626352], 
                        [88.3145580693892, 22.5333686437266], 
                        [88.3144632125241, 22.5333884589031], 
                        [88.3144845428402, 22.5334765778268], 
                        [88.3145793997611, 22.5334567626352]  
                    ]
                ]
            }, 
            "properties": {
    "floor": "ground",
                "fill-opacity": 0, 
                "stroke-opacity": 1, 
                "stroke": "#ff0000", 
                "tessellate": -1, 
                "extrude": 0, 
                "visibility": true, 
                "fill-opaci": 0, 
                "stroke-opa": 1, 
                "ID": "21-282", 
                "REMARKS": "POLYGON ID-21", 
                "AREA": 100
            }, 
            "id": "poly21.97"
        }, 
        {
            "type": "Feature", 
            "geometry": {
                "type": "Polygon", 
                "coordinates": [
                    [
                        [88.3148140358327, 22.5344260702962], 
                        [88.3147927051307, 22.5343379514433], 
                        [88.314697847652 , 22.5343577667858], 
                        [88.3147191782983, 22.5344458856539], 
                        [88.3148140358327, 22.5344260702962]  
                    ]
                ]
            }, 
            "properties": {
    "floor": "ground",
                "fill-opacity": 0, 
                "stroke-opacity": 1, 
                "stroke": "#ff0000", 
                "tessellate": -1, 
                "extrude": 0, 
                "visibility": true, 
                "fill-opaci": 0, 
                "stroke-opa": 1, 
                "ID": "21-271", 
                "REMARKS": "POLYGON ID-21", 
                "AREA": 100
            }, 
            "id": "poly21.98"
        }, 
        {
            "type": "Feature", 
            "geometry": {
                "type": "Polygon", 
                "coordinates": [
                    [
                        [88.3147713744586, 22.5342498325852], 
                        [88.3147501406334, 22.5341621136815], 
                        [88.3146552504446, 22.5341817934052], 
                        [88.3146765170357, 22.5342696479127], 
                        [88.3147713744586, 22.5342498325852]  
                    ]
                ]
            }, 
            "properties": {
    "floor": "ground",
                "fill-opacity": 0, 
                "stroke-opacity": 1, 
                "stroke": "#ff0000", 
                "tessellate": -1, 
                "extrude": 0, 
                "visibility": true, 
                "fill-opaci": 0, 
                "stroke-opa": 1, 
                "ID": "21-273", 
                "REMARKS": "POLYGON ID-21", 
                "AREA": 99.623
            }, 
            "id": "poly21.99"
        }, 
        {
            "type": "Feature", 
            "geometry": {
                "type": "Polygon", 
                "coordinates": [
                    [
                        [88.3152479251821, 22.5349834554074], 
                        [88.3153427829869, 22.5349636397253], 
                        [88.3153214518516, 22.5348755209681], 
                        [88.3152265941026, 22.5348953366351], 
                        [88.3152479251821, 22.5349834554074]  
                    ]
                ]
            }, 
            "properties": {
    "floor": "ground",
                "fill-opacity": 0, 
                "stroke-opacity": 1, 
                "stroke": "#ff0000", 
                "tessellate": -1, 
                "extrude": 0, 
                "visibility": true, 
                "fill-opaci": 0, 
                "stroke-opa": 1, 
                "ID": "21-191", 
                "REMARKS": "POLYGON ID-21", 
                "AREA": 100
            }, 
            "id": "poly21.100"
        }, 
        {
            "type": "Feature", 
            "geometry": {
                "type": "Polygon", 
                "coordinates": [
                    [
                        [88.3155942270512, 22.5343556640169], 
                        [88.3156155574143, 22.5344437829156], 
                        [88.3156243371641, 22.5344800492283], 
                        [88.3156882770497, 22.5344695653354], 
                        [88.3156846558841, 22.5343367732723], 
                        [88.3155942270512, 22.5343556640169]  
                    ]
                ]
            }, 
            "properties": {
    "floor": "ground",
                "fill-opacity": 0, 
                "stroke-opacity": 1, 
                "stroke": "#ff0000", 
                "tessellate": -1, 
                "extrude": 0, 
                "visibility": true, 
                "fill-opaci": 0, 
                "stroke-opa": 1, 
                "ID": "21-243", 
                "REMARKS": "POLYGON ID-21", 
                "AREA": 115.845
            }, 
            "id": "poly21.101"
        }, 
        {
            "type": "Feature", 
            "geometry": {
                "type": "Polygon", 
                "coordinates": [
                    [
                        [88.3155302341343, 22.53409130771  ], 
                        [88.3155515650766, 22.534179426484 ], 
                        [88.315646421088 , 22.5341596108994], 
                        [88.3156250930846, 22.5340714905022], 
                        [88.315625089914 , 22.5340714921772], 
                        [88.3155302341343, 22.53409130771  ]  
                    ]
                ]
            }, 
            "properties": {
    "floor": "ground",
                "fill-opacity": 0, 
                "stroke-opacity": 1, 
                "stroke": "#ff0000", 
                "tessellate": -1, 
                "extrude": 0, 
                "visibility": true, 
                "fill-opaci": 0, 
                "stroke-opa": 1, 
                "ID": "21-357", 
                "REMARKS": "POLYGON ID-21", 
                "AREA": 100
            }, 
            "id": "poly21.102"
        }, 
        {
            "type": "Feature", 
            "geometry": {
                "type": "Polygon", 
                "coordinates": [
                    [
                        [88.3155728960489, 22.534267545253 ], 
                        [88.3155942270512, 22.5343556640169], 
                        [88.3156846558841, 22.5343367732723], 
                        [88.3156840653715, 22.5343151184885], 
                        [88.315667752292 , 22.5342477296165], 
                        [88.3155728960489, 22.534267545253 ]  
                    ]
                ]
            }, 
            "properties": {
    "floor": "ground",
                "fill-opacity": 0, 
                "stroke-opacity": 1, 
                "stroke": "#ff0000", 
                "tessellate": -1, 
                "extrude": 0, 
                "visibility": true, 
                "fill-opaci": 0, 
                "stroke-opa": 1, 
                "ID": "21-355", 
                "REMARKS": "POLYGON ID-21", 
                "AREA": 99.45
            }, 
            "id": "poly21.103"
        }, 
        {
            "type": "Feature", 
            "geometry": {
                "type": "Polygon", 
                "coordinates": [
                    [
                        [88.3154858840353, 22.533908095684 ], 
                        [88.3155092626157, 22.5340046736006], 
                        [88.315604157737 , 22.5339849923056], 
                        [88.315580090584 , 22.5338855543316], 
                        [88.3154858840353, 22.533908095684 ]  
                    ]
                ]
            }, 
            "properties": {
    "floor": "ground",
                "fill-opacity": 0, 
                "stroke-opacity": 1, 
                "stroke": "#ff0000", 
                "tessellate": -1, 
                "extrude": 0, 
                "visibility": true, 
                "fill-opaci": 0, 
                "stroke-opa": 1, 
                "ID": "21-359", 
                "REMARKS": "POLYGON ID-21", 
                "AREA": 111.23
            }, 
            "id": "poly21.104"
        }, 
        {
            "type": "Feature", 
            "geometry": {
                "type": "Polygon", 
                "coordinates": [
                    [
                        [88.3156243365609, 22.5344800493272], 
                        [88.3156582193177, 22.5346200204435], 
                        [88.315679550756 , 22.5347081391141], 
                        [88.3156967159245, 22.5347790482322], 
                        [88.3156882764465, 22.5344695654343], 
                        [88.3156243365609, 22.5344800493272]  
                    ]
                ]
            }, 
            "properties": {
    "floor": "ground",
                "fill-opacity": 0, 
                "stroke-opacity": 1, 
                "stroke": "#ff0000", 
                "tessellate": -1, 
                "extrude": 0, 
                "visibility": true, 
                "fill-opaci": 0, 
                "stroke-opa": 1, 
                "ID": "21-223", 
                "REMARKS": "POLYGON ID-21", 
                "AREA": 113.176
            }, 
            "id": "poly21.105"
        }, 
        {
            "type": "Feature", 
            "geometry": {
                "type": "Polygon", 
                "coordinates": [
                    [
                        [88.3155515650766, 22.534179426484 ], 
                        [88.3155728960489, 22.534267545253 ], 
                        [88.315667752292 , 22.5342477296165], 
                        [88.315646421088 , 22.5341596108994], 
                        [88.3155515650766, 22.534179426484 ]  
                    ]
                ]
            }, 
            "properties": {
    "floor": "ground",
                "fill-opacity": 0, 
                "stroke-opacity": 1, 
                "stroke": "#ff0000", 
                "tessellate": -1, 
                "extrude": 0, 
                "visibility": true, 
                "fill-opaci": 0, 
                "stroke-opa": 1, 
                "ID": "21-356", 
                "REMARKS": "POLYGON ID-21", 
                "AREA": 99.999
            }, 
            "id": "poly21.106"
        }, 
        {
            "type": "Feature", 
            "geometry": {
                "type": "Polygon", 
                "coordinates": [
                    [
                        [88.3155092626157, 22.5340046736006], 
                        [88.3155302341343, 22.53409130771  ], 
                        [88.315625089914 , 22.5340714921772], 
                        [88.3156250930846, 22.5340714905022], 
                        [88.315604157737 , 22.5339849923056], 
                        [88.3155092626157, 22.5340046736006]  
                    ]
                ]
            }, 
            "properties": {
    "floor": "ground",
                "fill-opacity": 0, 
                "stroke-opacity": 1, 
                "stroke": "#ff0000", 
                "tessellate": -1, 
                "extrude": 0, 
                "visibility": true, 
                "fill-opaci": 0, 
                "stroke-opa": 1, 
                "ID": "21-358", 
                "REMARKS": "POLYGON ID-21", 
                "AREA": 98.242
            }, 
            "id": "poly21.107"
        }, 
        {
            "type": "Feature", 
            "geometry": {
                "type": "Polygon", 
                "coordinates": [
                    [
                        [88.3150250816552, 22.5344745582346], 
                        [88.3150464125288, 22.5345626770473], 
                        [88.3151412700848, 22.5345428614954], 
                        [88.3151199391554, 22.5344547426978], 
                        [88.3150250816552, 22.5344745582346]  
                    ]
                ]
            }, 
            "properties": {
    "floor": "ground",
                "fill-opacity": 0, 
                "stroke-opacity": 1, 
                "stroke": "#ff0000", 
                "tessellate": -1, 
                "extrude": 0, 
                "visibility": true, 
                "fill-opaci": 0, 
                "stroke-opa": 1, 
                "ID": "21-237", 
                "REMARKS": "POLYGON ID-21", 
                "AREA": 100
            }, 
            "id": "poly21.108"
        }, 
        {
            "type": "Feature", 
            "geometry": {
                "type": "Polygon", 
                "coordinates": [
                    [
                        [88.3150464125288, 22.5345626770473], 
                        [88.3150677434325, 22.5346507958549], 
                        [88.3151626010442, 22.5346309802879], 
                        [88.3151412700848, 22.5345428614954], 
                        [88.3150464125288, 22.5345626770473]  
                    ]
                ]
            }, 
            "properties": {
    "floor": "ground",
                "fill-opacity": 0, 
                "stroke-opacity": 1, 
                "stroke": "#ff0000", 
                "tessellate": -1, 
                "extrude": 0, 
                "visibility": true, 
                "fill-opaci": 0, 
                "stroke-opa": 1, 
                "ID": "21-227", 
                "REMARKS": "POLYGON ID-21", 
                "AREA": 100
            }, 
            "id": "poly21.109"
        }, 
        {
            "type": "Feature", 
            "geometry": {
                "type": "Polygon", 
                "coordinates": [
                    [
                        [88.3149610892144, 22.5342102017663], 
                        [88.314982419998 , 22.5342983205941], 
                        [88.3150772773866, 22.5342785050875], 
                        [88.3150559465472, 22.5341903862748], 
                        [88.3149610892144, 22.5342102017663]  
                    ]
                ]
            }, 
            "properties": {
    "floor": "ground",
                "fill-opacity": 0, 
                "stroke-opacity": 1, 
                "stroke": "#ff0000", 
                "tessellate": -1, 
                "extrude": 0, 
                "visibility": true, 
                "fill-opaci": 0, 
                "stroke-opa": 1, 
                "ID": "21-311", 
                "REMARKS": "POLYGON ID-21", 
                "AREA": 100
            }, 
            "id": "poly21.110"
        }, 
        {
            "type": "Feature", 
            "geometry": {
                "type": "Polygon", 
                "coordinates": [
                    [
                        [88.3150037508116, 22.5343864394169], 
                        [88.3150250816552, 22.5344745582346], 
                        [88.3151199391554, 22.5344547426978], 
                        [88.315098608256 , 22.5343666238952], 
                        [88.3150037508116, 22.5343864394169]  
                    ]
                ]
            }, 
            "properties": {
    "floor": "ground",
                "fill-opacity": 0, 
                "stroke-opacity": 1, 
                "stroke": "#ff0000", 
                "tessellate": -1, 
                "extrude": 0, 
                "visibility": true, 
                "fill-opaci": 0, 
                "stroke-opa": 1, 
                "ID": "21-309", 
                "REMARKS": "POLYGON ID-21", 
                "AREA": 100
            }, 
            "id": "poly21.111"
        }, 
        {
            "type": "Feature", 
            "geometry": {
                "type": "Polygon", 
                "coordinates": [
                    [
                        [88.3148970955542, 22.5339458390989], 
                        [88.3149184267533, 22.5340339600305], 
                        [88.3150132837751, 22.5340141437451], 
                        [88.3149919524167, 22.533926022401 ], 
                        [88.3148970955542, 22.5339458390989]  
                    ]
                ]
            }, 
            "properties": {
    "floor": "ground",
                "fill-opacity": 0, 
                "stroke-opacity": 1, 
                "stroke": "#ff0000", 
                "tessellate": -1, 
                "extrude": 0, 
                "visibility": true, 
                "fill-opaci": 0, 
                "stroke-opa": 1, 
                "ID": "21-314", 
                "REMARKS": "POLYGON ID-21", 
                "AREA": 100.003
            }, 
            "id": "poly21.112"
        }, 
        {
            "type": "Feature", 
            "geometry": {
                "type": "Polygon", 
                "coordinates": [
                    [
                        [88.3149184267533, 22.5340339600305], 
                        [88.3149399209214, 22.5341227540699], 
                        [88.3150348110207, 22.5341030741819], 
                        [88.3150132837751, 22.5340141437451], 
                        [88.3149184267533, 22.5340339600305]  
                    ]
                ]
            }, 
            "properties": {
    "floor": "ground",
                "fill-opacity": 0, 
                "stroke-opacity": 1, 
                "stroke": "#ff0000", 
                "tessellate": -1, 
                "extrude": 0, 
                "visibility": true, 
                "fill-opaci": 0, 
                "stroke-opa": 1, 
                "ID": "21-313", 
                "REMARKS": "POLYGON ID-21", 
                "AREA": 100.844
            }, 
            "id": "poly21.113"
        }, 
        {
            "type": "Feature", 
            "geometry": {
                "type": "Polygon", 
                "coordinates": [
                    [
                        [88.3148544325865, 22.5337695944959], 
                        [88.3148757667851, 22.5338577280766], 
                        [88.3149706239774, 22.5338379129868], 
                        [88.3149492889932, 22.533749776406 ], 
                        [88.3148544325865, 22.5337695944959]  
                    ]
                ]
            }, 
            "properties": {
    "floor": "ground",
                "fill-opacity": 0, 
                "stroke-opacity": 1, 
                "stroke": "#ff0000", 
                "tessellate": -1, 
                "extrude": 0, 
                "visibility": true, 
                "fill-opaci": 0, 
                "stroke-opa": 1, 
                "ID": "21-316", 
                "REMARKS": "POLYGON ID-21", 
                "AREA": 100.018
            }, 
            "id": "poly21.114"
        }, 
        {
            "type": "Feature", 
            "geometry": {
                "type": "Polygon", 
                "coordinates": [
                    [
                        [88.3148757667851, 22.5338577280766], 
                        [88.3148970955542, 22.5339458390989], 
                        [88.3149919524167, 22.533926022401 ], 
                        [88.3149706239774, 22.5338379129868], 
                        [88.3148757667851, 22.5338577280766]  
                    ]
                ]
            }, 
            "properties": {
    "floor": "ground",
                "fill-opacity": 0, 
                "stroke-opacity": 1, 
                "stroke": "#ff0000", 
                "tessellate": -1, 
                "extrude": 0, 
                "visibility": true, 
                "fill-opaci": 0, 
                "stroke-opa": 1, 
                "ID": "21-315", 
                "REMARKS": "POLYGON ID-21", 
                "AREA": 99.99
            }, 
            "id": "poly21.115"
        }, 
        {
            "type": "Feature", 
            "geometry": {
                "type": "Polygon", 
                "coordinates": [
                    [
                        [88.3148117700528, 22.5335933511697], 
                        [88.3148331053826, 22.5336814896819], 
                        [88.31492796243  , 22.5336616744842], 
                        [88.3149066260637, 22.5335735319356], 
                        [88.3148117700528, 22.5335933511697]  
                    ]
                ]
            }, 
            "properties": {
    "floor": "ground",
                "fill-opacity": 0, 
                "stroke-opacity": 1, 
                "stroke": "#ff0000", 
                "tessellate": -1, 
                "extrude": 0, 
                "visibility": true, 
                "fill-opaci": 0, 
                "stroke-opa": 1, 
                "ID": "21-318", 
                "REMARKS": "POLYGON ID-21", 
                "AREA": 100.025
            }, 
            "id": "poly21.116"
        }, 
        {
            "type": "Feature", 
            "geometry": {
                "type": "Polygon", 
                "coordinates": [
                    [
                        [88.3148331053826, 22.5336814896819], 
                        [88.3148544325865, 22.5337695944959], 
                        [88.3149492889932, 22.533749776406 ], 
                        [88.31492796243  , 22.5336616744842], 
                        [88.3148331053826, 22.5336814896819]  
                    ]
                ]
            }, 
            "properties": {
    "floor": "ground",
                "fill-opacity": 0, 
                "stroke-opacity": 1, 
                "stroke": "#ff0000", 
                "tessellate": -1, 
                "extrude": 0, 
                "visibility": true, 
                "fill-opaci": 0, 
                "stroke-opa": 1, 
                "ID": "21-317", 
                "REMARKS": "POLYGON ID-21", 
                "AREA": 99.982
            }, 
            "id": "poly21.117"
        }, 
        {
            "type": "Feature", 
            "geometry": {
                "type": "Polygon", 
                "coordinates": [
                    [
                        [88.3147691135129, 22.533417132088 ], 
                        [88.3147904442585, 22.5335052519206], 
                        [88.3148853011932, 22.5334854367484], 
                        [88.3148639703438, 22.5333973167323], 
                        [88.3147691135129, 22.533417132088 ]  
                    ]
                ]
            }, 
            "properties": {
    "floor": "ground",
                "fill-opacity": 0, 
                "stroke-opacity": 1, 
                "stroke": "#ff0000", 
                "tessellate": -1, 
                "extrude": 0, 
                "visibility": true, 
                "fill-opaci": 0, 
                "stroke-opa": 1, 
                "ID": "21-320", 
                "REMARKS": "POLYGON ID-21", 
                "AREA": 100.001
            }, 
            "id": "poly21.118"
        }, 
        {
            "type": "Feature", 
            "geometry": {
                "type": "Polygon", 
                "coordinates": [
                    [
                        [88.3147904442585, 22.5335052519206], 
                        [88.3148117700528, 22.5335933511697], 
                        [88.3149066260637, 22.5335735319356], 
                        [88.3148853011932, 22.5334854367484], 
                        [88.3147904442585, 22.5335052519206]  
                    ]
                ]
            }, 
            "properties": {
    "floor": "ground",
                "fill-opacity": 0, 
                "stroke-opacity": 1, 
                "stroke": "#ff0000", 
                "tessellate": -1, 
                "extrude": 0, 
                "visibility": true, 
                "fill-opaci": 0, 
                "stroke-opa": 1, 
                "ID": "21-319", 
                "REMARKS": "POLYGON ID-21", 
                "AREA": 99.975
            }, 
            "id": "poly21.119"
        }, 
        {
            "type": "Feature", 
            "geometry": {
                "type": "Polygon", 
                "coordinates": [
                    [
                        [88.3147477932063, 22.5333288093381], 
                        [88.3147477830295, 22.5333290132095], 
                        [88.3147691135129, 22.533417132088 ], 
                        [88.3148639703438, 22.5333973167323], 
                        [88.3148426398046, 22.533309197869 ], 
                        [88.3148426428304, 22.5333090963619], 
                        [88.3147477932063, 22.5333288093381]  
                    ]
                ]
            }, 
            "properties": {
    "floor": "ground",
                "fill-opacity": 0, 
                "stroke-opacity": 1, 
                "stroke": "#ff0000", 
                "tessellate": -1, 
                "extrude": 0, 
                "visibility": true, 
                "fill-opaci": 0, 
                "stroke-opa": 1, 
                "ID": "21-321", 
                "REMARKS": "POLYGON ID-21", 
                "AREA": 100.163
            }, 
            "id": "poly21.120"
        }, 
        {
            "type": "Feature", 
            "geometry": {
                "type": "Polygon", 
                "coordinates": [
                    [
                        [88.3150891114526, 22.5347390678629], 
                        [88.3151839629391, 22.5347192267466], 
                        [88.3151626010442, 22.5346309802879], 
                        [88.3150677434325, 22.5346507958549], 
                        [88.3150891114526, 22.5347390678629]  
                    ]
                ]
            }, 
            "properties": {
    "floor": "ground",
                "fill-opacity": 0, 
                "stroke-opacity": 1, 
                "stroke": "#ff0000", 
                "tessellate": -1, 
                "extrude": 0, 
                "visibility": true, 
                "fill-opaci": 0, 
                "stroke-opa": 1, 
                "ID": "21-217", 
                "REMARKS": "POLYGON ID-21", 
                "AREA": 100.159
            }, 
            "id": "poly21.121"
        }, 
        {
            "type": "Feature", 
            "geometry": {
                "type": "Polygon", 
                "coordinates": [
                    [
                        [88.314982419998 , 22.5342983205941], 
                        [88.3150037508116, 22.5343864394169], 
                        [88.315098608256 , 22.5343666238952], 
                        [88.3150772773866, 22.5342785050875], 
                        [88.314982419998 , 22.5342983205941]  
                    ]
                ]
            }, 
            "properties": {
    "floor": "ground",
                "fill-opacity": 0, 
                "stroke-opacity": 1, 
                "stroke": "#ff0000", 
                "tessellate": -1, 
                "extrude": 0, 
                "visibility": true, 
                "fill-opaci": 0, 
                "stroke-opa": 1, 
                "ID": "21-310", 
                "REMARKS": "POLYGON ID-21", 
                "AREA": 100
            }, 
            "id": "poly21.122"
        }, 
        {
            "type": "Feature", 
            "geometry": {
                "type": "Polygon", 
                "coordinates": [
                    [
                        [88.3149399209214, 22.5341227540699], 
                        [88.3149610892144, 22.5342102017663], 
                        [88.3150559465472, 22.5341903862748], 
                        [88.3150348110207, 22.5341030741819], 
                        [88.3149399209214, 22.5341227540699]  
                    ]
                ]
            }, 
            "properties": {
    "floor": "ground",
                "fill-opacity": 0, 
                "stroke-opacity": 1, 
                "stroke": "#ff0000", 
                "tessellate": -1, 
                "extrude": 0, 
                "visibility": true, 
                "fill-opaci": 0, 
                "stroke-opa": 1, 
                "ID": "21-312", 
                "REMARKS": "POLYGON ID-21", 
                "AREA": 99.161
            }, 
            "id": "poly21.123"
        }, 
        {
            "type": "Feature", 
            "geometry": {
                "type": "Polygon", 
                "coordinates": [
                    [
                        [88.3151530673472, 22.5350032710347], 
                        [88.3152479251821, 22.5349834554074], 
                        [88.3152265941026, 22.5348953366351], 
                        [88.3151317363235, 22.5349151522474], 
                        [88.3151530673472, 22.5350032710347]  
                    ]
                ]
            }, 
            "properties": {
    "floor": "ground",
                "fill-opacity": 0, 
                "stroke-opacity": 1, 
                "stroke": "#ff0000", 
                "tessellate": -1, 
                "extrude": 0, 
                "visibility": true, 
                "fill-opaci": 0, 
                "stroke-opa": 1, 
                "ID": "21-190", 
                "REMARKS": "POLYGON ID-21", 
                "AREA": 100
            }, 
            "id": "poly21.124"
        }, 
        {
            "type": "Feature", 
            "geometry": {
                "type": "Polygon", 
                "coordinates": [
                    [
                        [88.3154258422654, 22.5344834145757], 
                        [88.3154045111514, 22.5343952958271], 
                        [88.3153096540657, 22.5344151114602], 
                        [88.3153309851066, 22.5345032302276], 
                        [88.3154258422654, 22.5344834145757]  
                    ]
                ]
            }, 
            "properties": {
    "floor": "ground",
                "fill-opacity": 0, 
                "stroke-opacity": 1, 
                "stroke": "#ff0000", 
                "tessellate": -1, 
                "extrude": 0, 
                "visibility": true, 
                "fill-opaci": 0, 
                "stroke-opa": 1, 
                "ID": "21-240", 
                "REMARKS": "POLYGON ID-21", 
                "AREA": 100
            }, 
            "id": "poly21.125"
        }, 
        {
            "type": "Feature", 
            "geometry": {
                "type": "Polygon", 
                "coordinates": [
                    [
                        [88.3154471734095, 22.5345715333194], 
                        [88.3154258422654, 22.5344834145757], 
                        [88.3153309851066, 22.5345032302276], 
                        [88.3153523161776, 22.5345913489899], 
                        [88.3154471734095, 22.5345715333194]  
                    ]
                ]
            }, 
            "properties": {
    "floor": "ground",
                "fill-opacity": 0, 
                "stroke-opacity": 1, 
                "stroke": "#ff0000", 
                "tessellate": -1, 
                "extrude": 0, 
                "visibility": true, 
                "fill-opaci": 0, 
                "stroke-opa": 1, 
                "ID": "21-230", 
                "REMARKS": "POLYGON ID-21", 
                "AREA": 100
            }, 
            "id": "poly21.126"
        }, 
        {
            "type": "Feature", 
            "geometry": {
                "type": "Polygon", 
                "coordinates": [
                    [
                        [88.3153618490133, 22.5342190583146], 
                        [88.3153405179893, 22.5341309395507], 
                        [88.3152456611229, 22.5341507551277], 
                        [88.3152669920738, 22.5342388739102], 
                        [88.3153618490133, 22.5342190583146]  
                    ]
                ]
            }, 
            "properties": {
    "floor": "ground",
                "fill-opacity": 0, 
                "stroke-opacity": 1, 
                "stroke": "#ff0000", 
                "tessellate": -1, 
                "extrude": 0, 
                "visibility": true, 
                "fill-opaci": 0, 
                "stroke-opa": 1, 
                "ID": "21-342", 
                "REMARKS": "POLYGON ID-21", 
                "AREA": 100
            }, 
            "id": "poly21.127"
        }, 
        {
            "type": "Feature", 
            "geometry": {
                "type": "Polygon", 
                "coordinates": [
                    [
                        [88.3154045111514, 22.5343952958271], 
                        [88.3153831800673, 22.5343071770733], 
                        [88.3152883230547, 22.5343269926877], 
                        [88.3153096540657, 22.5344151114602], 
                        [88.3154045111514, 22.5343952958271]  
                    ]
                ]
            }, 
            "properties": {
    "floor": "ground",
                "fill-opacity": 0, 
                "stroke-opacity": 1, 
                "stroke": "#ff0000", 
                "tessellate": -1, 
                "extrude": 0, 
                "visibility": true, 
                "fill-opaci": 0, 
                "stroke-opa": 1, 
                "ID": "21-340", 
                "REMARKS": "POLYGON ID-21", 
                "AREA": 100
            }, 
            "id": "poly21.128"
        }, 
        {
            "type": "Feature", 
            "geometry": {
                "type": "Polygon", 
                "coordinates": [
                    [
                        [88.3153194807458, 22.5340440342714], 
                        [88.3152974862751, 22.5339531745337], 
                        [88.3152032888208, 22.5339757135247], 
                        [88.3152245911296, 22.5340637142419], 
                        [88.3153194807458, 22.5340440342714]  
                    ]
                ]
            }, 
            "properties": {
    "floor": "ground",
                "fill-opacity": 0, 
                "stroke-opacity": 1, 
                "stroke": "#ff0000", 
                "tessellate": -1, 
                "extrude": 0, 
                "visibility": true, 
                "fill-opaci": 0, 
                "stroke-opa": 1, 
                "ID": "21-344", 
                "REMARKS": "POLYGON ID-21", 
                "AREA": 101.488
            }, 
            "id": "poly21.129"
        }, 
        {
            "type": "Feature", 
            "geometry": {
                "type": "Polygon", 
                "coordinates": [
                    [
                        [88.315373665822 , 22.5346795443498], 
                        [88.3154685169459, 22.5346597031264], 
                        [88.3154471734095, 22.5345715333194], 
                        [88.3153523161776, 22.5345913489899], 
                        [88.315373665822 , 22.5346795443498]  
                    ]
                ]
            }, 
            "properties": {
    "floor": "ground",
                "fill-opacity": 0, 
                "stroke-opacity": 1, 
                "stroke": "#ff0000", 
                "tessellate": -1, 
                "extrude": 0, 
                "visibility": true, 
                "fill-opaci": 0, 
                "stroke-opa": 1, 
                "ID": "21-220", 
                "REMARKS": "POLYGON ID-21", 
                "AREA": 100.072
            }, 
            "id": "poly21.130"
        }, 
        {
            "type": "Feature", 
            "geometry": {
                "type": "Polygon", 
                "coordinates": [
                    [
                        [88.3153831800673, 22.5343071770733], 
                        [88.3153618490133, 22.5342190583146], 
                        [88.3152669920738, 22.5342388739102], 
                        [88.3152883230547, 22.5343269926877], 
                        [88.3153831800673, 22.5343071770733]  
                    ]
                ]
            }, 
            "properties": {
    "floor": "ground",
                "fill-opacity": 0, 
                "stroke-opacity": 1, 
                "stroke": "#ff0000", 
                "tessellate": -1, 
                "extrude": 0, 
                "visibility": true, 
                "fill-opaci": 0, 
                "stroke-opa": 1, 
                "ID": "21-341", 
                "REMARKS": "POLYGON ID-21", 
                "AREA": 100
            }, 
            "id": "poly21.131"
        }, 
        {
            "type": "Feature", 
            "geometry": {
                "type": "Polygon", 
                "coordinates": [
                    [
                        [88.3153405179893, 22.5341309395507], 
                        [88.3153194807458, 22.5340440342714], 
                        [88.3152245911296, 22.5340637142419], 
                        [88.3152456611229, 22.5341507551277], 
                        [88.3153405179893, 22.5341309395507]  
                    ]
                ]
            }, 
            "properties": {
    "floor": "ground",
                "fill-opacity": 0, 
                "stroke-opacity": 1, 
                "stroke": "#ff0000", 
                "tessellate": -1, 
                "extrude": 0, 
                "visibility": true, 
                "fill-opaci": 0, 
                "stroke-opa": 1, 
                "ID": "21-343", 
                "REMARKS": "POLYGON ID-21", 
                "AREA": 98.699
            }, 
            "id": "poly21.132"
        }, 
        {
            "type": "Feature", 
            "geometry": {
                "type": "Polygon", 
                "coordinates": [
                    [
                        [88.3154376407617, 22.5349438239886], 
                        [88.3155324982859, 22.5349240082432], 
                        [88.3155111670217, 22.5348358895198], 
                        [88.3154163095707, 22.5348557052465], 
                        [88.3154376407617, 22.5349438239886]  
                    ]
                ]
            }, 
            "properties": {
    "floor": "ground",
                "fill-opacity": 0, 
                "stroke-opacity": 1, 
                "stroke": "#ff0000", 
                "tessellate": -1, 
                "extrude": 0, 
                "visibility": true, 
                "fill-opaci": 0, 
                "stroke-opa": 1, 
                "ID": "21-193", 
                "REMARKS": "POLYGON ID-21", 
                "AREA": 100
            }, 
            "id": "poly21.133"
        }, 
        {
            "type": "Feature", 
            "geometry": {
                "type": "Polygon", 
                "coordinates": [
                    [
                        [88.3149515223799, 22.5345824993468], 
                        [88.314930193888 , 22.5344943800332], 
                        [88.3148353665648, 22.5345141891442], 
                        [88.3148566973269, 22.534602307987 ], 
                        [88.3149515223799, 22.5345824993468]  
                    ]
                ]
            }, 
            "properties": {
    "floor": "ground",
                "fill-opacity": 0, 
                "stroke-opacity": 1, 
                "stroke": "#ff0000", 
                "tessellate": -1, 
                "extrude": 0, 
                "visibility": true, 
                "fill-opaci": 0, 
                "stroke-opa": 1, 
                "ID": "21-235", 
                "REMARKS": "POLYGON ID-21", 
                "AREA": 99.967
            }, 
            "id": "poly21.134"
        }, 
        {
            "type": "Feature", 
            "geometry": {
                "type": "Polygon", 
                "coordinates": [
                    [
                        [88.3149728509018, 22.5346706186554], 
                        [88.3149515223799, 22.5345824993468], 
                        [88.3148566973269, 22.534602307987 ], 
                        [88.314878028119 , 22.5346904268248], 
                        [88.3149728509018, 22.5346706186554]  
                    ]
                ]
            }, 
            "properties": {
    "floor": "ground",
                "fill-opacity": 0, 
                "stroke-opacity": 1, 
                "stroke": "#ff0000", 
                "tessellate": -1, 
                "extrude": 0, 
                "visibility": true, 
                "fill-opaci": 0, 
                "stroke-opa": 1, 
                "ID": "21-225", 
                "REMARKS": "POLYGON ID-21", 
                "AREA": 99.964
            }, 
            "id": "poly21.135"
        }, 
        {
            "type": "Feature", 
            "geometry": {
                "type": "Polygon", 
                "coordinates": [
                    [
                        [88.3148875369942, 22.5343181413907], 
                        [88.3148662085923, 22.5342300220619], 
                        [88.3147713744586, 22.5342498325852], 
                        [88.3147927051307, 22.5343379514433], 
                        [88.3148875369942, 22.5343181413907]  
                    ]
                ]
            }, 
            "properties": {
    "floor": "ground",
                "fill-opacity": 0, 
                "stroke-opacity": 1, 
                "stroke": "#ff0000", 
                "tessellate": -1, 
                "extrude": 0, 
                "visibility": true, 
                "fill-opaci": 0, 
                "stroke-opa": 1, 
                "ID": "21-285", 
                "REMARKS": "POLYGON ID-21", 
                "AREA": 99.974
            }, 
            "id": "poly21.136"
        }, 
        {
            "type": "Feature", 
            "geometry": {
                "type": "Polygon", 
                "coordinates": [
                    [
                        [88.314930193888 , 22.5344943800332], 
                        [88.3149088654261, 22.5344062607145], 
                        [88.3148140358327, 22.5344260702962], 
                        [88.3148353665648, 22.5345141891442], 
                        [88.314930193888 , 22.5344943800332]  
                    ]
                ]
            }, 
            "properties": {
    "floor": "ground",
                "fill-opacity": 0, 
                "stroke-opacity": 1, 
                "stroke": "#ff0000", 
                "tessellate": -1, 
                "extrude": 0, 
                "visibility": true, 
                "fill-opaci": 0, 
                "stroke-opa": 1, 
                "ID": "21-283", 
                "REMARKS": "POLYGON ID-21", 
                "AREA": 99.969
            }, 
            "id": "poly21.137"
        }, 
        {
            "type": "Feature", 
            "geometry": {
                "type": "Polygon", 
                "coordinates": [
                    [
                        [88.3148235510942, 22.5340537801483], 
                        [88.3148022223804, 22.5339656591435], 
                        [88.3147073817391, 22.5339854723307], 
                        [88.3147287126196, 22.5340735924371], 
                        [88.3148235510942, 22.5340537801483]  
                    ]
                ]
            }, 
            "properties": {
    "floor": "ground",
                "fill-opacity": 0, 
                "stroke-opacity": 1, 
                "stroke": "#ff0000", 
                "tessellate": -1, 
                "extrude": 0, 
                "visibility": true, 
                "fill-opaci": 0, 
                "stroke-opa": 1, 
                "ID": "21-288", 
                "REMARKS": "POLYGON ID-21", 
                "AREA": 99.983
            }, 
            "id": "poly21.138"
        }, 
        {
            "type": "Feature", 
            "geometry": {
                "type": "Polygon", 
                "coordinates": [
                    [
                        [88.3148450098377, 22.5341424382489], 
                        [88.3148235510942, 22.5340537801483], 
                        [88.3147287126196, 22.5340735924371], 
                        [88.3147501406334, 22.5341621136815], 
                        [88.3148450098377, 22.5341424382489]  
                    ]
                ]
            }, 
            "properties": {
    "floor": "ground",
                "fill-opacity": 0, 
                "stroke-opacity": 1, 
                "stroke": "#ff0000", 
                "tessellate": -1, 
                "extrude": 0, 
                "visibility": true, 
                "fill-opaci": 0, 
                "stroke-opa": 1, 
                "ID": "21-287", 
                "REMARKS": "POLYGON ID-21", 
                "AREA": 100.513
            }, 
            "id": "poly21.139"
        }, 
        {
            "type": "Feature", 
            "geometry": {
                "type": "Polygon", 
                "coordinates": [
                    [
                        [88.3147808956071, 22.5338775460269], 
                        [88.3147595645205, 22.5337894149607], 
                        [88.314664719683 , 22.5338092305116], 
                        [88.3146860523103, 22.5338973580922], 
                        [88.3147808956071, 22.5338775460269]  
                    ]
                ]
            }, 
            "properties": {
    "floor": "ground",
                "fill-opacity": 0, 
                "stroke-opacity": 1, 
                "stroke": "#ff0000", 
                "tessellate": -1, 
                "extrude": 0, 
                "visibility": true, 
                "fill-opaci": 0, 
                "stroke-opa": 1, 
                "ID": "21-290", 
                "REMARKS": "POLYGON ID-21", 
                "AREA": 99.998
            }, 
            "id": "poly21.140"
        }, 
        {
            "type": "Feature", 
            "geometry": {
                "type": "Polygon", 
                "coordinates": [
                    [
                        [88.3148022223804, 22.5339656591435], 
                        [88.3147808956071, 22.5338775460269], 
                        [88.3146860523103, 22.5338973580922], 
                        [88.3147073817391, 22.5339854723307], 
                        [88.3148022223804, 22.5339656591435]  
                    ]
                ]
            }, 
            "properties": {
    "floor": "ground",
                "fill-opacity": 0, 
                "stroke-opacity": 1, 
                "stroke": "#ff0000", 
                "tessellate": -1, 
                "extrude": 0, 
                "visibility": true, 
                "fill-opaci": 0, 
                "stroke-opa": 1, 
                "ID": "21-289", 
                "REMARKS": "POLYGON ID-21", 
                "AREA": 99.978
            }, 
            "id": "poly21.141"
        }, 
        {
            "type": "Feature", 
            "geometry": {
                "type": "Polygon", 
                "coordinates": [
                    [
                        [88.3147382390016, 22.5337013067684], 
                        [88.3147169070347, 22.5336131718069], 
                        [88.314622057941 , 22.5336329894738], 
                        [88.3146433911978, 22.5337211199132], 
                        [88.3147382390016, 22.5337013067684]  
                    ]
                ]
            }, 
            "properties": {
    "floor": "ground",
                "fill-opacity": 0, 
                "stroke-opacity": 1, 
                "stroke": "#ff0000", 
                "tessellate": -1, 
                "extrude": 0, 
                "visibility": true, 
                "fill-opaci": 0, 
                "stroke-opa": 1, 
                "ID": "21-292", 
                "REMARKS": "POLYGON ID-21", 
                "AREA": 100.007
            }, 
            "id": "poly21.142"
        }, 
        {
            "type": "Feature", 
            "geometry": {
                "type": "Polygon", 
                "coordinates": [
                    [
                        [88.3147595645205, 22.5337894149607], 
                        [88.3147382390016, 22.5337013067684], 
                        [88.3146433911978, 22.5337211199132], 
                        [88.314664719683 , 22.5338092305116], 
                        [88.3147595645205, 22.5337894149607]  
                    ]
                ]
            }, 
            "properties": {
    "floor": "ground",
                "fill-opacity": 0, 
                "stroke-opacity": 1, 
                "stroke": "#ff0000", 
                "tessellate": -1, 
                "extrude": 0, 
                "visibility": true, 
                "fill-opaci": 0, 
                "stroke-opa": 1, 
                "ID": "21-291", 
                "REMARKS": "POLYGON ID-21", 
                "AREA": 99.978
            }, 
            "id": "poly21.143"
        }, 
        {
            "type": "Feature", 
            "geometry": {
                "type": "Polygon", 
                "coordinates": [
                    [
                        [88.314695582642 , 22.5335250680099], 
                        [88.3146742543261, 22.5334369478748], 
                        [88.3145793997611, 22.5334567626352], 
                        [88.3146007302991, 22.5335448821011], 
                        [88.314695582642 , 22.5335250680099]  
                    ]
                ]
            }, 
            "properties": {
    "floor": "ground",
                "fill-opacity": 0, 
                "stroke-opacity": 1, 
                "stroke": "#ff0000", 
                "tessellate": -1, 
                "extrude": 0, 
                "visibility": true, 
                "fill-opaci": 0, 
                "stroke-opa": 1, 
                "ID": "21-294", 
                "REMARKS": "POLYGON ID-21", 
                "AREA": 99.997
            }, 
            "id": "poly21.144"
        }, 
        {
            "type": "Feature", 
            "geometry": {
                "type": "Polygon", 
                "coordinates": [
                    [
                        [88.3147169070347, 22.5336131718069], 
                        [88.314695582642 , 22.5335250680099], 
                        [88.3146007302991, 22.5335448821011], 
                        [88.314622057941 , 22.5336329894738], 
                        [88.3147169070347, 22.5336131718069]  
                    ]
                ]
            }, 
            "properties": {
    "floor": "ground",
                "fill-opacity": 0, 
                "stroke-opacity": 1, 
                "stroke": "#ff0000", 
                "tessellate": -1, 
                "extrude": 0, 
                "visibility": true, 
                "fill-opaci": 0, 
                "stroke-opa": 1, 
                "ID": "21-293", 
                "REMARKS": "POLYGON ID-21", 
                "AREA": 99.978
            }, 
            "id": "poly21.145"
        }, 
        {
            "type": "Feature", 
            "geometry": {
                "type": "Polygon", 
                "coordinates": [
                    [
                        [88.3146742543261, 22.5334369478748], 
                        [88.3146529262243, 22.5333488284954], 
                        [88.3146528649491, 22.533348538596 ], 
                        [88.3145871221459, 22.5333622021073], 
                        [88.3145867230438, 22.5333626580938], 
                        [88.3145580693892, 22.5333686437266], 
                        [88.3145793997611, 22.5334567626352], 
                        [88.3146742543261, 22.5334369478748]  
                    ]
                ]
            }, 
            "properties": {
    "floor": "ground",
                "fill-opacity": 0, 
                "stroke-opacity": 1, 
                "stroke": "#ff0000", 
                "tessellate": -1, 
                "extrude": 0, 
                "visibility": true, 
                "fill-opaci": 0, 
                "stroke-opa": 1, 
                "ID": "21-295", 
                "REMARKS": "POLYGON ID-21", 
                "AREA": 100.253
            }, 
            "id": "poly21.146"
        }, 
        {
            "type": "Feature", 
            "geometry": {
                "type": "Polygon", 
                "coordinates": [
                    [
                        [88.3148994083895, 22.5347787499316], 
                        [88.3149942227189, 22.5347589167096], 
                        [88.3149728509018, 22.5346706186554], 
                        [88.314878028119 , 22.5346904268248], 
                        [88.3148994083895, 22.5347787499316]  
                    ]
                ]
            }, 
            "properties": {
    "floor": "ground",
                "fill-opacity": 0, 
                "stroke-opacity": 1, 
                "stroke": "#ff0000", 
                "tessellate": -1, 
                "extrude": 0, 
                "visibility": true, 
                "fill-opaci": 0, 
                "stroke-opa": 1, 
                "ID": "21-215", 
                "REMARKS": "POLYGON ID-21", 
                "AREA": 100.179
            }, 
            "id": "poly21.147"
        }, 
        {
            "type": "Feature", 
            "geometry": {
                "type": "Polygon", 
                "coordinates": [
                    [
                        [88.3149088654261, 22.5344062607145], 
                        [88.3148875369942, 22.5343181413907], 
                        [88.3147927051307, 22.5343379514433], 
                        [88.3148140358327, 22.5344260702962], 
                        [88.3149088654261, 22.5344062607145]  
                    ]
                ]
            }, 
            "properties": {
    "floor": "ground",
                "fill-opacity": 0, 
                "stroke-opacity": 1, 
                "stroke": "#ff0000", 
                "tessellate": -1, 
                "extrude": 0, 
                "visibility": true, 
                "fill-opaci": 0, 
                "stroke-opa": 1, 
                "ID": "21-284", 
                "REMARKS": "POLYGON ID-21", 
                "AREA": 99.972
            }, 
            "id": "poly21.148"
        }, 
        {
            "type": "Feature", 
            "geometry": {
                "type": "Polygon", 
                "coordinates": [
                    [
                        [88.3148662085923, 22.5342300220619], 
                        [88.3148450098377, 22.5341424382489], 
                        [88.3147501406334, 22.5341621136815], 
                        [88.3147713744586, 22.5342498325852], 
                        [88.3148662085923, 22.5342300220619]  
                    ]
                ]
            }, 
            "properties": {
    "floor": "ground",
                "fill-opacity": 0, 
                "stroke-opacity": 1, 
                "stroke": "#ff0000", 
                "tessellate": -1, 
                "extrude": 0, 
                "visibility": true, 
                "fill-opaci": 0, 
                "stroke-opa": 1, 
                "ID": "21-286", 
                "REMARKS": "POLYGON ID-21", 
                "AREA": 99.446
            }, 
            "id": "poly21.149"
        }, 
        {
            "type": "Feature", 
            "geometry": {
                "type": "Polygon", 
                "coordinates": [
                    [
                        [88.3149734585101, 22.5350407908238], 
                        [88.3150581652897, 22.5350230958392], 
                        [88.3150368366477, 22.5349349765508], 
                        [88.3149420206753, 22.5349547833079], 
                        [88.3149565945621, 22.5350149886079], 
                        [88.3149734585101, 22.5350407908238]  
                    ]
                ]
            }, 
            "properties": {
    "floor": "ground",
                "fill-opacity": 0, 
                "stroke-opacity": 1, 
                "stroke": "#ff0000", 
                "tessellate": -1, 
                "extrude": 0, 
                "visibility": true, 
                "fill-opaci": 0, 
                "stroke-opa": 1, 
                "ID": "21-188", 
                "REMARKS": "POLYGON ID-21", 
                "AREA": 98.267
            }, 
            "id": "poly21.150"
        }, 
        {
            "type": "Feature", 
            "geometry": {
                "type": "Polygon", 
                "coordinates": [
                    [
                        [88.314930193888 , 22.5344943800332], 
                        [88.3149515223799, 22.5345824993468], 
                        [88.3150464125288, 22.5345626770473], 
                        [88.3150250816552, 22.5344745582346], 
                        [88.314930193888 , 22.5344943800332]  
                    ]
                ]
            }, 
            "properties": {
    "floor": "ground",
                "fill-opacity": 0, 
                "stroke-opacity": 1, 
                "stroke": "#ff0000", 
                "tessellate": -1, 
                "extrude": 0, 
                "visibility": true, 
                "fill-opaci": 0, 
                "stroke-opa": 1, 
                "ID": "21-236", 
                "REMARKS": "POLYGON ID-21", 
                "AREA": 100.033
            }, 
            "id": "poly21.151"
        }, 
        {
            "type": "Feature", 
            "geometry": {
                "type": "Polygon", 
                "coordinates": [
                    [
                        [88.3149515223799, 22.5345824993468], 
                        [88.3149728509018, 22.5346706186554], 
                        [88.3150677434325, 22.5346507958549], 
                        [88.3150464125288, 22.5345626770473], 
                        [88.3149515223799, 22.5345824993468]  
                    ]
                ]
            }, 
            "properties": {
    "floor": "ground",
                "fill-opacity": 0, 
                "stroke-opacity": 1, 
                "stroke": "#ff0000", 
                "tessellate": -1, 
                "extrude": 0, 
                "visibility": true, 
                "fill-opaci": 0, 
                "stroke-opa": 1, 
                "ID": "21-226", 
                "REMARKS": "POLYGON ID-21", 
                "AREA": 100.036
            }, 
            "id": "poly21.152"
        }, 
        {
            "type": "Feature", 
            "geometry": {
                "type": "Polygon", 
                "coordinates": [
                    [
                        [88.3148662085923, 22.5342300220619], 
                        [88.3148875369942, 22.5343181413907], 
                        [88.314982419998 , 22.5342983205941], 
                        [88.3149610892144, 22.5342102017663], 
                        [88.3148662085923, 22.5342300220619]  
                    ]
                ]
            }, 
            "properties": {
    "floor": "ground",
                "fill-opacity": 0, 
                "stroke-opacity": 1, 
                "stroke": "#ff0000", 
                "tessellate": -1, 
                "extrude": 0, 
                "visibility": true, 
                "fill-opaci": 0, 
                "stroke-opa": 1, 
                "ID": "21-298", 
                "REMARKS": "POLYGON ID-21", 
                "AREA": 100.026
            }, 
            "id": "poly21.153"
        }, 
        {
            "type": "Feature", 
            "geometry": {
                "type": "Polygon", 
                "coordinates": [
                    [
                        [88.3149088654261, 22.5344062607145], 
                        [88.314930193888 , 22.5344943800332], 
                        [88.3150250816552, 22.5344745582346], 
                        [88.3150037508116, 22.5343864394169], 
                        [88.3149088654261, 22.5344062607145]  
                    ]
                ]
            }, 
            "properties": {
    "floor": "ground",
                "fill-opacity": 0, 
                "stroke-opacity": 1, 
                "stroke": "#ff0000", 
                "tessellate": -1, 
                "extrude": 0, 
                "visibility": true, 
                "fill-opaci": 0, 
                "stroke-opa": 1, 
                "ID": "21-296", 
                "REMARKS": "POLYGON ID-21", 
                "AREA": 100.031
            }, 
            "id": "poly21.154"
        }, 
        {
            "type": "Feature", 
            "geometry": {
                "type": "Polygon", 
                "coordinates": [
                    [
                        [88.3148022223804, 22.5339656591435], 
                        [88.3148235510942, 22.5340537801483], 
                        [88.3149184267533, 22.5340339600305], 
                        [88.3148970955542, 22.5339458390989], 
                        [88.3148022223804, 22.5339656591435]  
                    ]
                ]
            }, 
            "properties": {
    "floor": "ground",
                "fill-opacity": 0, 
                "stroke-opacity": 1, 
                "stroke": "#ff0000", 
                "tessellate": -1, 
                "extrude": 0, 
                "visibility": true, 
                "fill-opaci": 0, 
                "stroke-opa": 1, 
                "ID": "21-301", 
                "REMARKS": "POLYGON ID-21", 
                "AREA": 100.021
            }, 
            "id": "poly21.155"
        }, 
        {
            "type": "Feature", 
            "geometry": {
                "type": "Polygon", 
                "coordinates": [
                    [
                        [88.3148235510942, 22.5340537801483], 
                        [88.3148450098377, 22.5341424382489], 
                        [88.3149399209214, 22.5341227540699], 
                        [88.3149184267533, 22.5340339600305], 
                        [88.3148235510942, 22.5340537801483]  
                    ]
                ]
            }, 
            "properties": {
    "floor": "ground",
                "fill-opacity": 0, 
                "stroke-opacity": 1, 
                "stroke": "#ff0000", 
                "tessellate": -1, 
                "extrude": 0, 
                "visibility": true, 
                "fill-opaci": 0, 
                "stroke-opa": 1, 
                "ID": "21-300", 
                "REMARKS": "POLYGON ID-21", 
                "AREA": 100.71
            }, 
            "id": "poly21.156"
        }, 
        {
            "type": "Feature", 
            "geometry": {
                "type": "Polygon", 
                "coordinates": [
                    [
                        [88.3147595645205, 22.5337894149607], 
                        [88.3147808956071, 22.5338775460269], 
                        [88.3148757667851, 22.5338577280766], 
                        [88.3148544325865, 22.5337695944959], 
                        [88.3147595645205, 22.5337894149607]  
                    ]
                ]
            }, 
            "properties": {
    "floor": "ground",
                "fill-opacity": 0, 
                "stroke-opacity": 1, 
                "stroke": "#ff0000", 
                "tessellate": -1, 
                "extrude": 0, 
                "visibility": true, 
                "fill-opaci": 0, 
                "stroke-opa": 1, 
                "ID": "21-303", 
                "REMARKS": "POLYGON ID-21", 
                "AREA": 100.028
            }, 
            "id": "poly21.157"
        }, 
        {
            "type": "Feature", 
            "geometry": {
                "type": "Polygon", 
                "coordinates": [
                    [
                        [88.3147808956071, 22.5338775460269], 
                        [88.3148022223804, 22.5339656591435], 
                        [88.3148970955542, 22.5339458390989], 
                        [88.3148757667851, 22.5338577280766], 
                        [88.3147808956071, 22.5338775460269]  
                    ]
                ]
            }, 
            "properties": {
    "floor": "ground",
                "fill-opacity": 0, 
                "stroke-opacity": 1, 
                "stroke": "#ff0000", 
                "tessellate": -1, 
                "extrude": 0, 
                "visibility": true, 
                "fill-opaci": 0, 
                "stroke-opa": 1, 
                "ID": "21-302", 
                "REMARKS": "POLYGON ID-21", 
                "AREA": 100.008
            }, 
            "id": "poly21.158"
        }, 
        {
            "type": "Feature", 
            "geometry": {
                "type": "Polygon", 
                "coordinates": [
                    [
                        [88.3147169070347, 22.5336131718069], 
                        [88.3147382390016, 22.5337013067684], 
                        [88.3148331053826, 22.5336814896819], 
                        [88.3148117700528, 22.5335933511697], 
                        [88.3147169070347, 22.5336131718069]  
                    ]
                ]
            }, 
            "properties": {
    "floor": "ground",
                "fill-opacity": 0, 
                "stroke-opacity": 1, 
                "stroke": "#ff0000", 
                "tessellate": -1, 
                "extrude": 0, 
                "visibility": true, 
                "fill-opaci": 0, 
                "stroke-opa": 1, 
                "ID": "21-305", 
                "REMARKS": "POLYGON ID-21", 
                "AREA": 100.029
            }, 
            "id": "poly21.159"
        }, 
        {
            "type": "Feature", 
            "geometry": {
                "type": "Polygon", 
                "coordinates": [
                    [
                        [88.3147382390016, 22.5337013067684], 
                        [88.3147595645205, 22.5337894149607], 
                        [88.3148544325865, 22.5337695944959], 
                        [88.3148331053826, 22.5336814896819], 
                        [88.3147382390016, 22.5337013067684]  
                    ]
                ]
            }, 
            "properties": {
    "floor": "ground",
                "fill-opacity": 0, 
                "stroke-opacity": 1, 
                "stroke": "#ff0000", 
                "tessellate": -1, 
                "extrude": 0, 
                "visibility": true, 
                "fill-opaci": 0, 
                "stroke-opa": 1, 
                "ID": "21-304", 
                "REMARKS": "POLYGON ID-21", 
                "AREA": 99.997
            }, 
            "id": "poly21.160"
        }, 
        {
            "type": "Feature", 
            "geometry": {
                "type": "Polygon", 
                "coordinates": [
                    [
                        [88.3146742543261, 22.5334369478748], 
                        [88.314695582642 , 22.5335250680099], 
                        [88.3147904442585, 22.5335052519206], 
                        [88.3147691135129, 22.533417132088 ], 
                        [88.3146742543261, 22.5334369478748]  
                    ]
                ]
            }, 
            "properties": {
    "floor": "ground",
                "fill-opacity": 0, 
                "stroke-opacity": 1, 
                "stroke": "#ff0000", 
                "tessellate": -1, 
                "extrude": 0, 
                "visibility": true, 
                "fill-opaci": 0, 
                "stroke-opa": 1, 
                "ID": "21-307", 
                "REMARKS": "POLYGON ID-21", 
                "AREA": 100.005
            }, 
            "id": "poly21.161"
        }, 
        {
            "type": "Feature", 
            "geometry": {
                "type": "Polygon", 
                "coordinates": [
                    [
                        [88.314695582642 , 22.5335250680099], 
                        [88.3147169070347, 22.5336131718069], 
                        [88.3148117700528, 22.5335933511697], 
                        [88.3147904442585, 22.5335052519206], 
                        [88.314695582642 , 22.5335250680099]  
                    ]
                ]
            }, 
            "properties": {
    "floor": "ground",
                "fill-opacity": 0, 
                "stroke-opacity": 1, 
                "stroke": "#ff0000", 
                "tessellate": -1, 
                "extrude": 0, 
                "visibility": true, 
                "fill-opaci": 0, 
                "stroke-opa": 1, 
                "ID": "21-306", 
                "REMARKS": "POLYGON ID-21", 
                "AREA": 99.986
            }, 
            "id": "poly21.162"
        }, 
        {
            "type": "Feature", 
            "geometry": {
                "type": "Polygon", 
                "coordinates": [
                    [
                        [88.3146528649491, 22.533348538596 ], 
                        [88.3146529262243, 22.5333488284954], 
                        [88.3146742543261, 22.5334369478748], 
                        [88.3147691135129, 22.533417132088 ], 
                        [88.3147477830295, 22.5333290132095], 
                        [88.3147477932063, 22.5333288093381], 
                        [88.3146528649491, 22.533348538596 ]  
                    ]
                ]
            }, 
            "properties": {
    "floor": "ground",
                "fill-opacity": 0, 
                "stroke-opacity": 1, 
                "stroke": "#ff0000", 
                "tessellate": -1, 
                "extrude": 0, 
                "visibility": true, 
                "fill-opaci": 0, 
                "stroke-opa": 1, 
                "ID": "21-308", 
                "REMARKS": "POLYGON ID-21", 
                "AREA": 100.274
            }, 
            "id": "poly21.163"
        }, 
        {
            "type": "Feature", 
            "geometry": {
                "type": "Polygon", 
                "coordinates": [
                    [
                        [88.3149942227189, 22.5347589167096], 
                        [88.3150891114526, 22.5347390678629], 
                        [88.3150677434325, 22.5346507958549], 
                        [88.3149728509018, 22.5346706186554], 
                        [88.3149942227189, 22.5347589167096]  
                    ]
                ]
            }, 
            "properties": {
    "floor": "ground",
                "fill-opacity": 0, 
                "stroke-opacity": 1, 
                "stroke": "#ff0000", 
                "tessellate": -1, 
                "extrude": 0, 
                "visibility": true, 
                "fill-opaci": 0, 
                "stroke-opa": 1, 
                "ID": "21-216", 
                "REMARKS": "POLYGON ID-21", 
                "AREA": 100.226
            }, 
            "id": "poly21.164"
        }, 
        {
            "type": "Feature", 
            "geometry": {
                "type": "Polygon", 
                "coordinates": [
                    [
                        [88.3148875369942, 22.5343181413907], 
                        [88.3149088654261, 22.5344062607145], 
                        [88.3150037508116, 22.5343864394169], 
                        [88.314982419998 , 22.5342983205941], 
                        [88.3148875369942, 22.5343181413907]  
                    ]
                ]
            }, 
            "properties": {
    "floor": "ground",
                "fill-opacity": 0, 
                "stroke-opacity": 1, 
                "stroke": "#ff0000", 
                "tessellate": -1, 
                "extrude": 0, 
                "visibility": true, 
                "fill-opaci": 0, 
                "stroke-opa": 1, 
                "ID": "21-297", 
                "REMARKS": "POLYGON ID-21", 
                "AREA": 100.028
            }, 
            "id": "poly21.165"
        }, 
        {
            "type": "Feature", 
            "geometry": {
                "type": "Polygon", 
                "coordinates": [
                    [
                        [88.3148450098377, 22.5341424382489], 
                        [88.3148662085923, 22.5342300220619], 
                        [88.3149610892144, 22.5342102017663], 
                        [88.3149399209214, 22.5341227540699], 
                        [88.3148450098377, 22.5341424382489]  
                    ]
                ]
            }, 
            "properties": {
    "floor": "ground",
                "fill-opacity": 0, 
                "stroke-opacity": 1, 
                "stroke": "#ff0000", 
                "tessellate": -1, 
                "extrude": 0, 
                "visibility": true, 
                "fill-opaci": 0, 
                "stroke-opa": 1, 
                "ID": "21-299", 
                "REMARKS": "POLYGON ID-21", 
                "AREA": 99.338
            }, 
            "id": "poly21.166"
        }, 
        {
            "type": "Feature", 
            "geometry": {
                "type": "Polygon", 
                "coordinates": [
                    [
                        [88.3150581652897, 22.5350230958392], 
                        [88.3151530673472, 22.5350032710347], 
                        [88.3151317363235, 22.5349151522474], 
                        [88.3150368366477, 22.5349349765508], 
                        [88.3150581652897, 22.5350230958392]  
                    ]
                ]
            }, 
            "properties": {
    "floor": "ground",
                "fill-opacity": 0, 
                "stroke-opacity": 1, 
                "stroke": "#ff0000", 
                "tessellate": -1, 
                "extrude": 0, 
                "visibility": true, 
                "fill-opaci": 0, 
                "stroke-opa": 1, 
                "ID": "21-189", 
                "REMARKS": "POLYGON ID-21", 
                "AREA": 100.045
            }, 
            "id": "poly21.167"
        }, 
        {
            "type": "Feature", 
            "geometry": {
                "type": "Polygon", 
                "coordinates": [
                    [
                        [88.3153309851066, 22.5345032302276], 
                        [88.3153096540657, 22.5344151114602], 
                        [88.3152147966255, 22.5344349271063], 
                        [88.3152361276107, 22.5345230458888], 
                        [88.3153309851066, 22.5345032302276]  
                    ]
                ]
            }, 
            "properties": {
    "floor": "ground",
                "fill-opacity": 0, 
                "stroke-opacity": 1, 
                "stroke": "#ff0000", 
                "tessellate": -1, 
                "extrude": 0, 
                "visibility": true, 
                "fill-opaci": 0, 
                "stroke-opa": 1, 
                "ID": "21-239", 
                "REMARKS": "POLYGON ID-21", 
                "AREA": 100
            }, 
            "id": "poly21.168"
        }, 
        {
            "type": "Feature", 
            "geometry": {
                "type": "Polygon", 
                "coordinates": [
                    [
                        [88.3153523161776, 22.5345913489899], 
                        [88.3153309851066, 22.5345032302276], 
                        [88.3152361276107, 22.5345230458888], 
                        [88.3152574586259, 22.5346111646662], 
                        [88.3153523161776, 22.5345913489899]  
                    ]
                ]
            }, 
            "properties": {
    "floor": "ground",
                "fill-opacity": 0, 
                "stroke-opacity": 1, 
                "stroke": "#ff0000", 
                "tessellate": -1, 
                "extrude": 0, 
                "visibility": true, 
                "fill-opaci": 0, 
                "stroke-opa": 1, 
                "ID": "21-229", 
                "REMARKS": "POLYGON ID-21", 
                "AREA": 100
            }, 
            "id": "poly21.169"
        }, 
        {
            "type": "Feature", 
            "geometry": {
                "type": "Polygon", 
                "coordinates": [
                    [
                        [88.3152669920738, 22.5342388739102], 
                        [88.3152456611229, 22.5341507551277], 
                        [88.3151508038501, 22.5341705707286], 
                        [88.3151721347452, 22.5342586895262], 
                        [88.3152669920738, 22.5342388739102]  
                    ]
                ]
            }, 
            "properties": {
    "floor": "ground",
                "fill-opacity": 0, 
                "stroke-opacity": 1, 
                "stroke": "#ff0000", 
                "tessellate": -1, 
                "extrude": 0, 
                "visibility": true, 
                "fill-opaci": 0, 
                "stroke-opa": 1, 
                "ID": "21-337", 
                "REMARKS": "POLYGON ID-21", 
                "AREA": 100
            }, 
            "id": "poly21.170"
        }, 
        {
            "type": "Feature", 
            "geometry": {
                "type": "Polygon", 
                "coordinates": [
                    [
                        [88.3153096540657, 22.5344151114602], 
                        [88.3152883230547, 22.5343269926877], 
                        [88.3151934656704, 22.5343468083188], 
                        [88.3152147966255, 22.5344349271063], 
                        [88.3153096540657, 22.5344151114602]  
                    ]
                ]
            }, 
            "properties": {
    "floor": "ground",
                "fill-opacity": 0, 
                "stroke-opacity": 1, 
                "stroke": "#ff0000", 
                "tessellate": -1, 
                "extrude": 0, 
                "visibility": true, 
                "fill-opaci": 0, 
                "stroke-opa": 1, 
                "ID": "21-335", 
                "REMARKS": "POLYGON ID-21", 
                "AREA": 100
            }, 
            "id": "poly21.171"
        }, 
        {
            "type": "Feature", 
            "geometry": {
                "type": "Polygon", 
                "coordinates": [
                    [
                        [88.3152245911296, 22.5340637142419], 
                        [88.3152032888208, 22.5339757135247], 
                        [88.3151167027575, 22.5339964312541], 
                        [88.3151157657801, 22.5339927344798], 
                        [88.3151081381107, 22.53399432796  ], 
                        [88.3151081421499, 22.5339943331181], 
                        [88.31512970109  , 22.5340833942393], 
                        [88.3152245911296, 22.5340637142419]  
                    ]
                ]
            }, 
            "properties": {
    "floor": "ground",
                "fill-opacity": 0, 
                "stroke-opacity": 1, 
                "stroke": "#ff0000", 
                "tessellate": -1, 
                "extrude": 0, 
                "visibility": true, 
                "fill-opaci": 0, 
                "stroke-opa": 1, 
                "ID": "21-339", 
                "REMARKS": "POLYGON ID-21", 
                "AREA": 98.593
            }, 
            "id": "poly21.172"
        }, 
        {
            "type": "Feature", 
            "geometry": {
                "type": "Polygon", 
                "coordinates": [
                    [
                        [88.3152788143956, 22.5346993855755], 
                        [88.315373665822 , 22.5346795443498], 
                        [88.3153523161776, 22.5345913489899], 
                        [88.3152574586259, 22.5346111646662], 
                        [88.3152788143956, 22.5346993855755]  
                    ]
                ]
            }, 
            "properties": {
    "floor": "ground",
                "fill-opacity": 0, 
                "stroke-opacity": 1, 
                "stroke": "#ff0000", 
                "tessellate": -1, 
                "extrude": 0, 
                "visibility": true, 
                "fill-opaci": 0, 
                "stroke-opa": 1, 
                "ID": "21-219", 
                "REMARKS": "POLYGON ID-21", 
                "AREA": 100.101
            }, 
            "id": "poly21.173"
        }, 
        {
            "type": "Feature", 
            "geometry": {
                "type": "Polygon", 
                "coordinates": [
                    [
                        [88.3152883230547, 22.5343269926877], 
                        [88.3152669920738, 22.5342388739102], 
                        [88.3151721347452, 22.5342586895262], 
                        [88.3151934656704, 22.5343468083188], 
                        [88.3152883230547, 22.5343269926877]  
                    ]
                ]
            }, 
            "properties": {
    "floor": "ground",
                "fill-opacity": 0, 
                "stroke-opacity": 1, 
                "stroke": "#ff0000", 
                "tessellate": -1, 
                "extrude": 0, 
                "visibility": true, 
                "fill-opaci": 0, 
                "stroke-opa": 1, 
                "ID": "21-336", 
                "REMARKS": "POLYGON ID-21", 
                "AREA": 100
            }, 
            "id": "poly21.174"
        }, 
        {
            "type": "Feature", 
            "geometry": {
                "type": "Polygon", 
                "coordinates": [
                    [
                        [88.3152456611229, 22.5341507551277], 
                        [88.3152245911296, 22.5340637142419], 
                        [88.31512970109  , 22.5340833942393], 
                        [88.3151508038501, 22.5341705707286], 
                        [88.3152456611229, 22.5341507551277]  
                    ]
                ]
            }, 
            "properties": {
    "floor": "ground",
                "fill-opacity": 0, 
                "stroke-opacity": 1, 
                "stroke": "#ff0000", 
                "tessellate": -1, 
                "extrude": 0, 
                "visibility": true, 
                "fill-opaci": 0, 
                "stroke-opa": 1, 
                "ID": "21-338", 
                "REMARKS": "POLYGON ID-21", 
                "AREA": 98.854
            }, 
            "id": "poly21.175"
        }, 
        {
            "type": "Feature", 
            "geometry": {
                "type": "Polygon", 
                "coordinates": [
                    [
                        [88.3153427829869, 22.5349636397253], 
                        [88.3154376407617, 22.5349438239886], 
                        [88.3154163095707, 22.5348557052465], 
                        [88.3153214518516, 22.5348755209681], 
                        [88.3153427829869, 22.5349636397253]  
                    ]
                ]
            }, 
            "properties": {
    "floor": "ground",
                "fill-opacity": 0, 
                "stroke-opacity": 1, 
                "stroke": "#ff0000", 
                "tessellate": -1, 
                "extrude": 0, 
                "visibility": true, 
                "fill-opaci": 0, 
                "stroke-opa": 1, 
                "ID": "21-192", 
                "REMARKS": "POLYGON ID-21", 
                "AREA": 100
            }, 
            "id": "poly21.176"
        }, 
        {
            "type": "Feature", 
            "geometry": {
                "type": "Polygon", 
                "coordinates": [
                    [
                        [88.3154993715031, 22.5343754794507], 
                        [88.3155207025353, 22.534463598213 ], 
                        [88.3156155574143, 22.5344437829156], 
                        [88.3155942270512, 22.5343556640169], 
                        [88.3154993715031, 22.5343754794507]  
                    ]
                ]
            }, 
            "properties": {
    "floor": "ground",
                "fill-opacity": 0, 
                "stroke-opacity": 1, 
                "stroke": "#ff0000", 
                "tessellate": -1, 
                "extrude": 0, 
                "visibility": true, 
                "fill-opaci": 0, 
                "stroke-opa": 1, 
                "ID": "21-242", 
                "REMARKS": "POLYGON ID-21", 
                "AREA": 99.998
            }, 
            "id": "poly21.177"
        }, 
        {
            "type": "Feature", 
            "geometry": {
                "type": "Polygon", 
                "coordinates": [
                    [
                        [88.3155207025353, 22.534463598213 ], 
                        [88.3155420335975, 22.5345517169703], 
                        [88.3156368886526, 22.5345319016326], 
                        [88.3156243365609, 22.5344800493272], 
                        [88.3156155574143, 22.5344437829156], 
                        [88.3155207025353, 22.534463598213 ]  
                    ]
                ]
            }, 
            "properties": {
    "floor": "ground",
                "fill-opacity": 0, 
                "stroke-opacity": 1, 
                "stroke": "#ff0000", 
                "tessellate": -1, 
                "extrude": 0, 
                "visibility": true, 
                "fill-opaci": 0, 
                "stroke-opa": 1, 
                "ID": "21-232", 
                "REMARKS": "POLYGON ID-21", 
                "AREA": 99.997
            }, 
            "id": "poly21.178"
        }, 
        {
            "type": "Feature", 
            "geometry": {
                "type": "Polygon", 
                "coordinates": [
                    [
                        [88.3154353785867, 22.5341111231334], 
                        [88.3154567095288, 22.5341992419109], 
                        [88.3155515650766, 22.534179426484 ], 
                        [88.3155302341343, 22.53409130771  ], 
                        [88.3154353785867, 22.5341111231334]  
                    ]
                ]
            }, 
            "properties": {
    "floor": "ground",
                "fill-opacity": 0, 
                "stroke-opacity": 1, 
                "stroke": "#ff0000", 
                "tessellate": -1, 
                "extrude": 0, 
                "visibility": true, 
                "fill-opaci": 0, 
                "stroke-opa": 1, 
                "ID": "21-352", 
                "REMARKS": "POLYGON ID-21", 
                "AREA": 99.998
            }, 
            "id": "poly21.179"
        }, 
        {
            "type": "Feature", 
            "geometry": {
                "type": "Polygon", 
                "coordinates": [
                    [
                        [88.315478040501 , 22.5342873606833], 
                        [88.3154993715031, 22.5343754794507], 
                        [88.3155942270512, 22.5343556640169], 
                        [88.3155728960489, 22.534267545253 ], 
                        [88.315478040501 , 22.5342873606833]  
                    ]
                ]
            }, 
            "properties": {
    "floor": "ground",
                "fill-opacity": 0, 
                "stroke-opacity": 1, 
                "stroke": "#ff0000", 
                "tessellate": -1, 
                "extrude": 0, 
                "visibility": true, 
                "fill-opaci": 0, 
                "stroke-opa": 1, 
                "ID": "21-350", 
                "REMARKS": "POLYGON ID-21", 
                "AREA": 99.998
            }, 
            "id": "poly21.180"
        }, 
        {
            "type": "Feature", 
            "geometry": {
                "type": "Polygon", 
                "coordinates": [
                    [
                        [88.3153916877448, 22.5339306345201], 
                        [88.3154143742469, 22.5340243534343], 
                        [88.3155092626157, 22.5340046736006], 
                        [88.3154858840353, 22.533908095684 ], 
                        [88.3153916877448, 22.5339306345201]  
                    ]
                ]
            }, 
            "properties": {
    "floor": "ground",
                "fill-opacity": 0, 
                "stroke-opacity": 1, 
                "stroke": "#ff0000", 
                "tessellate": -1, 
                "extrude": 0, 
                "visibility": true, 
                "fill-opaci": 0, 
                "stroke-opa": 1, 
                "ID": "21-354", 
                "REMARKS": "POLYGON ID-21", 
                "AREA": 107.976
            }, 
            "id": "poly21.181"
        }, 
        {
            "type": "Feature", 
            "geometry": {
                "type": "Polygon", 
                "coordinates": [
                    [
                        [88.3155633708707, 22.5346398612561], 
                        [88.3156582199209, 22.5346200203446], 
                        [88.315658220195 , 22.534620020099 ], 
                        [88.3156368886526, 22.5345319016326], 
                        [88.3155420335975, 22.5345517169703], 
                        [88.3155633708707, 22.5346398612561]  
                    ]
                ]
            }, 
            "properties": {
    "floor": "ground",
                "fill-opacity": 0, 
                "stroke-opacity": 1, 
                "stroke": "#ff0000", 
                "tessellate": -1, 
                "extrude": 0, 
                "visibility": true, 
                "fill-opaci": 0, 
                "stroke-opa": 1, 
                "ID": "21-222", 
                "REMARKS": "POLYGON ID-21", 
                "AREA": 100.012
            }, 
            "id": "poly21.182"
        }, 
        {
            "type": "Feature", 
            "geometry": {
                "type": "Polygon", 
                "coordinates": [
                    [
                        [88.3154567095288, 22.5341992419109], 
                        [88.315478040501 , 22.5342873606833], 
                        [88.3155728960489, 22.534267545253 ], 
                        [88.3155515650766, 22.534179426484 ], 
                        [88.3154567095288, 22.5341992419109]  
                    ]
                ]
            }, 
            "properties": {
    "floor": "ground",
                "fill-opacity": 0, 
                "stroke-opacity": 1, 
                "stroke": "#ff0000", 
                "tessellate": -1, 
                "extrude": 0, 
                "visibility": true, 
                "fill-opaci": 0, 
                "stroke-opa": 1, 
                "ID": "21-351", 
                "REMARKS": "POLYGON ID-21", 
                "AREA": 99.998
            }, 
            "id": "poly21.183"
        }, 
        {
            "type": "Feature", 
            "geometry": {
                "type": "Polygon", 
                "coordinates": [
                    [
                        [88.3154143742469, 22.5340243534343], 
                        [88.3154353785867, 22.5341111231334], 
                        [88.3155302341343, 22.53409130771  ], 
                        [88.3155092626157, 22.5340046736006], 
                        [88.3154143742469, 22.5340243534343]  
                    ]
                ]
            }, 
            "properties": {
    "floor": "ground",
                "fill-opacity": 0, 
                "stroke-opacity": 1, 
                "stroke": "#ff0000", 
                "tessellate": -1, 
                "extrude": 0, 
                "visibility": true, 
                "fill-opaci": 0, 
                "stroke-opa": 1, 
                "ID": "21-353", 
                "REMARKS": "POLYGON ID-21", 
                "AREA": 98.39
            }, 
            "id": "poly21.184"
        }, 
        {
            "type": "Feature", 
            "geometry": {
                "type": "Polygon", 
                "coordinates": [
                    [
                        [88.3156273581466, 22.5349041919488], 
                        [88.3157222107828, 22.5348843771026], 
                        [88.3157132671116, 22.5348474316514], 
                        [88.31569858511  , 22.5348475702499], 
                        [88.3156972067695, 22.5347970256295], 
                        [88.3156060269643, 22.5348160732118], 
                        [88.3156273581466, 22.5349041919488]  
                    ]
                ]
            }, 
            "properties": {
    "floor": "ground",
                "fill-opacity": 0, 
                "stroke-opacity": 1, 
                "stroke": "#ff0000", 
                "tessellate": -1, 
                "extrude": 0, 
                "visibility": true, 
                "fill-opaci": 0, 
                "stroke-opa": 1, 
                "ID": "21-195", 
                "REMARKS": "POLYGON ID-21", 
                "AREA": 94.644
            }, 
            "id": "poly21.185"
        }, 
        {
            "type": "Feature", 
            "geometry": {
                "type": "Polygon", 
                "coordinates": [
                    [
                        [88.3155207025353, 22.534463598213 ], 
                        [88.3154993715031, 22.5343754794507], 
                        [88.3154045111514, 22.5343952958271], 
                        [88.3154258422654, 22.5344834145757], 
                        [88.3155207025353, 22.534463598213 ]  
                    ]
                ]
            }, 
            "properties": {
    "floor": "ground",
                "fill-opacity": 0, 
                "stroke-opacity": 1, 
                "stroke": "#ff0000", 
                "tessellate": -1, 
                "extrude": 0, 
                "visibility": true, 
                "fill-opaci": 0, 
                "stroke-opa": 1, 
                "ID": "21-241", 
                "REMARKS": "POLYGON ID-21", 
                "AREA": 100.003
            }, 
            "id": "poly21.186"
        }, 
        {
            "type": "Feature", 
            "geometry": {
                "type": "Polygon", 
                "coordinates": [
                    [
                        [88.3155420335975, 22.5345517169703], 
                        [88.3155207025353, 22.534463598213 ], 
                        [88.3154258422654, 22.5344834145757], 
                        [88.3154471734095, 22.5345715333194], 
                        [88.3155420335975, 22.5345517169703]  
                    ]
                ]
            }, 
            "properties": {
    "floor": "ground",
                "fill-opacity": 0, 
                "stroke-opacity": 1, 
                "stroke": "#ff0000", 
                "tessellate": -1, 
                "extrude": 0, 
                "visibility": true, 
                "fill-opaci": 0, 
                "stroke-opa": 1, 
                "ID": "21-231", 
                "REMARKS": "POLYGON ID-21", 
                "AREA": 100.003
            }, 
            "id": "poly21.187"
        }, 
        {
            "type": "Feature", 
            "geometry": {
                "type": "Polygon", 
                "coordinates": [
                    [
                        [88.3154567095288, 22.5341992419109], 
                        [88.3154353785867, 22.5341111231334], 
                        [88.3153405179893, 22.5341309395507], 
                        [88.3153618490133, 22.5342190583146], 
                        [88.3154567095288, 22.5341992419109]  
                    ]
                ]
            }, 
            "properties": {
    "floor": "ground",
                "fill-opacity": 0, 
                "stroke-opacity": 1, 
                "stroke": "#ff0000", 
                "tessellate": -1, 
                "extrude": 0, 
                "visibility": true, 
                "fill-opaci": 0, 
                "stroke-opa": 1, 
                "ID": "21-347", 
                "REMARKS": "POLYGON ID-21", 
                "AREA": 100.003
            }, 
            "id": "poly21.188"
        }, 
        {
            "type": "Feature", 
            "geometry": {
                "type": "Polygon", 
                "coordinates": [
                    [
                        [88.3154993715031, 22.5343754794507], 
                        [88.315478040501 , 22.5342873606833], 
                        [88.3153831800673, 22.5343071770733], 
                        [88.3154045111514, 22.5343952958271], 
                        [88.3154993715031, 22.5343754794507]  
                    ]
                ]
            }, 
            "properties": {
    "floor": "ground",
                "fill-opacity": 0, 
                "stroke-opacity": 1, 
                "stroke": "#ff0000", 
                "tessellate": -1, 
                "extrude": 0, 
                "visibility": true, 
                "fill-opaci": 0, 
                "stroke-opa": 1, 
                "ID": "21-345", 
                "REMARKS": "POLYGON ID-21", 
                "AREA": 100.003
            }, 
            "id": "poly21.189"
        }, 
        {
            "type": "Feature", 
            "geometry": {
                "type": "Polygon", 
                "coordinates": [
                    [
                        [88.3154143742469, 22.5340243534343], 
                        [88.3153916877448, 22.5339306345201], 
                        [88.3152974862751, 22.5339531745337], 
                        [88.3153194807458, 22.5340440342714], 
                        [88.3154143742469, 22.5340243534343]  
                    ]
                ]
            }, 
            "properties": {
    "floor": "ground",
                "fill-opacity": 0, 
                "stroke-opacity": 1, 
                "stroke": "#ff0000", 
                "tessellate": -1, 
                "extrude": 0, 
                "visibility": true, 
                "fill-opaci": 0, 
                "stroke-opa": 1, 
                "ID": "21-349", 
                "REMARKS": "POLYGON ID-21", 
                "AREA": 104.737
            }, 
            "id": "poly21.190"
        }, 
        {
            "type": "Feature", 
            "geometry": {
                "type": "Polygon", 
                "coordinates": [
                    [
                        [88.3154685169459, 22.5346597031264], 
                        [88.3155633708707, 22.5346398612561], 
                        [88.3155420335975, 22.5345517169703], 
                        [88.3154471734095, 22.5345715333194], 
                        [88.3154685169459, 22.5346597031264]  
                    ]
                ]
            }, 
            "properties": {
    "floor": "ground",
                "fill-opacity": 0, 
                "stroke-opacity": 1, 
                "stroke": "#ff0000", 
                "tessellate": -1, 
                "extrude": 0, 
                "visibility": true, 
                "fill-opaci": 0, 
                "stroke-opa": 1, 
                "ID": "21-221", 
                "REMARKS": "POLYGON ID-21", 
                "AREA": 100.046
            }, 
            "id": "poly21.191"
        }, 
        {
            "type": "Feature", 
            "geometry": {
                "type": "Polygon", 
                "coordinates": [
                    [
                        [88.315478040501 , 22.5342873606833], 
                        [88.3154567095288, 22.5341992419109], 
                        [88.3153618490133, 22.5342190583146], 
                        [88.3153831800673, 22.5343071770733], 
                        [88.315478040501 , 22.5342873606833]  
                    ]
                ]
            }, 
            "properties": {
    "floor": "ground",
                "fill-opacity": 0, 
                "stroke-opacity": 1, 
                "stroke": "#ff0000", 
                "tessellate": -1, 
                "extrude": 0, 
                "visibility": true, 
                "fill-opaci": 0, 
                "stroke-opa": 1, 
                "ID": "21-346", 
                "REMARKS": "POLYGON ID-21", 
                "AREA": 100.003
            }, 
            "id": "poly21.192"
        }, 
        {
            "type": "Feature", 
            "geometry": {
                "type": "Polygon", 
                "coordinates": [
                    [
                        [88.3154353785867, 22.5341111231334], 
                        [88.3154143742469, 22.5340243534343], 
                        [88.3153194807458, 22.5340440342714], 
                        [88.3153405179893, 22.5341309395507], 
                        [88.3154353785867, 22.5341111231334]  
                    ]
                ]
            }, 
            "properties": {
    "floor": "ground",
                "fill-opacity": 0, 
                "stroke-opacity": 1, 
                "stroke": "#ff0000", 
                "tessellate": -1, 
                "extrude": 0, 
                "visibility": true, 
                "fill-opaci": 0, 
                "stroke-opa": 1, 
                "ID": "21-348", 
                "REMARKS": "POLYGON ID-21", 
                "AREA": 98.55
            }, 
            "id": "poly21.193"
        }, 
        {
            "type": "Feature", 
            "geometry": {
                "type": "Polygon", 
                "coordinates": [
                    [
                        [88.3155324982859, 22.5349240082432], 
                        [88.3156273581466, 22.5349041919488], 
                        [88.3156060269643, 22.5348160732118], 
                        [88.3155111670217, 22.5348358895198], 
                        [88.3155324982859, 22.5349240082432]  
                    ]
                ]
            }, 
            "properties": {
    "floor": "ground",
                "fill-opacity": 0, 
                "stroke-opacity": 1, 
                "stroke": "#ff0000", 
                "tessellate": -1, 
                "extrude": 0, 
                "visibility": true, 
                "fill-opaci": 0, 
                "stroke-opa": 1, 
                "ID": "21-194", 
                "REMARKS": "POLYGON ID-21", 
                "AREA": 100.002
            }, 
            "id": "poly21.194"
        }, 
        {
            "type": "Feature", 
            "geometry": {
                "type": "Polygon", 
                "coordinates": [
                    [
                        [88.3159686611458, 22.5363140910529], 
                        [88.3158738025386, 22.5363339071406], 
                        [88.3158949678058, 22.5364213380343], 
                        [88.3159882868669, 22.5364025660842], 
                        [88.3160149303796, 22.5363044253271], 
                        [88.3159686611458, 22.5363140910529]  
                    ]
                ]
            }, 
            "properties": {
    "floor": "ground",
                "fill-opacity": 0, 
                "stroke-opacity": 1, 
                "stroke": "#ff0000", 
                "tessellate": -1, 
                "extrude": 0, 
                "visibility": true, 
                "fill-opaci": 0, 
                "stroke-opa": 1, 
                "ID": "21-109", 
                "REMARKS": "POLYGON ID-21", 
                "AREA": 123.106
            }, 
            "id": "poly21.195"
        }, 
        {
            "type": "Feature", 
            "geometry": {
                "type": "Polygon", 
                "coordinates": [
                    [
                        [88.3162118705793, 22.5361698553927], 
                        [88.3161369365304, 22.5361858863592], 
                        [88.3160421877193, 22.5362061563292], 
                        [88.3160600361877, 22.536279884959 ], 
                        [88.3162285582703, 22.5362261849547], 
                        [88.3162118705793, 22.5361698553927]  
                    ]
                ]
            }, 
            "properties": {
    "floor": "ground",
                "fill-opacity": 0, 
                "stroke-opacity": 1, 
                "stroke": "#ff0000", 
                "tessellate": -1, 
                "extrude": 0, 
                "visibility": true, 
                "fill-opaci": 0, 
                "stroke-opa": 1, 
                "ID": "21-132", 
                "REMARKS": "POLYGON ID-21", 
                "AREA": 134.073
            }, 
            "id": "poly21.196"
        }, 
        {
            "type": "Feature", 
            "geometry": {
                "type": "Polygon", 
                "coordinates": [
                    [
                        [88.3152905874311, 22.5351596929367], 
                        [88.3153854453475, 22.5351398772245], 
                        [88.3153641141522, 22.5350517584774], 
                        [88.3152692562916, 22.5350715741746], 
                        [88.3152905874311, 22.5351596929367]  
                    ]
                ]
            }, 
            "properties": {
    "floor": "ground",
                "fill-opacity": 0, 
                "stroke-opacity": 1, 
                "stroke": "#ff0000", 
                "tessellate": -1, 
                "extrude": 0, 
                "visibility": true, 
                "fill-opaci": 0, 
                "stroke-opa": 1, 
                "ID": "21-174", 
                "REMARKS": "POLYGON ID-21", 
                "AREA": 100
            }, 
            "id": "poly21.197"
        }, 
        {
            "type": "Feature", 
            "geometry": {
                "type": "Polygon", 
                "coordinates": [
                    [
                        [88.3151957294847, 22.5351795085943], 
                        [88.3152905874311, 22.5351596929367], 
                        [88.3152692562916, 22.5350715741746], 
                        [88.315174398401 , 22.5350913898171], 
                        [88.3151957294847, 22.5351795085943]  
                    ]
                ]
            }, 
            "properties": {
    "floor": "ground",
                "fill-opacity": 0, 
                "stroke-opacity": 1, 
                "stroke": "#ff0000", 
                "tessellate": -1, 
                "extrude": 0, 
                "visibility": true, 
                "fill-opaci": 0, 
                "stroke-opa": 1, 
                "ID": "21-173", 
                "REMARKS": "POLYGON ID-21", 
                "AREA": 100
            }, 
            "id": "poly21.198"
        }, 
        {
            "type": "Feature", 
            "geometry": {
                "type": "Polygon", 
                "coordinates": [
                    [
                        [88.3154803032339, 22.5351200614575], 
                        [88.3155751609042, 22.5351002456748], 
                        [88.31555382958  , 22.5350121269615], 
                        [88.3154589719828, 22.5350319427256], 
                        [88.3154803032339, 22.5351200614575]  
                    ]
                ]
            }, 
            "properties": {
    "floor": "ground",
                "fill-opacity": 0, 
                "stroke-opacity": 1, 
                "stroke": "#ff0000", 
                "tessellate": -1, 
                "extrude": 0, 
                "visibility": true, 
                "fill-opaci": 0, 
                "stroke-opa": 1, 
                "ID": "21-176", 
                "REMARKS": "POLYGON ID-21", 
                "AREA": 100
            }, 
            "id": "poly21.199"
        }, 
        {
            "type": "Feature", 
            "geometry": {
                "type": "Polygon", 
                "coordinates": [
                    [
                        [88.3150581652897, 22.5350230958392], 
                        [88.3149734585101, 22.5350407908238], 
                        [88.315092334134 , 22.535222672834 ], 
                        [88.3151189094136, 22.5352740594914], 
                        [88.3151008231539, 22.5351993364259], 
                        [88.3150794903551, 22.5351112002217], 
                        [88.3150581652897, 22.5350230958392]  
                    ]
                ]
            }, 
            "properties": {
    "floor": "ground",
                "fill-opacity": 0, 
                "stroke-opacity": 1, 
                "stroke": "#ff0000", 
                "tessellate": -1, 
                "extrude": 0, 
                "visibility": true, 
                "fill-opaci": 0, 
                "stroke-opa": 1, 
                "ID": "21-171", 
                "REMARKS": "POLYGON ID-21", 
                "AREA": 119.901
            }, 
            "id": "poly21.200"
        }, 
        {
            "type": "Feature", 
            "geometry": {
                "type": "Polygon", 
                "coordinates": [
                    [
                        [88.3151008231539, 22.5351993364259], 
                        [88.3151008715083, 22.5351993241972], 
                        [88.3151957294847, 22.5351795085943], 
                        [88.315174398401 , 22.5350913898171], 
                        [88.3150795404803, 22.5351112054048], 
                        [88.3150794903551, 22.5351112002217], 
                        [88.3151008231539, 22.5351993364259]  
                    ]
                ]
            }, 
            "properties": {
    "floor": "ground",
                "fill-opacity": 0, 
                "stroke-opacity": 1, 
                "stroke": "#ff0000", 
                "tessellate": -1, 
                "extrude": 0, 
                "visibility": true, 
                "fill-opaci": 0, 
                "stroke-opa": 1, 
                "ID": "21-172", 
                "REMARKS": "POLYGON ID-21", 
                "AREA": 100.05
            }, 
            "id": "poly21.201"
        }, 
        {
            "type": "Feature", 
            "geometry": {
                "type": "Polygon", 
                "coordinates": [
                    [
                        [88.3153854453475, 22.5351398772245], 
                        [88.3154803032339, 22.5351200614575], 
                        [88.3154589719828, 22.5350319427256], 
                        [88.3153641141522, 22.5350517584774], 
                        [88.3153854453475, 22.5351398772245]  
                    ]
                ]
            }, 
            "properties": {
    "floor": "ground",
                "fill-opacity": 0, 
                "stroke-opacity": 1, 
                "stroke": "#ff0000", 
                "tessellate": -1, 
                "extrude": 0, 
                "visibility": true, 
                "fill-opaci": 0, 
                "stroke-opa": 1, 
                "ID": "21-175", 
                "REMARKS": "POLYGON ID-21", 
                "AREA": 100
            }, 
            "id": "poly21.202"
        }, 
        {
            "type": "Feature", 
            "geometry": {
                "type": "Polygon", 
                "coordinates": [
                    [
                        [88.3160421877193, 22.5362061563292], 
                        [88.3159473294832, 22.5362259723969], 
                        [88.3159686611458, 22.5363140910529], 
                        [88.3160149303796, 22.5363044253271], 
                        [88.3160179520263, 22.536293295154 ], 
                        [88.3160600361877, 22.536279884959 ], 
                        [88.3160421877193, 22.5362061563292]  
                    ]
                ]
            }, 
            "properties": {
    "floor": "ground",
                "fill-opacity": 0, 
                "stroke-opacity": 1, 
                "stroke": "#ff0000", 
                "tessellate": -1, 
                "extrude": 0, 
                "visibility": true, 
                "fill-opaci": 0, 
                "stroke-opa": 1, 
                "ID": "21-121", 
                "REMARKS": "POLYGON ID-21", 
                "AREA": 93.381
            }, 
            "id": "poly21.203"
        }, 
        {
            "type": "Feature", 
            "geometry": {
                "type": "Polygon", 
                "coordinates": [
                    [
                        [88.3159473294832, 22.5362259723969], 
                        [88.3158524708114, 22.5362457884946], 
                        [88.3158738025386, 22.5363339071406], 
                        [88.3159686611458, 22.5363140910529], 
                        [88.3159473294832, 22.5362259723969]  
                    ]
                ]
            }, 
            "properties": {
    "floor": "ground",
                "fill-opacity": 0, 
                "stroke-opacity": 1, 
                "stroke": "#ff0000", 
                "tessellate": -1, 
                "extrude": 0, 
                "visibility": true, 
                "fill-opaci": 0, 
                "stroke-opa": 1, 
                "ID": "21-110", 
                "REMARKS": "POLYGON ID-21", 
                "AREA": 100
            }, 
            "id": "poly21.204"
        }, 
        {
            "type": "Feature", 
            "geometry": {
                "type": "Polygon", 
                "coordinates": [
                    [
                        [88.315764873984 , 22.5350606143986], 
                        [88.3158597344791, 22.5350407978428], 
                        [88.3158384030049, 22.5349526791713], 
                        [88.3157435423684, 22.5349724957531], 
                        [88.315764873984 , 22.5350606143986]  
                    ]
                ]
            }, 
            "properties": {
    "floor": "ground",
                "fill-opacity": 0, 
                "stroke-opacity": 1, 
                "stroke": "#ff0000", 
                "tessellate": -1, 
                "extrude": 0, 
                "visibility": true, 
                "fill-opaci": 0, 
                "stroke-opa": 1, 
                "ID": "21-179", 
                "REMARKS": "POLYGON ID-21", 
                "AREA": 100.003
            }, 
            "id": "poly21.205"
        }, 
        {
            "type": "Feature", 
            "geometry": {
                "type": "Polygon", 
                "coordinates": [
                    [
                        [88.3156700206012, 22.5350804294076], 
                        [88.315764873984 , 22.5350606143986], 
                        [88.3157435423684, 22.5349724957531], 
                        [88.3156486893589, 22.5349923106807], 
                        [88.3156700206012, 22.5350804294076]  
                    ]
                ]
            }, 
            "properties": {
    "floor": "ground",
                "fill-opacity": 0, 
                "stroke-opacity": 1, 
                "stroke": "#ff0000", 
                "tessellate": -1, 
                "extrude": 0, 
                "visibility": true, 
                "fill-opaci": 0, 
                "stroke-opa": 1, 
                "ID": "21-178", 
                "REMARKS": "POLYGON ID-21", 
                "AREA": 99.995
            }, 
            "id": "poly21.206"
        }, 
        {
            "type": "Feature", 
            "geometry": {
                "type": "Polygon", 
                "coordinates": [
                    [
                        [88.3155751609042, 22.5351002456748], 
                        [88.3156700206012, 22.5350804294076], 
                        [88.3156486893589, 22.5349923106807], 
                        [88.31555382958  , 22.5350121269615], 
                        [88.3155751609042, 22.5351002456748]  
                    ]
                ]
            }, 
            "properties": {
    "floor": "ground",
                "fill-opacity": 0, 
                "stroke-opacity": 1, 
                "stroke": "#ff0000", 
                "tessellate": -1, 
                "extrude": 0, 
                "visibility": true, 
                "fill-opaci": 0, 
                "stroke-opa": 1, 
                "ID": "21-177", 
                "REMARKS": "POLYGON ID-21", 
                "AREA": 100.002
            }, 
            "id": "poly21.207"
        }, 
        {
            "type": "Feature", 
            "geometry": {
                "type": "Polygon", 
                "coordinates": [
                    [
                        [88.3160208557134, 22.5361180377495], 
                        [88.3159259978506, 22.5361378537358], 
                        [88.3159473294832, 22.5362259723969], 
                        [88.3160421877193, 22.5362061563292], 
                        [88.3160208557134, 22.5361180377495]  
                    ]
                ]
            }, 
            "properties": {
    "floor": "ground",
                "fill-opacity": 0, 
                "stroke-opacity": 1, 
                "stroke": "#ff0000", 
                "tessellate": -1, 
                "extrude": 0, 
                "visibility": true, 
                "fill-opaci": 0, 
                "stroke-opa": 1, 
                "ID": "21-122", 
                "REMARKS": "POLYGON ID-21", 
                "AREA": 100
            }, 
            "id": "poly21.208"
        }, 
        {
            "type": "Feature", 
            "geometry": {
                "type": "Polygon", 
                "coordinates": [
                    [
                        [88.3159259978506, 22.5361378537358], 
                        [88.3158372394088, 22.5361563954863], 
                        [88.3158378777653, 22.5361855064069], 
                        [88.3158524708114, 22.5362457884946], 
                        [88.3159473294832, 22.5362259723969], 
                        [88.3159259978506, 22.5361378537358]  
                    ]
                ]
            }, 
            "properties": {
    "floor": "ground",
                "fill-opacity": 0, 
                "stroke-opacity": 1, 
                "stroke": "#ff0000", 
                "tessellate": -1, 
                "extrude": 0, 
                "visibility": true, 
                "fill-opaci": 0, 
                "stroke-opa": 1, 
                "ID": "21-111", 
                "REMARKS": "POLYGON ID-21", 
                "AREA": 98.984
            }, 
            "id": "poly21.209"
        }, 
        {
            "type": "Feature", 
            "geometry": {
                "type": "Polygon", 
                "coordinates": [
                    [
                        [88.3159024534666, 22.535217266291 ], 
                        [88.3159280840141, 22.5352119213753], 
                        [88.3158198076825, 22.5348464258655], 
                        [88.3157132671116, 22.5348474316514], 
                        [88.3157222107828, 22.5348843771026], 
                        [88.3158170715608, 22.5348645604946], 
                        [88.3158384030049, 22.5349526791713], 
                        [88.3158597344791, 22.5350407978428], 
                        [88.3158810659834, 22.5351289165093], 
                        [88.3159024534666, 22.535217266291 ]  
                    ]
                ]
            }, 
            "properties": {
    "floor": "ground",
                "fill-opacity": 0, 
                "stroke-opacity": 1, 
                "stroke": "#ff0000", 
                "tessellate": -1, 
                "extrude": 0, 
                "visibility": true, 
                "fill-opaci": 0, 
                "stroke-opa": 1, 
                "ID": "21-162", 
                "REMARKS": "POLYGON ID-21", 
                "AREA": 102.894
            }, 
            "id": "poly21.210"
        }, 
        {
            "type": "Feature", 
            "geometry": {
                "type": "Polygon", 
                "coordinates": [
                    [
                        [88.3152692562916, 22.5350715741746], 
                        [88.3153641141522, 22.5350517584774], 
                        [88.3153427829869, 22.5349636397253], 
                        [88.3152479251821, 22.5349834554074], 
                        [88.3152692562916, 22.5350715741746]  
                    ]
                ]
            }, 
            "properties": {
    "floor": "ground",
                "fill-opacity": 0, 
                "stroke-opacity": 1, 
                "stroke": "#ff0000", 
                "tessellate": -1, 
                "extrude": 0, 
                "visibility": true, 
                "fill-opaci": 0, 
                "stroke-opa": 1, 
                "ID": "21-182", 
                "REMARKS": "POLYGON ID-21", 
                "AREA": 100
            }, 
            "id": "poly21.211"
        }, 
        {
            "type": "Feature", 
            "geometry": {
                "type": "Polygon", 
                "coordinates": [
                    [
                        [88.315174398401 , 22.5350913898171], 
                        [88.3152692562916, 22.5350715741746], 
                        [88.3152479251821, 22.5349834554074], 
                        [88.3151530673472, 22.5350032710347], 
                        [88.315174398401 , 22.5350913898171]  
                    ]
                ]
            }, 
            "properties": {
    "floor": "ground",
                "fill-opacity": 0, 
                "stroke-opacity": 1, 
                "stroke": "#ff0000", 
                "tessellate": -1, 
                "extrude": 0, 
                "visibility": true, 
                "fill-opaci": 0, 
                "stroke-opa": 1, 
                "ID": "21-181", 
                "REMARKS": "POLYGON ID-21", 
                "AREA": 100
            }, 
            "id": "poly21.212"
        }, 
        {
            "type": "Feature", 
            "geometry": {
                "type": "Polygon", 
                "coordinates": [
                    [
                        [88.3154589719828, 22.5350319427256], 
                        [88.31555382958  , 22.5350121269615], 
                        [88.3155324982859, 22.5349240082432], 
                        [88.3154376407617, 22.5349438239886], 
                        [88.3154589719828, 22.5350319427256]  
                    ]
                ]
            }, 
            "properties": {
    "floor": "ground",
                "fill-opacity": 0, 
                "stroke-opacity": 1, 
                "stroke": "#ff0000", 
                "tessellate": -1, 
                "extrude": 0, 
                "visibility": true, 
                "fill-opaci": 0, 
                "stroke-opa": 1, 
                "ID": "21-184", 
                "REMARKS": "POLYGON ID-21", 
                "AREA": 100
            }, 
            "id": "poly21.213"
        }, 
        {
            "type": "Feature", 
            "geometry": {
                "type": "Polygon", 
                "coordinates": [
                    [
                        [88.3150794903551, 22.5351112002217], 
                        [88.3150795404803, 22.5351112054048], 
                        [88.315174398401 , 22.5350913898171], 
                        [88.3151530673472, 22.5350032710347], 
                        [88.3150581652897, 22.5350230958392], 
                        [88.3150794903551, 22.5351112002217]  
                    ]
                ]
            }, 
            "properties": {
    "floor": "ground",
                "fill-opacity": 0, 
                "stroke-opacity": 1, 
                "stroke": "#ff0000", 
                "tessellate": -1, 
                "extrude": 0, 
                "visibility": true, 
                "fill-opaci": 0, 
                "stroke-opa": 1, 
                "ID": "21-180", 
                "REMARKS": "POLYGON ID-21", 
                "AREA": 100.048
            }, 
            "id": "poly21.214"
        }, 
        {
            "type": "Feature", 
            "geometry": {
                "type": "Polygon", 
                "coordinates": [
                    [
                        [88.3153641141522, 22.5350517584774], 
                        [88.3154589719828, 22.5350319427256], 
                        [88.3154376407617, 22.5349438239886], 
                        [88.3153427829869, 22.5349636397253], 
                        [88.3153641141522, 22.5350517584774]  
                    ]
                ]
            }, 
            "properties": {
    "floor": "ground",
                "fill-opacity": 0, 
                "stroke-opacity": 1, 
                "stroke": "#ff0000", 
                "tessellate": -1, 
                "extrude": 0, 
                "visibility": true, 
                "fill-opaci": 0, 
                "stroke-opa": 1, 
                "ID": "21-183", 
                "REMARKS": "POLYGON ID-21", 
                "AREA": 100
            }, 
            "id": "poly21.215"
        }, 
        {
            "type": "Feature", 
            "geometry": {
                "type": "Polygon", 
                "coordinates": [
                    [
                        [88.3157435423684, 22.5349724957531], 
                        [88.3158384030049, 22.5349526791713], 
                        [88.3158170715608, 22.5348645604946], 
                        [88.3157222107828, 22.5348843771026], 
                        [88.3157435423684, 22.5349724957531]  
                    ]
                ]
            }, 
            "properties": {
    "floor": "ground",
                "fill-opacity": 0, 
                "stroke-opacity": 1, 
                "stroke": "#ff0000", 
                "tessellate": -1, 
                "extrude": 0, 
                "visibility": true, 
                "fill-opaci": 0, 
                "stroke-opa": 1, 
                "ID": "21-187", 
                "REMARKS": "POLYGON ID-21", 
                "AREA": 100.003
            }, 
            "id": "poly21.216"
        }, 
        {
            "type": "Feature", 
            "geometry": {
                "type": "Polygon", 
                "coordinates": [
                    [
                        [88.3156486893589, 22.5349923106807], 
                        [88.3157435423684, 22.5349724957531], 
                        [88.3157222107828, 22.5348843771026], 
                        [88.3156273581466, 22.5349041919488], 
                        [88.3156486893589, 22.5349923106807]  
                    ]
                ]
            }, 
            "properties": {
    "floor": "ground",
                "fill-opacity": 0, 
                "stroke-opacity": 1, 
                "stroke": "#ff0000", 
                "tessellate": -1, 
                "extrude": 0, 
                "visibility": true, 
                "fill-opaci": 0, 
                "stroke-opa": 1, 
                "ID": "21-186", 
                "REMARKS": "POLYGON ID-21", 
                "AREA": 99.995
            }, 
            "id": "poly21.217"
        }, 
        {
            "type": "Feature", 
            "geometry": {
                "type": "Polygon", 
                "coordinates": [
                    [
                        [88.31555382958  , 22.5350121269615], 
                        [88.3156486893589, 22.5349923106807], 
                        [88.3156273581466, 22.5349041919488], 
                        [88.3155324982859, 22.5349240082432], 
                        [88.31555382958  , 22.5350121269615]  
                    ]
                ]
            }, 
            "properties": {
    "floor": "ground",
                "fill-opacity": 0, 
                "stroke-opacity": 1, 
                "stroke": "#ff0000", 
                "tessellate": -1, 
                "extrude": 0, 
                "visibility": true, 
                "fill-opaci": 0, 
                "stroke-opa": 1, 
                "ID": "21-185", 
                "REMARKS": "POLYGON ID-21", 
                "AREA": 100.002
            }, 
            "id": "poly21.218"
        }, 
        {
            "type": "Feature", 
            "geometry": {
                "type": "Polygon", 
                "coordinates": [
                    [
                        [88.3153332577929, 22.5353359634631], 
                        [88.3154281238134, 22.5353161807378], 
                        [88.3154067765729, 22.5352279959665], 
                        [88.3153119186007, 22.5352478116938], 
                        [88.3153332577929, 22.5353359634631]  
                    ]
                ]
            }, 
            "properties": {
    "floor": "ground",
                "fill-opacity": 0, 
                "stroke-opacity": 1, 
                "stroke": "#ff0000", 
                "tessellate": -1, 
                "extrude": 0, 
                "visibility": true, 
                "fill-opaci": 0, 
                "stroke-opa": 1, 
                "ID": "21-156", 
                "REMARKS": "POLYGON ID-21", 
                "AREA": 100.056
            }, 
            "id": "poly21.219"
        }, 
        {
            "type": "Feature", 
            "geometry": {
                "type": "Polygon", 
                "coordinates": [
                    [
                        [88.3152383917423, 22.5353557461336], 
                        [88.3153332577929, 22.5353359634631], 
                        [88.3153119186007, 22.5352478116938], 
                        [88.3152170605985, 22.5352676273665], 
                        [88.3152383917423, 22.5353557461336]  
                    ]
                ]
            }, 
            "properties": {
    "floor": "ground",
                "fill-opacity": 0, 
                "stroke-opacity": 1, 
                "stroke": "#ff0000", 
                "tessellate": -1, 
                "extrude": 0, 
                "visibility": true, 
                "fill-opaci": 0, 
                "stroke-opa": 1, 
                "ID": "21-155", 
                "REMARKS": "POLYGON ID-21", 
                "AREA": 100.019
            }, 
            "id": "poly21.220"
        }, 
        {
            "type": "Feature", 
            "geometry": {
                "type": "Polygon", 
                "coordinates": [
                    [
                        [88.315522989804 , 22.5352963979579], 
                        [88.3156178556132, 22.5352766151548], 
                        [88.3155964922584, 22.535188364383 ], 
                        [88.315501634515 , 22.5352081801844], 
                        [88.315522989804 , 22.5352963979579]  
                    ]
                ]
            }, 
            "properties": {
    "floor": "ground",
                "fill-opacity": 0, 
                "stroke-opacity": 1, 
                "stroke": "#ff0000", 
                "tessellate": -1, 
                "extrude": 0, 
                "visibility": true, 
                "fill-opaci": 0, 
                "stroke-opa": 1, 
                "ID": "21-158", 
                "REMARKS": "POLYGON ID-21", 
                "AREA": 100.131
            }, 
            "id": "poly21.221"
        }, 
        {
            "type": "Feature", 
            "geometry": {
                "type": "Polygon", 
                "coordinates": [
                    [
                        [88.3152170605985, 22.5352676273665], 
                        [88.3151254771038, 22.5352867589424], 
                        [88.3152118938529, 22.5354538562847], 
                        [88.3152597229161, 22.5354438648957], 
                        [88.3152383917423, 22.5353557461336], 
                        [88.3152170605985, 22.5352676273665]  
                    ]
                ]
            }, 
            "properties": {
    "floor": "ground",
                "fill-opacity": 0, 
                "stroke-opacity": 1, 
                "stroke": "#ff0000", 
                "tessellate": -1, 
                "extrude": 0, 
                "visibility": true, 
                "fill-opaci": 0, 
                "stroke-opa": 1, 
                "ID": "21-147", 
                "REMARKS": "POLYGON ID-21", 
                "AREA": 146.97
            }, 
            "id": "poly21.222"
        }, 
        {
            "type": "Feature", 
            "geometry": {
                "type": "Polygon", 
                "coordinates": [
                    [
                        [88.3154281238134, 22.5353161807378], 
                        [88.315522989804 , 22.5352963979579], 
                        [88.315501634515 , 22.5352081801844], 
                        [88.3154067765729, 22.5352279959665], 
                        [88.3154281238134, 22.5353161807378]  
                    ]
                ]
            }, 
            "properties": {
    "floor": "ground",
                "fill-opacity": 0, 
                "stroke-opacity": 1, 
                "stroke": "#ff0000", 
                "tessellate": -1, 
                "extrude": 0, 
                "visibility": true, 
                "fill-opaci": 0, 
                "stroke-opa": 1, 
                "ID": "21-157", 
                "REMARKS": "POLYGON ID-21", 
                "AREA": 100.094
            }, 
            "id": "poly21.223"
        }, 
        {
            "type": "Feature", 
            "geometry": {
                "type": "Polygon", 
                "coordinates": [
                    [
                        [88.3158075852618, 22.5352370497765], 
                        [88.3159024534666, 22.535217266291 ], 
                        [88.3158810659834, 22.5351289165093], 
                        [88.3157862056297, 22.535148733039 ], 
                        [88.3158075852618, 22.5352370497765]  
                    ]
                ]
            }, 
            "properties": {
    "floor": "ground",
                "fill-opacity": 0, 
                "stroke-opacity": 1, 
                "stroke": "#ff0000", 
                "tessellate": -1, 
                "extrude": 0, 
                "visibility": true, 
                "fill-opaci": 0, 
                "stroke-opa": 1, 
                "ID": "21-161", 
                "REMARKS": "POLYGON ID-21", 
                "AREA": 100.246
            }, 
            "id": "poly21.224"
        }, 
        {
            "type": "Feature", 
            "geometry": {
                "type": "Polygon", 
                "coordinates": [
                    [
                        [88.3157127231391, 22.5352568319327], 
                        [88.3158075852618, 22.5352370497765], 
                        [88.3157862056297, 22.535148733039 ], 
                        [88.3156913518735, 22.5351685481295], 
                        [88.3157127231391, 22.5352568319327]  
                    ]
                ]
            }, 
            "properties": {
    "floor": "ground",
                "fill-opacity": 0, 
                "stroke-opacity": 1, 
                "stroke": "#ff0000", 
                "tessellate": -1, 
                "extrude": 0, 
                "visibility": true, 
                "fill-opaci": 0, 
                "stroke-opa": 1, 
                "ID": "21-160", 
                "REMARKS": "POLYGON ID-21", 
                "AREA": 100.202
            }, 
            "id": "poly21.225"
        }, 
        {
            "type": "Feature", 
            "geometry": {
                "type": "Polygon", 
                "coordinates": [
                    [
                        [88.3156178556132, 22.5352766151548], 
                        [88.3157127231391, 22.5352568319327], 
                        [88.3156913518735, 22.5351685481295], 
                        [88.3155964922584, 22.535188364383 ], 
                        [88.3156178556132, 22.5352766151548]  
                    ]
                ]
            }, 
            "properties": {
    "floor": "ground",
                "fill-opacity": 0, 
                "stroke-opacity": 1, 
                "stroke": "#ff0000", 
                "tessellate": -1, 
                "extrude": 0, 
                "visibility": true, 
                "fill-opaci": 0, 
                "stroke-opa": 1, 
                "ID": "21-159", 
                "REMARKS": "POLYGON ID-21", 
                "AREA": 100.17
            }, 
            "id": "poly21.226"
        }, 
        {
            "type": "Feature", 
            "geometry": {
                "type": "Polygon", 
                "coordinates": [
                    [
                        [88.3153119186007, 22.5352478116938], 
                        [88.3154067765729, 22.5352279959665], 
                        [88.3153854453475, 22.5351398772245], 
                        [88.3152905874311, 22.5351596929367], 
                        [88.3153119186007, 22.5352478116938]  
                    ]
                ]
            }, 
            "properties": {
    "floor": "ground",
                "fill-opacity": 0, 
                "stroke-opacity": 1, 
                "stroke": "#ff0000", 
                "tessellate": -1, 
                "extrude": 0, 
                "visibility": true, 
                "fill-opaci": 0, 
                "stroke-opa": 1, 
                "ID": "21-165", 
                "REMARKS": "POLYGON ID-21", 
                "AREA": 100
            }, 
            "id": "poly21.227"
        }, 
        {
            "type": "Feature", 
            "geometry": {
                "type": "Polygon", 
                "coordinates": [
                    [
                        [88.3152170605985, 22.5352676273665], 
                        [88.3153119186007, 22.5352478116938], 
                        [88.3152905874311, 22.5351596929367], 
                        [88.3151957294847, 22.5351795085943], 
                        [88.3152170605985, 22.5352676273665]  
                    ]
                ]
            }, 
            "properties": {
    "floor": "ground",
                "fill-opacity": 0, 
                "stroke-opacity": 1, 
                "stroke": "#ff0000", 
                "tessellate": -1, 
                "extrude": 0, 
                "visibility": true, 
                "fill-opaci": 0, 
                "stroke-opa": 1, 
                "ID": "21-164", 
                "REMARKS": "POLYGON ID-21", 
                "AREA": 100
            }, 
            "id": "poly21.228"
        }, 
        {
            "type": "Feature", 
            "geometry": {
                "type": "Polygon", 
                "coordinates": [
                    [
                        [88.315501634515 , 22.5352081801844], 
                        [88.3155964922584, 22.535188364383 ], 
                        [88.3155751609042, 22.5351002456748], 
                        [88.3154803032339, 22.5351200614575], 
                        [88.315501634515 , 22.5352081801844]  
                    ]
                ]
            }, 
            "properties": {
    "floor": "ground",
                "fill-opacity": 0, 
                "stroke-opacity": 1, 
                "stroke": "#ff0000", 
                "tessellate": -1, 
                "extrude": 0, 
                "visibility": true, 
                "fill-opaci": 0, 
                "stroke-opa": 1, 
                "ID": "21-167", 
                "REMARKS": "POLYGON ID-21", 
                "AREA": 100
            }, 
            "id": "poly21.229"
        }, 
        {
            "type": "Feature", 
            "geometry": {
                "type": "Polygon", 
                "coordinates": [
                    [
                        [88.3151254771038, 22.5352867589424], 
                        [88.3152170605985, 22.5352676273665], 
                        [88.3151957294847, 22.5351795085943], 
                        [88.3151008715083, 22.5351993241972], 
                        [88.3151008231539, 22.5351993364259], 
                        [88.3151189094136, 22.5352740594914], 
                        [88.3151254771038, 22.5352867589424]  
                    ]
                ]
            }, 
            "properties": {
    "floor": "ground",
                "fill-opacity": 0, 
                "stroke-opacity": 1, 
                "stroke": "#ff0000", 
                "tessellate": -1, 
                "extrude": 0, 
                "visibility": true, 
                "fill-opaci": 0, 
                "stroke-opa": 1, 
                "ID": "21-163", 
                "REMARKS": "POLYGON ID-21", 
                "AREA": 99.786
            }, 
            "id": "poly21.230"
        }, 
        {
            "type": "Feature", 
            "geometry": {
                "type": "Polygon", 
                "coordinates": [
                    [
                        [88.3154067765729, 22.5352279959665], 
                        [88.315501634515 , 22.5352081801844], 
                        [88.3154803032339, 22.5351200614575], 
                        [88.3153854453475, 22.5351398772245], 
                        [88.3154067765729, 22.5352279959665]  
                    ]
                ]
            }, 
            "properties": {
    "floor": "ground",
                "fill-opacity": 0, 
                "stroke-opacity": 1, 
                "stroke": "#ff0000", 
                "tessellate": -1, 
                "extrude": 0, 
                "visibility": true, 
                "fill-opaci": 0, 
                "stroke-opa": 1, 
                "ID": "21-166", 
                "REMARKS": "POLYGON ID-21", 
                "AREA": 100
            }, 
            "id": "poly21.231"
        }, 
        {
            "type": "Feature", 
            "geometry": {
                "type": "Polygon", 
                "coordinates": [
                    [
                        [88.3157862056297, 22.535148733039 ], 
                        [88.3158810659834, 22.5351289165093], 
                        [88.3158597344791, 22.5350407978428], 
                        [88.315764873984 , 22.5350606143986], 
                        [88.3157862056297, 22.535148733039 ]  
                    ]
                ]
            }, 
            "properties": {
    "floor": "ground",
                "fill-opacity": 0, 
                "stroke-opacity": 1, 
                "stroke": "#ff0000", 
                "tessellate": -1, 
                "extrude": 0, 
                "visibility": true, 
                "fill-opaci": 0, 
                "stroke-opa": 1, 
                "ID": "21-170", 
                "REMARKS": "POLYGON ID-21", 
                "AREA": 100.003
            }, 
            "id": "poly21.232"
        }, 
        {
            "type": "Feature", 
            "geometry": {
                "type": "Polygon", 
                "coordinates": [
                    [
                        [88.3156913518735, 22.5351685481295], 
                        [88.3157862056297, 22.535148733039 ], 
                        [88.315764873984 , 22.5350606143986], 
                        [88.3156700206012, 22.5350804294076], 
                        [88.3156913518735, 22.5351685481295]  
                    ]
                ]
            }, 
            "properties": {
    "floor": "ground",
                "fill-opacity": 0, 
                "stroke-opacity": 1, 
                "stroke": "#ff0000", 
                "tessellate": -1, 
                "extrude": 0, 
                "visibility": true, 
                "fill-opaci": 0, 
                "stroke-opa": 1, 
                "ID": "21-169", 
                "REMARKS": "POLYGON ID-21", 
                "AREA": 99.996
            }, 
            "id": "poly21.233"
        }, 
        {
            "type": "Feature", 
            "geometry": {
                "type": "Polygon", 
                "coordinates": [
                    [
                        [88.3155964922584, 22.535188364383 ], 
                        [88.3156913518735, 22.5351685481295], 
                        [88.3156700206012, 22.5350804294076], 
                        [88.3155751609042, 22.5351002456748], 
                        [88.3155964922584, 22.535188364383 ]  
                    ]
                ]
            }, 
            "properties": {
    "floor": "ground",
                "fill-opacity": 0, 
                "stroke-opacity": 1, 
                "stroke": "#ff0000", 
                "tessellate": -1, 
                "extrude": 0, 
                "visibility": true, 
                "fill-opaci": 0, 
                "stroke-opa": 1, 
                "ID": "21-168", 
                "REMARKS": "POLYGON ID-21", 
                "AREA": 100.002
            }, 
            "id": "poly21.234"
        }, 
        {
            "type": "Feature", 
            "geometry": {
                "type": "Polygon", 
                "coordinates": [
                    [
                        [88.316020159969 , 22.5357034990093], 
                        [88.3160707231293, 22.5356934078698], 
                        [88.3160056692175, 22.5354738151434], 
                        [88.3159663923005, 22.5354813911248], 
                        [88.3159877239548, 22.535569509766 ], 
                        [88.3160090556392, 22.5356576284021], 
                        [88.316020159969 , 22.5357034990093]  
                    ]
                ]
            }, 
            "properties": {
    "floor": "ground",
                "fill-opacity": 0, 
                "stroke-opacity": 1, 
                "stroke": "#ff0000", 
                "tessellate": -1, 
                "extrude": 0, 
                "visibility": true, 
                "fill-opaci": 0, 
                "stroke-opa": 1, 
                "ID": "21-145", 
                "REMARKS": "POLYGON ID-21", 
                "AREA": 118.948
            }, 
            "id": "poly21.235"
        }, 
        {
            "type": "Feature", 
            "geometry": {
                "type": "Polygon", 
                "coordinates": [
                    [
                        [88.3153759122895, 22.5355121679348], 
                        [88.315470770429 , 22.5354923521621], 
                        [88.3154494391136, 22.5354042334353], 
                        [88.3153545810299, 22.5354240491928], 
                        [88.3153759122895, 22.5355121679348]  
                    ]
                ]
            }, 
            "properties": {
    "floor": "ground",
                "fill-opacity": 0, 
                "stroke-opacity": 1, 
                "stroke": "#ff0000", 
                "tessellate": -1, 
                "extrude": 0, 
                "visibility": true, 
                "fill-opaci": 0, 
                "stroke-opa": 1, 
                "ID": "21-87", 
                "REMARKS": "POLYGON ID-21", 
                "AREA": 100
            }, 
            "id": "poly21.236"
        }, 
        {
            "type": "Feature", 
            "geometry": {
                "type": "Polygon", 
                "coordinates": [
                    [
                        [88.3152810541199, 22.5355319836527], 
                        [88.3153759122895, 22.5355121679348], 
                        [88.3153545810299, 22.5354240491928], 
                        [88.3152597229161, 22.5354438648957], 
                        [88.3152810541199, 22.5355319836527]  
                    ]
                ]
            }, 
            "properties": {
    "floor": "ground",
                "fill-opacity": 0, 
                "stroke-opacity": 1, 
                "stroke": "#ff0000", 
                "tessellate": -1, 
                "extrude": 0, 
                "visibility": true, 
                "fill-opaci": 0, 
                "stroke-opa": 1, 
                "ID": "21-75", 
                "REMARKS": "POLYGON ID-21", 
                "AREA": 100
            }, 
            "id": "poly21.237"
        }, 
        {
            "type": "Feature", 
            "geometry": {
                "type": "Polygon", 
                "coordinates": [
                    [
                        [88.3155656285385, 22.5354725363348], 
                        [88.3156604865011, 22.5354527204772], 
                        [88.3156391550568, 22.5353646017841], 
                        [88.3155442971673, 22.5353844176231], 
                        [88.3155656285385, 22.5354725363348]  
                    ]
                ]
            }, 
            "properties": {
    "floor": "ground",
                "fill-opacity": 0, 
                "stroke-opacity": 1, 
                "stroke": "#ff0000", 
                "tessellate": -1, 
                "extrude": 0, 
                "visibility": true, 
                "fill-opaci": 0, 
                "stroke-opa": 1, 
                "ID": "21-106", 
                "REMARKS": "POLYGON ID-21", 
                "AREA": 100
            }, 
            "id": "poly21.238"
        }, 
        {
            "type": "Feature", 
            "geometry": {
                "type": "Polygon", 
                "coordinates": [
                    [
                        [88.315470770429 , 22.5354923521621], 
                        [88.3155656285385, 22.5354725363348], 
                        [88.3155442971673, 22.5353844176231], 
                        [88.3154494391136, 22.5354042334353], 
                        [88.315470770429 , 22.5354923521621]  
                    ]
                ]
            }, 
            "properties": {
    "floor": "ground",
                "fill-opacity": 0, 
                "stroke-opacity": 1, 
                "stroke": "#ff0000", 
                "tessellate": -1, 
                "extrude": 0, 
                "visibility": true, 
                "fill-opaci": 0, 
                "stroke-opa": 1, 
                "ID": "21-98", 
                "REMARKS": "POLYGON ID-21", 
                "AREA": 100
            }, 
            "id": "poly21.239"
        }, 
        {
            "type": "Feature", 
            "geometry": {
                "type": "Polygon", 
                "coordinates": [
                    [
                        [88.3158502007468, 22.5354130889299], 
                        [88.3159450606762, 22.5353932724785], 
                        [88.3159237290819, 22.5353051538272], 
                        [88.3158288690111, 22.5353249703047], 
                        [88.3158502007468, 22.5354130889299]  
                    ]
                ]
            }, 
            "properties": {
    "floor": "ground",
                "fill-opacity": 0, 
                "stroke-opacity": 1, 
                "stroke": "#ff0000", 
                "tessellate": -1, 
                "extrude": 0, 
                "visibility": true, 
                "fill-opaci": 0, 
                "stroke-opa": 1, 
                "ID": "21-141", 
                "REMARKS": "POLYGON ID-21", 
                "AREA": 100.002
            }, 
            "id": "poly21.240"
        }, 
        {
            "type": "Feature", 
            "geometry": {
                "type": "Polygon", 
                "coordinates": [
                    [
                        [88.3157553458707, 22.5354329042647], 
                        [88.3158502007468, 22.5354130889299], 
                        [88.3158288690111, 22.5353249703047], 
                        [88.3157340145083, 22.535344785558 ], 
                        [88.3157553458707, 22.5354329042647]  
                    ]
                ]
            }, 
            "properties": {
    "floor": "ground",
                "fill-opacity": 0, 
                "stroke-opacity": 1, 
                "stroke": "#ff0000", 
                "tessellate": -1, 
                "extrude": 0, 
                "visibility": true, 
                "fill-opaci": 0, 
                "stroke-opa": 1, 
                "ID": "21-131", 
                "REMARKS": "POLYGON ID-21", 
                "AREA": 99.997
            }, 
            "id": "poly21.241"
        }, 
        {
            "type": "Feature", 
            "geometry": {
                "type": "Polygon", 
                "coordinates": [
                    [
                        [88.3156604865011, 22.5354527204772], 
                        [88.3157553458707, 22.5354329042647], 
                        [88.3157340145083, 22.535344785558 ], 
                        [88.3156391550568, 22.5353646017841], 
                        [88.3156604865011, 22.5354527204772]  
                    ]
                ]
            }, 
            "properties": {
    "floor": "ground",
                "fill-opacity": 0, 
                "stroke-opacity": 1, 
                "stroke": "#ff0000", 
                "tessellate": -1, 
                "extrude": 0, 
                "visibility": true, 
                "fill-opaci": 0, 
                "stroke-opa": 1, 
                "ID": "21-120", 
                "REMARKS": "POLYGON ID-21", 
                "AREA": 100.001
            }, 
            "id": "poly21.242"
        }, 
        {
            "type": "Feature", 
            "geometry": {
                "type": "Polygon", 
                "coordinates": [
                    [
                        [88.3153545810299, 22.5354240491928], 
                        [88.3154494391136, 22.5354042334353], 
                        [88.3154281238134, 22.5353161807378], 
                        [88.3153332577929, 22.5353359634631], 
                        [88.3153545810299, 22.5354240491928]  
                    ]
                ]
            }, 
            "properties": {
    "floor": "ground",
                "fill-opacity": 0, 
                "stroke-opacity": 1, 
                "stroke": "#ff0000", 
                "tessellate": -1, 
                "extrude": 0, 
                "visibility": true, 
                "fill-opaci": 0, 
                "stroke-opa": 1, 
                "ID": "21-149", 
                "REMARKS": "POLYGON ID-21", 
                "AREA": 99.944
            }, 
            "id": "poly21.243"
        }, 
        {
            "type": "Feature", 
            "geometry": {
                "type": "Polygon", 
                "coordinates": [
                    [
                        [88.3152597229161, 22.5354438648957], 
                        [88.3153545810299, 22.5354240491928], 
                        [88.3153332577929, 22.5353359634631], 
                        [88.3152383917423, 22.5353557461336], 
                        [88.3152597229161, 22.5354438648957]  
                    ]
                ]
            }, 
            "properties": {
    "floor": "ground",
                "fill-opacity": 0, 
                "stroke-opacity": 1, 
                "stroke": "#ff0000", 
                "tessellate": -1, 
                "extrude": 0, 
                "visibility": true, 
                "fill-opaci": 0, 
                "stroke-opa": 1, 
                "ID": "21-148", 
                "REMARKS": "POLYGON ID-21", 
                "AREA": 99.981
            }, 
            "id": "poly21.244"
        }, 
        {
            "type": "Feature", 
            "geometry": {
                "type": "Polygon", 
                "coordinates": [
                    [
                        [88.3155442971673, 22.5353844176231], 
                        [88.3156391550568, 22.5353646017841], 
                        [88.3156178556132, 22.5352766151548], 
                        [88.315522989804 , 22.5352963979579], 
                        [88.3155442971673, 22.5353844176231]  
                    ]
                ]
            }, 
            "properties": {
    "floor": "ground",
                "fill-opacity": 0, 
                "stroke-opacity": 1, 
                "stroke": "#ff0000", 
                "tessellate": -1, 
                "extrude": 0, 
                "visibility": true, 
                "fill-opaci": 0, 
                "stroke-opa": 1, 
                "ID": "21-151", 
                "REMARKS": "POLYGON ID-21", 
                "AREA": 99.869
            }, 
            "id": "poly21.245"
        }, 
        {
            "type": "Feature", 
            "geometry": {
                "type": "Polygon", 
                "coordinates": [
                    [
                        [88.3154494391136, 22.5354042334353], 
                        [88.3155442971673, 22.5353844176231], 
                        [88.315522989804 , 22.5352963979579], 
                        [88.3154281238134, 22.5353161807378], 
                        [88.3154494391136, 22.5354042334353]  
                    ]
                ]
            }, 
            "properties": {
    "floor": "ground",
                "fill-opacity": 0, 
                "stroke-opacity": 1, 
                "stroke": "#ff0000", 
                "tessellate": -1, 
                "extrude": 0, 
                "visibility": true, 
                "fill-opaci": 0, 
                "stroke-opa": 1, 
                "ID": "21-150", 
                "REMARKS": "POLYGON ID-21", 
                "AREA": 99.906
            }, 
            "id": "poly21.246"
        }, 
        {
            "type": "Feature", 
            "geometry": {
                "type": "Polygon", 
                "coordinates": [
                    [
                        [88.3158288690111, 22.5353249703047], 
                        [88.3159237290819, 22.5353051538272], 
                        [88.3159024534666, 22.535217266291 ], 
                        [88.3158075852618, 22.5352370497765], 
                        [88.3158288690111, 22.5353249703047]  
                    ]
                ]
            }, 
            "properties": {
    "floor": "ground",
                "fill-opacity": 0, 
                "stroke-opacity": 1, 
                "stroke": "#ff0000", 
                "tessellate": -1, 
                "extrude": 0, 
                "visibility": true, 
                "fill-opaci": 0, 
                "stroke-opa": 1, 
                "ID": "21-154", 
                "REMARKS": "POLYGON ID-21", 
                "AREA": 99.759
            }, 
            "id": "poly21.247"
        }, 
        {
            "type": "Feature", 
            "geometry": {
                "type": "Polygon", 
                "coordinates": [
                    [
                        [88.3157340145083, 22.535344785558 ], 
                        [88.3158288690111, 22.5353249703047], 
                        [88.3158075852618, 22.5352370497765], 
                        [88.3157127231391, 22.5352568319327], 
                        [88.3157340145083, 22.535344785558 ]  
                    ]
                ]
            }, 
            "properties": {
    "floor": "ground",
                "fill-opacity": 0, 
                "stroke-opacity": 1, 
                "stroke": "#ff0000", 
                "tessellate": -1, 
                "extrude": 0, 
                "visibility": true, 
                "fill-opaci": 0, 
                "stroke-opa": 1, 
                "ID": "21-153", 
                "REMARKS": "POLYGON ID-21", 
                "AREA": 99.79
            }, 
            "id": "poly21.248"
        }, 
        {
            "type": "Feature", 
            "geometry": {
                "type": "Polygon", 
                "coordinates": [
                    [
                        [88.3156391550568, 22.5353646017841], 
                        [88.3157340145083, 22.535344785558 ], 
                        [88.3157127231391, 22.5352568319327], 
                        [88.3156178556132, 22.5352766151548], 
                        [88.3156391550568, 22.5353646017841]  
                    ]
                ]
            }, 
            "properties": {
    "floor": "ground",
                "fill-opacity": 0, 
                "stroke-opacity": 1, 
                "stroke": "#ff0000", 
                "tessellate": -1, 
                "extrude": 0, 
                "visibility": true, 
                "fill-opaci": 0, 
                "stroke-opa": 1, 
                "ID": "21-152", 
                "REMARKS": "POLYGON ID-21", 
                "AREA": 99.833
            }, 
            "id": "poly21.249"
        }, 
        {
            "type": "Feature", 
            "geometry": {
                "type": "Polygon", 
                "coordinates": [
                    [
                        [88.3154185748988, 22.5356884054034], 
                        [88.3155134331498, 22.5356685896006], 
                        [88.3154921017744, 22.5355804708839], 
                        [88.3153972435791, 22.5356002866716], 
                        [88.3154185748988, 22.5356884054034]  
                    ]
                ]
            }, 
            "properties": {
    "floor": "ground",
                "fill-opacity": 0, 
                "stroke-opacity": 1, 
                "stroke": "#ff0000", 
                "tessellate": -1, 
                "extrude": 0, 
                "visibility": true, 
                "fill-opaci": 0, 
                "stroke-opa": 1, 
                "ID": "21-85", 
                "REMARKS": "POLYGON ID-21", 
                "AREA": 100
            }, 
            "id": "poly21.250"
        }, 
        {
            "type": "Feature", 
            "geometry": {
                "type": "Polygon", 
                "coordinates": [
                    [
                        [88.3153237166177, 22.5357082211515], 
                        [88.3154185748988, 22.5356884054034], 
                        [88.3153972435791, 22.5356002866716], 
                        [88.3153023853538, 22.5356201024047], 
                        [88.3153237166177, 22.5357082211515]  
                    ]
                ]
            }, 
            "properties": {
    "floor": "ground",
                "fill-opacity": 0, 
                "stroke-opacity": 1, 
                "stroke": "#ff0000", 
                "tessellate": -1, 
                "extrude": 0, 
                "visibility": true, 
                "fill-opaci": 0, 
                "stroke-opa": 1, 
                "ID": "21-73", 
                "REMARKS": "POLYGON ID-21", 
                "AREA": 100
            }, 
            "id": "poly21.251"
        }, 
        {
            "type": "Feature", 
            "geometry": {
                "type": "Polygon", 
                "coordinates": [
                    [
                        [88.3156082913709, 22.535648773743 ], 
                        [88.3157031494796, 22.535628957848 ], 
                        [88.3156818179754, 22.5355408391651], 
                        [88.3155869599396, 22.5355606550414], 
                        [88.3156082913709, 22.535648773743 ]  
                    ]
                ]
            }, 
            "properties": {
    "floor": "ground",
                "fill-opacity": 0, 
                "stroke-opacity": 1, 
                "stroke": "#ff0000", 
                "tessellate": -1, 
                "extrude": 0, 
                "visibility": true, 
                "fill-opaci": 0, 
                "stroke-opa": 1, 
                "ID": "21-104", 
                "REMARKS": "POLYGON ID-21", 
                "AREA": 100
            }, 
            "id": "poly21.252"
        }, 
        {
            "type": "Feature", 
            "geometry": {
                "type": "Polygon", 
                "coordinates": [
                    [
                        [88.3155134331498, 22.5356685896006], 
                        [88.3156082913709, 22.535648773743 ], 
                        [88.3155869599396, 22.5355606550414], 
                        [88.3154921017744, 22.5355804708839], 
                        [88.3155134331498, 22.5356685896006]  
                    ]
                ]
            }, 
            "properties": {
    "floor": "ground",
                "fill-opacity": 0, 
                "stroke-opacity": 1, 
                "stroke": "#ff0000", 
                "tessellate": -1, 
                "extrude": 0, 
                "visibility": true, 
                "fill-opaci": 0, 
                "stroke-opa": 1, 
                "ID": "21-96", 
                "REMARKS": "POLYGON ID-21", 
                "AREA": 100
            }, 
            "id": "poly21.253"
        }, 
        {
            "type": "Feature", 
            "geometry": {
                "type": "Polygon", 
                "coordinates": [
                    [
                        [88.3158928643083, 22.5355893261652], 
                        [88.3159877239548, 22.535569509766 ], 
                        [88.3159663923005, 22.5354813911248], 
                        [88.3158715325125, 22.5355012075501], 
                        [88.3158928643083, 22.5355893261652]  
                    ]
                ]
            }, 
            "properties": {
    "floor": "ground",
                "fill-opacity": 0, 
                "stroke-opacity": 1, 
                "stroke": "#ff0000", 
                "tessellate": -1, 
                "extrude": 0, 
                "visibility": true, 
                "fill-opaci": 0, 
                "stroke-opa": 1, 
                "ID": "21-139", 
                "REMARKS": "POLYGON ID-21", 
                "AREA": 100.002
            }, 
            "id": "poly21.254"
        }, 
        {
            "type": "Feature", 
            "geometry": {
                "type": "Polygon", 
                "coordinates": [
                    [
                        [88.3157980086855, 22.5356091416628], 
                        [88.3158928643083, 22.5355893261652], 
                        [88.3158715325125, 22.5355012075501], 
                        [88.3157766772631, 22.5355210229663], 
                        [88.3157980086855, 22.5356091416628]  
                    ]
                ]
            }, 
            "properties": {
    "floor": "ground",
                "fill-opacity": 0, 
                "stroke-opacity": 1, 
                "stroke": "#ff0000", 
                "tessellate": -1, 
                "extrude": 0, 
                "visibility": true, 
                "fill-opaci": 0, 
                "stroke-opa": 1, 
                "ID": "21-129", 
                "REMARKS": "POLYGON ID-21", 
                "AREA": 99.997
            }, 
            "id": "poly21.255"
        }, 
        {
            "type": "Feature", 
            "geometry": {
                "type": "Polygon", 
                "coordinates": [
                    [
                        [88.3157031494796, 22.535628957848 ], 
                        [88.3157980086855, 22.5356091416628], 
                        [88.3157766772631, 22.5355210229663], 
                        [88.3156818179754, 22.5355408391651], 
                        [88.3157031494796, 22.535628957848 ]  
                    ]
                ]
            }, 
            "properties": {
    "floor": "ground",
                "fill-opacity": 0, 
                "stroke-opacity": 1, 
                "stroke": "#ff0000", 
                "tessellate": -1, 
                "extrude": 0, 
                "visibility": true, 
                "fill-opaci": 0, 
                "stroke-opa": 1, 
                "ID": "21-118", 
                "REMARKS": "POLYGON ID-21", 
                "AREA": 100.001
            }, 
            "id": "poly21.256"
        }, 
        {
            "type": "Feature", 
            "geometry": {
                "type": "Polygon", 
                "coordinates": [
                    [
                        [88.3152288583066, 22.535728036845 ], 
                        [88.3153237166177, 22.5357082211515], 
                        [88.3153023853538, 22.5356201024047], 
                        [88.3152075270985, 22.535639918083 ], 
                        [88.3152288583066, 22.535728036845 ]  
                    ]
                ]
            }, 
            "properties": {
    "floor": "ground",
                "fill-opacity": 0, 
                "stroke-opacity": 1, 
                "stroke": "#ff0000", 
                "tessellate": -1, 
                "extrude": 0, 
                "visibility": true, 
                "fill-opaci": 0, 
                "stroke-opa": 1, 
                "ID": "21-61", 
                "REMARKS": "POLYGON ID-21", 
                "AREA": 100
            }, 
            "id": "poly21.257"
        }, 
        {
            "type": "Feature", 
            "geometry": {
                "type": "Polygon", 
                "coordinates": [
                    [
                        [88.3159663923005, 22.5354813911248], 
                        [88.3160056692175, 22.5354738151434], 
                        [88.3159280840141, 22.5352119213753], 
                        [88.3159024534666, 22.535217266291 ], 
                        [88.3159237290819, 22.5353051538272], 
                        [88.3159450606762, 22.5353932724785], 
                        [88.3159663923005, 22.5354813911248]  
                    ]
                ]
            }, 
            "properties": {
    "floor": "ground",
                "fill-opacity": 0, 
                "stroke-opacity": 1, 
                "stroke": "#ff0000", 
                "tessellate": -1, 
                "extrude": 0, 
                "visibility": true, 
                "fill-opaci": 0, 
                "stroke-opa": 1, 
                "ID": "21-146", 
                "REMARKS": "POLYGON ID-21", 
                "AREA": 102.406
            }, 
            "id": "poly21.258"
        }, 
        {
            "type": "Feature", 
            "geometry": {
                "type": "Polygon", 
                "coordinates": [
                    [
                        [88.3153972435791, 22.5356002866716], 
                        [88.3154921017744, 22.5355804708839], 
                        [88.315470770429 , 22.5354923521621], 
                        [88.3153759122895, 22.5355121679348], 
                        [88.3153972435791, 22.5356002866716]  
                    ]
                ]
            }, 
            "properties": {
    "floor": "ground",
                "fill-opacity": 0, 
                "stroke-opacity": 1, 
                "stroke": "#ff0000", 
                "tessellate": -1, 
                "extrude": 0, 
                "visibility": true, 
                "fill-opaci": 0, 
                "stroke-opa": 1, 
                "ID": "21-86", 
                "REMARKS": "POLYGON ID-21", 
                "AREA": 100
            }, 
            "id": "poly21.259"
        }, 
        {
            "type": "Feature", 
            "geometry": {
                "type": "Polygon", 
                "coordinates": [
                    [
                        [88.3153023853538, 22.5356201024047], 
                        [88.3153972435791, 22.5356002866716], 
                        [88.3153759122895, 22.5355121679348], 
                        [88.3152810541199, 22.5355319836527], 
                        [88.3153023853538, 22.5356201024047]  
                    ]
                ]
            }, 
            "properties": {
    "floor": "ground",
                "fill-opacity": 0, 
                "stroke-opacity": 1, 
                "stroke": "#ff0000", 
                "tessellate": -1, 
                "extrude": 0, 
                "visibility": true, 
                "fill-opaci": 0, 
                "stroke-opa": 1, 
                "ID": "21-74", 
                "REMARKS": "POLYGON ID-21", 
                "AREA": 100
            }, 
            "id": "poly21.260"
        }, 
        {
            "type": "Feature", 
            "geometry": {
                "type": "Polygon", 
                "coordinates": [
                    [
                        [88.3155869599396, 22.5355606550414], 
                        [88.3156818179754, 22.5355408391651], 
                        [88.3156604865011, 22.5354527204772], 
                        [88.3155656285385, 22.5354725363348], 
                        [88.3155869599396, 22.5355606550414]  
                    ]
                ]
            }, 
            "properties": {
    "floor": "ground",
                "fill-opacity": 0, 
                "stroke-opacity": 1, 
                "stroke": "#ff0000", 
                "tessellate": -1, 
                "extrude": 0, 
                "visibility": true, 
                "fill-opaci": 0, 
                "stroke-opa": 1, 
                "ID": "21-105", 
                "REMARKS": "POLYGON ID-21", 
                "AREA": 100
            }, 
            "id": "poly21.261"
        }, 
        {
            "type": "Feature", 
            "geometry": {
                "type": "Polygon", 
                "coordinates": [
                    [
                        [88.3154921017744, 22.5355804708839], 
                        [88.3155869599396, 22.5355606550414], 
                        [88.3155656285385, 22.5354725363348], 
                        [88.315470770429 , 22.5354923521621], 
                        [88.3154921017744, 22.5355804708839]  
                    ]
                ]
            }, 
            "properties": {
    "floor": "ground",
                "fill-opacity": 0, 
                "stroke-opacity": 1, 
                "stroke": "#ff0000", 
                "tessellate": -1, 
                "extrude": 0, 
                "visibility": true, 
                "fill-opaci": 0, 
                "stroke-opa": 1, 
                "ID": "21-97", 
                "REMARKS": "POLYGON ID-21", 
                "AREA": 100
            }, 
            "id": "poly21.262"
        }, 
        {
            "type": "Feature", 
            "geometry": {
                "type": "Polygon", 
                "coordinates": [
                    [
                        [88.3158715325125, 22.5355012075501], 
                        [88.3159663923005, 22.5354813911248], 
                        [88.3159450606762, 22.5353932724785], 
                        [88.3158502007468, 22.5354130889299], 
                        [88.3158715325125, 22.5355012075501]  
                    ]
                ]
            }, 
            "properties": {
    "floor": "ground",
                "fill-opacity": 0, 
                "stroke-opacity": 1, 
                "stroke": "#ff0000", 
                "tessellate": -1, 
                "extrude": 0, 
                "visibility": true, 
                "fill-opaci": 0, 
                "stroke-opa": 1, 
                "ID": "21-140", 
                "REMARKS": "POLYGON ID-21", 
                "AREA": 100.002
            }, 
            "id": "poly21.263"
        }, 
        {
            "type": "Feature", 
            "geometry": {
                "type": "Polygon", 
                "coordinates": [
                    [
                        [88.3157766772631, 22.5355210229663], 
                        [88.3158715325125, 22.5355012075501], 
                        [88.3158502007468, 22.5354130889299], 
                        [88.3157553458707, 22.5354329042647], 
                        [88.3157766772631, 22.5355210229663]  
                    ]
                ]
            }, 
            "properties": {
    "floor": "ground",
                "fill-opacity": 0, 
                "stroke-opacity": 1, 
                "stroke": "#ff0000", 
                "tessellate": -1, 
                "extrude": 0, 
                "visibility": true, 
                "fill-opaci": 0, 
                "stroke-opa": 1, 
                "ID": "21-130", 
                "REMARKS": "POLYGON ID-21", 
                "AREA": 99.997
            }, 
            "id": "poly21.264"
        }, 
        {
            "type": "Feature", 
            "geometry": {
                "type": "Polygon", 
                "coordinates": [
                    [
                        [88.3156818179754, 22.5355408391651], 
                        [88.3157766772631, 22.5355210229663], 
                        [88.3157553458707, 22.5354329042647], 
                        [88.3156604865011, 22.5354527204772], 
                        [88.3156818179754, 22.5355408391651]  
                    ]
                ]
            }, 
            "properties": {
    "floor": "ground",
                "fill-opacity": 0, 
                "stroke-opacity": 1, 
                "stroke": "#ff0000", 
                "tessellate": -1, 
                "extrude": 0, 
                "visibility": true, 
                "fill-opaci": 0, 
                "stroke-opa": 1, 
                "ID": "21-119", 
                "REMARKS": "POLYGON ID-21", 
                "AREA": 100.001
            }, 
            "id": "poly21.265"
        }, 
        {
            "type": "Feature", 
            "geometry": {
                "type": "Polygon", 
                "coordinates": [
                    [
                        [88.3152075270985, 22.535639918083 ], 
                        [88.3153023853538, 22.5356201024047], 
                        [88.3152810541199, 22.5355319836527], 
                        [88.3151861959204, 22.535551799316 ], 
                        [88.3152075270985, 22.535639918083 ]  
                    ]
                ]
            }, 
            "properties": {
    "floor": "ground",
                "fill-opacity": 0, 
                "stroke-opacity": 1, 
                "stroke": "#ff0000", 
                "tessellate": -1, 
                "extrude": 0, 
                "visibility": true, 
                "fill-opaci": 0, 
                "stroke-opa": 1, 
                "ID": "21-62", 
                "REMARKS": "POLYGON ID-21", 
                "AREA": 100
            }, 
            "id": "poly21.266"
        }, 
        {
            "type": "Feature", 
            "geometry": {
                "type": "Polygon", 
                "coordinates": [
                    [
                        [88.314978436632 , 22.5360573855858], 
                        [88.3150082764955, 22.5360518399886], 
                        [88.3149869453647, 22.5359637211966], 
                        [88.3149656142639, 22.5358756023994], 
                        [88.3149442831932, 22.5357874835972], 
                        [88.3149094373613, 22.5357941703145], 
                        [88.314978436632 , 22.5360573855858]  
                    ]
                ]
            }, 
            "properties": {
    "floor": "ground",
                "fill-opacity": 0, 
                "stroke-opacity": 1, 
                "stroke": "#ff0000", 
                "tessellate": -1, 
                "extrude": 0, 
                "visibility": true, 
                "fill-opaci": 0, 
                "stroke-opa": 1, 
                "ID": "21-4", 
                "REMARKS": "POLYGON ID-21", 
                "AREA": 101.785
            }, 
            "id": "poly21.267"
        }, 
        {
            "type": "Feature", 
            "geometry": {
                "type": "Polygon", 
                "coordinates": [
                    [
                        [88.3154612376281, 22.5358646428518], 
                        [88.3155560959907, 22.5358448270188], 
                        [88.3155347645553, 22.5357567083122], 
                        [88.3154399062484, 22.5357765241301], 
                        [88.3154612376281, 22.5358646428518]  
                    ]
                ]
            }, 
            "properties": {
    "floor": "ground",
                "fill-opacity": 0, 
                "stroke-opacity": 1, 
                "stroke": "#ff0000", 
                "tessellate": -1, 
                "extrude": 0, 
                "visibility": true, 
                "fill-opaci": 0, 
                "stroke-opa": 1, 
                "ID": "21-83", 
                "REMARKS": "POLYGON ID-21", 
                "AREA": 100
            }, 
            "id": "poly21.268"
        }, 
        {
            "type": "Feature", 
            "geometry": {
                "type": "Polygon", 
                "coordinates": [
                    [
                        [88.3153663792355, 22.5358844586302], 
                        [88.3154612376281, 22.5358646428518], 
                        [88.3154399062484, 22.5357765241301], 
                        [88.3153450479116, 22.5357963398934], 
                        [88.3153663792355, 22.5358844586302]  
                    ]
                ]
            }, 
            "properties": {
    "floor": "ground",
                "fill-opacity": 0, 
                "stroke-opacity": 1, 
                "stroke": "#ff0000", 
                "tessellate": -1, 
                "extrude": 0, 
                "visibility": true, 
                "fill-opaci": 0, 
                "stroke-opa": 1, 
                "ID": "21-71", 
                "REMARKS": "POLYGON ID-21", 
                "AREA": 100
            }, 
            "id": "poly21.269"
        }, 
        {
            "type": "Feature", 
            "geometry": {
                "type": "Polygon", 
                "coordinates": [
                    [
                        [88.3156509543233, 22.5358250111311], 
                        [88.3157458125783, 22.5358051951986], 
                        [88.315724481014 , 22.5357170765258], 
                        [88.3156296228321, 22.5357368924396], 
                        [88.3156509543233, 22.5358250111311]  
                    ]
                ]
            }, 
            "properties": {
    "floor": "ground",
                "fill-opacity": 0, 
                "stroke-opacity": 1, 
                "stroke": "#ff0000", 
                "tessellate": -1, 
                "extrude": 0, 
                "visibility": true, 
                "fill-opaci": 0, 
                "stroke-opa": 1, 
                "ID": "21-102", 
                "REMARKS": "POLYGON ID-21", 
                "AREA": 100
            }, 
            "id": "poly21.270"
        }, 
        {
            "type": "Feature", 
            "geometry": {
                "type": "Polygon", 
                "coordinates": [
                    [
                        [88.3155560959907, 22.5358448270188], 
                        [88.3156509543233, 22.5358250111311], 
                        [88.3156296228321, 22.5357368924396], 
                        [88.3155347645553, 22.5357567083122], 
                        [88.3155560959907, 22.5358448270188]  
                    ]
                ]
            }, 
            "properties": {
    "floor": "ground",
                "fill-opacity": 0, 
                "stroke-opacity": 1, 
                "stroke": "#ff0000", 
                "tessellate": -1, 
                "extrude": 0, 
                "visibility": true, 
                "fill-opaci": 0, 
                "stroke-opa": 1, 
                "ID": "21-94", 
                "REMARKS": "POLYGON ID-21", 
                "AREA": 100
            }, 
            "id": "poly21.271"
        }, 
        {
            "type": "Feature", 
            "geometry": {
                "type": "Polygon", 
                "coordinates": [
                    [
                        [88.3159355279899, 22.5357655633802], 
                        [88.3160303873535, 22.5357457470332], 
                        [88.316020159969 , 22.5357034990093], 
                        [88.3160090556392, 22.5356576284021], 
                        [88.3159141961341, 22.5356774447752], 
                        [88.3159355279899, 22.5357655633802]  
                    ]
                ]
            }, 
            "properties": {
    "floor": "ground",
                "fill-opacity": 0, 
                "stroke-opacity": 1, 
                "stroke": "#ff0000", 
                "tessellate": -1, 
                "extrude": 0, 
                "visibility": true, 
                "fill-opaci": 0, 
                "stroke-opa": 1, 
                "ID": "21-137", 
                "REMARKS": "POLYGON ID-21", 
                "AREA": 100.001
            }, 
            "id": "poly21.272"
        }, 
        {
            "type": "Feature", 
            "geometry": {
                "type": "Polygon", 
                "coordinates": [
                    [
                        [88.3158406716205, 22.5357853790407], 
                        [88.3159355279899, 22.5357655633802], 
                        [88.3159141961341, 22.5356774447752], 
                        [88.315819340138 , 22.5356972603543], 
                        [88.3158406716205, 22.5357853790407]  
                    ]
                ]
            }, 
            "properties": {
    "floor": "ground",
                "fill-opacity": 0, 
                "stroke-opacity": 1, 
                "stroke": "#ff0000", 
                "tessellate": -1, 
                "extrude": 0, 
                "visibility": true, 
                "fill-opaci": 0, 
                "stroke-opa": 1, 
                "ID": "21-127", 
                "REMARKS": "POLYGON ID-21", 
                "AREA": 99.998
            }, 
            "id": "poly21.273"
        }, 
        {
            "type": "Feature", 
            "geometry": {
                "type": "Polygon", 
                "coordinates": [
                    [
                        [88.3157458125783, 22.5358051951986], 
                        [88.3158406716205, 22.5357853790407], 
                        [88.315819340138 , 22.5356972603543], 
                        [88.315724481014 , 22.5357170765258], 
                        [88.3157458125783, 22.5358051951986]  
                    ]
                ]
            }, 
            "properties": {
    "floor": "ground",
                "fill-opacity": 0, 
                "stroke-opacity": 1, 
                "stroke": "#ff0000", 
                "tessellate": -1, 
                "extrude": 0, 
                "visibility": true, 
                "fill-opaci": 0, 
                "stroke-opa": 1, 
                "ID": "21-116", 
                "REMARKS": "POLYGON ID-21", 
                "AREA": 100.001
            }, 
            "id": "poly21.274"
        }, 
        {
            "type": "Feature", 
            "geometry": {
                "type": "Polygon", 
                "coordinates": [
                    [
                        [88.3152715208128, 22.5359042743538], 
                        [88.3153663792355, 22.5358844586302], 
                        [88.3153450479116, 22.5357963398934], 
                        [88.3152501895447, 22.5358161556019], 
                        [88.3152715208128, 22.5359042743538]  
                    ]
                ]
            }, 
            "properties": {
    "floor": "ground",
                "fill-opacity": 0, 
                "stroke-opacity": 1, 
                "stroke": "#ff0000", 
                "tessellate": -1, 
                "extrude": 0, 
                "visibility": true, 
                "fill-opaci": 0, 
                "stroke-opa": 1, 
                "ID": "21-59", 
                "REMARKS": "POLYGON ID-21", 
                "AREA": 100
            }, 
            "id": "poly21.275"
        }, 
        {
            "type": "Feature", 
            "geometry": {
                "type": "Polygon", 
                "coordinates": [
                    [
                        [88.3154399062484, 22.5357765241301], 
                        [88.3155347645553, 22.5357567083122], 
                        [88.3155134331498, 22.5356685896006], 
                        [88.3154185748988, 22.5356884054034], 
                        [88.3154399062484, 22.5357765241301]  
                    ]
                ]
            }, 
            "properties": {
    "floor": "ground",
                "fill-opacity": 0, 
                "stroke-opacity": 1, 
                "stroke": "#ff0000", 
                "tessellate": -1, 
                "extrude": 0, 
                "visibility": true, 
                "fill-opaci": 0, 
                "stroke-opa": 1, 
                "ID": "21-84", 
                "REMARKS": "POLYGON ID-21", 
                "AREA": 100
            }, 
            "id": "poly21.276"
        }, 
        {
            "type": "Feature", 
            "geometry": {
                "type": "Polygon", 
                "coordinates": [
                    [
                        [88.3153450479116, 22.5357963398934], 
                        [88.3154399062484, 22.5357765241301], 
                        [88.3154185748988, 22.5356884054034], 
                        [88.3153237166177, 22.5357082211515], 
                        [88.3153450479116, 22.5357963398934]  
                    ]
                ]
            }, 
            "properties": {
    "floor": "ground",
                "fill-opacity": 0, 
                "stroke-opacity": 1, 
                "stroke": "#ff0000", 
                "tessellate": -1, 
                "extrude": 0, 
                "visibility": true, 
                "fill-opaci": 0, 
                "stroke-opa": 1, 
                "ID": "21-72", 
                "REMARKS": "POLYGON ID-21", 
                "AREA": 100
            }, 
            "id": "poly21.277"
        }, 
        {
            "type": "Feature", 
            "geometry": {
                "type": "Polygon", 
                "coordinates": [
                    [
                        [88.3156296228321, 22.5357368924396], 
                        [88.315724481014 , 22.5357170765258], 
                        [88.3157031494796, 22.535628957848 ], 
                        [88.3156082913709, 22.535648773743 ], 
                        [88.3156296228321, 22.5357368924396]  
                    ]
                ]
            }, 
            "properties": {
    "floor": "ground",
                "fill-opacity": 0, 
                "stroke-opacity": 1, 
                "stroke": "#ff0000", 
                "tessellate": -1, 
                "extrude": 0, 
                "visibility": true, 
                "fill-opaci": 0, 
                "stroke-opa": 1, 
                "ID": "21-103", 
                "REMARKS": "POLYGON ID-21", 
                "AREA": 100
            }, 
            "id": "poly21.278"
        }, 
        {
            "type": "Feature", 
            "geometry": {
                "type": "Polygon", 
                "coordinates": [
                    [
                        [88.3155347645553, 22.5357567083122], 
                        [88.3156296228321, 22.5357368924396], 
                        [88.3156082913709, 22.535648773743 ], 
                        [88.3155134331498, 22.5356685896006], 
                        [88.3155347645553, 22.5357567083122]  
                    ]
                ]
            }, 
            "properties": {
    "floor": "ground",
                "fill-opacity": 0, 
                "stroke-opacity": 1, 
                "stroke": "#ff0000", 
                "tessellate": -1, 
                "extrude": 0, 
                "visibility": true, 
                "fill-opaci": 0, 
                "stroke-opa": 1, 
                "ID": "21-95", 
                "REMARKS": "POLYGON ID-21", 
                "AREA": 100
            }, 
            "id": "poly21.279"
        }, 
        {
            "type": "Feature", 
            "geometry": {
                "type": "Polygon", 
                "coordinates": [
                    [
                        [88.3159141961341, 22.5356774447752], 
                        [88.3160090556392, 22.5356576284021], 
                        [88.3159877239548, 22.535569509766 ], 
                        [88.3158928643083, 22.5355893261652], 
                        [88.3159141961341, 22.5356774447752]  
                    ]
                ]
            }, 
            "properties": {
    "floor": "ground",
                "fill-opacity": 0, 
                "stroke-opacity": 1, 
                "stroke": "#ff0000", 
                "tessellate": -1, 
                "extrude": 0, 
                "visibility": true, 
                "fill-opaci": 0, 
                "stroke-opa": 1, 
                "ID": "21-138", 
                "REMARKS": "POLYGON ID-21", 
                "AREA": 100.002
            }, 
            "id": "poly21.280"
        }, 
        {
            "type": "Feature", 
            "geometry": {
                "type": "Polygon", 
                "coordinates": [
                    [
                        [88.315819340138 , 22.5356972603543], 
                        [88.3159141961341, 22.5356774447752], 
                        [88.3158928643083, 22.5355893261652], 
                        [88.3157980086855, 22.5356091416628], 
                        [88.315819340138 , 22.5356972603543]  
                    ]
                ]
            }, 
            "properties": {
    "floor": "ground",
                "fill-opacity": 0, 
                "stroke-opacity": 1, 
                "stroke": "#ff0000", 
                "tessellate": -1, 
                "extrude": 0, 
                "visibility": true, 
                "fill-opaci": 0, 
                "stroke-opa": 1, 
                "ID": "21-128", 
                "REMARKS": "POLYGON ID-21", 
                "AREA": 99.998
            }, 
            "id": "poly21.281"
        }, 
        {
            "type": "Feature", 
            "geometry": {
                "type": "Polygon", 
                "coordinates": [
                    [
                        [88.315724481014 , 22.5357170765258], 
                        [88.315819340138 , 22.5356972603543], 
                        [88.3157980086855, 22.5356091416628], 
                        [88.3157031494796, 22.535628957848 ], 
                        [88.315724481014 , 22.5357170765258]  
                    ]
                ]
            }, 
            "properties": {
    "floor": "ground",
                "fill-opacity": 0, 
                "stroke-opacity": 1, 
                "stroke": "#ff0000", 
                "tessellate": -1, 
                "extrude": 0, 
                "visibility": true, 
                "fill-opaci": 0, 
                "stroke-opa": 1, 
                "ID": "21-117", 
                "REMARKS": "POLYGON ID-21", 
                "AREA": 100.001
            }, 
            "id": "poly21.282"
        }, 
        {
            "type": "Feature", 
            "geometry": {
                "type": "Polygon", 
                "coordinates": [
                    [
                        [88.3152501895447, 22.5358161556019], 
                        [88.3153450479116, 22.5357963398934], 
                        [88.3153237166177, 22.5357082211515], 
                        [88.3152288583066, 22.535728036845 ], 
                        [88.3152501895447, 22.5358161556019]  
                    ]
                ]
            }, 
            "properties": {
    "floor": "ground",
                "fill-opacity": 0, 
                "stroke-opacity": 1, 
                "stroke": "#ff0000", 
                "tessellate": -1, 
                "extrude": 0, 
                "visibility": true, 
                "fill-opaci": 0, 
                "stroke-opa": 1, 
                "ID": "21-60", 
                "REMARKS": "POLYGON ID-21", 
                "AREA": 100
            }, 
            "id": "poly21.283"
        }, 
        {
            "type": "Feature", 
            "geometry": {
                "type": "Polygon", 
                "coordinates": [
                    [
                        [88.3154825690378, 22.5359527615684], 
                        [88.3155774274562, 22.5359329457203], 
                        [88.3155560959907, 22.5358448270188], 
                        [88.3154612376281, 22.5358646428518], 
                        [88.3154825690378, 22.5359527615684]  
                    ]
                ]
            }, 
            "properties": {
    "floor": "ground",
                "fill-opacity": 0, 
                "stroke-opacity": 1, 
                "stroke": "#ff0000", 
                "tessellate": -1, 
                "extrude": 0, 
                "visibility": true, 
                "fill-opaci": 0, 
                "stroke-opa": 1, 
                "ID": "21-82", 
                "REMARKS": "POLYGON ID-21", 
                "AREA": 100
            }, 
            "id": "poly21.284"
        }, 
        {
            "type": "Feature", 
            "geometry": {
                "type": "Polygon", 
                "coordinates": [
                    [
                        [88.3153877105894, 22.5359725773619], 
                        [88.3154825690378, 22.5359527615684], 
                        [88.3154612376281, 22.5358646428518], 
                        [88.3153663792355, 22.5358844586302], 
                        [88.3153877105894, 22.5359725773619]  
                    ]
                ]
            }, 
            "properties": {
    "floor": "ground",
                "fill-opacity": 0, 
                "stroke-opacity": 1, 
                "stroke": "#ff0000", 
                "tessellate": -1, 
                "extrude": 0, 
                "visibility": true, 
                "fill-opaci": 0, 
                "stroke-opa": 1, 
                "ID": "21-70", 
                "REMARKS": "POLYGON ID-21", 
                "AREA": 100
            }, 
            "id": "poly21.285"
        }, 
        {
            "type": "Feature", 
            "geometry": {
                "type": "Polygon", 
                "coordinates": [
                    [
                        [88.3156722858446, 22.5359131298175], 
                        [88.3157671441726, 22.5358933138663], 
                        [88.3157458125783, 22.5358051951986], 
                        [88.3156509543233, 22.5358250111311], 
                        [88.3156722858446, 22.5359131298175]  
                    ]
                ]
            }, 
            "properties": {
    "floor": "ground",
                "fill-opacity": 0, 
                "stroke-opacity": 1, 
                "stroke": "#ff0000", 
                "tessellate": -1, 
                "extrude": 0, 
                "visibility": true, 
                "fill-opaci": 0, 
                "stroke-opa": 1, 
                "ID": "21-101", 
                "REMARKS": "POLYGON ID-21", 
                "AREA": 100
            }, 
            "id": "poly21.286"
        }, 
        {
            "type": "Feature", 
            "geometry": {
                "type": "Polygon", 
                "coordinates": [
                    [
                        [88.3155774274562, 22.5359329457203], 
                        [88.3156722858446, 22.5359131298175], 
                        [88.3156509543233, 22.5358250111311], 
                        [88.3155560959907, 22.5358448270188], 
                        [88.3155774274562, 22.5359329457203]  
                    ]
                ]
            }, 
            "properties": {
    "floor": "ground",
                "fill-opacity": 0, 
                "stroke-opacity": 1, 
                "stroke": "#ff0000", 
                "tessellate": -1, 
                "extrude": 0, 
                "visibility": true, 
                "fill-opaci": 0, 
                "stroke-opa": 1, 
                "ID": "21-93", 
                "REMARKS": "POLYGON ID-21", 
                "AREA": 100
            }, 
            "id": "poly21.287"
        }, 
        {
            "type": "Feature", 
            "geometry": {
                "type": "Polygon", 
                "coordinates": [
                    [
                        [88.3159568598758, 22.5358536819801], 
                        [88.3160517190979, 22.5358338656592], 
                        [88.3160303873535, 22.5357457470332], 
                        [88.3159355279899, 22.5357655633802], 
                        [88.3159568598758, 22.5358536819801]  
                    ]
                ]
            }, 
            "properties": {
    "floor": "ground",
                "fill-opacity": 0, 
                "stroke-opacity": 1, 
                "stroke": "#ff0000", 
                "tessellate": -1, 
                "extrude": 0, 
                "visibility": true, 
                "fill-opaci": 0, 
                "stroke-opa": 1, 
                "ID": "21-136", 
                "REMARKS": "POLYGON ID-21", 
                "AREA": 100.001
            }, 
            "id": "poly21.288"
        }, 
        {
            "type": "Feature", 
            "geometry": {
                "type": "Polygon", 
                "coordinates": [
                    [
                        [88.315862003133 , 22.5358734977221], 
                        [88.3159568598758, 22.5358536819801], 
                        [88.3159355279899, 22.5357655633802], 
                        [88.3158406716205, 22.5357853790407], 
                        [88.315862003133 , 22.5358734977221]  
                    ]
                ]
            }, 
            "properties": {
    "floor": "ground",
                "fill-opacity": 0, 
                "stroke-opacity": 1, 
                "stroke": "#ff0000", 
                "tessellate": -1, 
                "extrude": 0, 
                "visibility": true, 
                "fill-opaci": 0, 
                "stroke-opa": 1, 
                "ID": "21-126", 
                "REMARKS": "POLYGON ID-21", 
                "AREA": 99.998
            }, 
            "id": "poly21.289"
        }, 
        {
            "type": "Feature", 
            "geometry": {
                "type": "Polygon", 
                "coordinates": [
                    [
                        [88.3157671441726, 22.5358933138663], 
                        [88.315862003133 , 22.5358734977221], 
                        [88.3158406716205, 22.5357853790407], 
                        [88.3157458125783, 22.5358051951986], 
                        [88.3157671441726, 22.5358933138663]  
                    ]
                ]
            }, 
            "properties": {
    "floor": "ground",
                "fill-opacity": 0, 
                "stroke-opacity": 1, 
                "stroke": "#ff0000", 
                "tessellate": -1, 
                "extrude": 0, 
                "visibility": true, 
                "fill-opaci": 0, 
                "stroke-opa": 1, 
                "ID": "21-115", 
                "REMARKS": "POLYGON ID-21", 
                "AREA": 100.001
            }, 
            "id": "poly21.290"
        }, 
        {
            "type": "Feature", 
            "geometry": {
                "type": "Polygon", 
                "coordinates": [
                    [
                        [88.315292852111 , 22.5359923931006], 
                        [88.3153877105894, 22.5359725773619], 
                        [88.3153663792355, 22.5358844586302], 
                        [88.3152715208128, 22.5359042743538], 
                        [88.315292852111 , 22.5359923931006]  
                    ]
                ]
            }, 
            "properties": {
    "floor": "ground",
                "fill-opacity": 0, 
                "stroke-opacity": 1, 
                "stroke": "#ff0000", 
                "tessellate": -1, 
                "extrude": 0, 
                "visibility": true, 
                "fill-opaci": 0, 
                "stroke-opa": 1, 
                "ID": "21-58", 
                "REMARKS": "POLYGON ID-21", 
                "AREA": 100
            }, 
            "id": "poly21.291"
        }, 
        {
            "type": "Feature", 
            "geometry": {
                "type": "Polygon", 
                "coordinates": [
                    [
                        [88.3161070312878, 22.5360623524282], 
                        [88.3161754597124, 22.53604694976  ], 
                        [88.3161344054733, 22.5359083700289], 
                        [88.3160730508723, 22.5359219842802], 
                        [88.3160943826768, 22.5360101028961], 
                        [88.3161070312878, 22.5360623524282]  
                    ]
                ]
            }, 
            "properties": {
    "floor": "ground",
                "fill-opacity": 0, 
                "stroke-opacity": 1, 
                "stroke": "#ff0000", 
                "tessellate": -1, 
                "extrude": 0, 
                "visibility": true, 
                "fill-opaci": 0, 
                "stroke-opa": 1, 
                "ID": "21-143", 
                "REMARKS": "POLYGON ID-21", 
                "AREA": 109.264
            }, 
            "id": "poly21.292"
        }, 
        {
            "type": "Feature", 
            "geometry": {
                "type": "Polygon", 
                "coordinates": [
                    [
                        [88.3150722700681, 22.5363161963346], 
                        [88.3150473982515, 22.5363204560798], 
                        [88.3150602304467, 22.5363694074129], 
                        [88.3150922704262, 22.5365887998052], 
                        [88.3151362639108, 22.536580552635 ], 
                        [88.3151149325998, 22.5364924338732], 
                        [88.3150936013189, 22.5364043151064], 
                        [88.3150722700681, 22.5363161963346]  
                    ]
                ]
            }, 
            "properties": {
    "floor": "ground",
                "fill-opacity": 0, 
                "stroke-opacity": 1, 
                "stroke": "#ff0000", 
                "tessellate": -1, 
                "extrude": 0, 
                "visibility": true, 
                "fill-opaci": 0, 
                "stroke-opa": 1, 
                "ID": "21-2", 
                "REMARKS": "POLYGON ID-21", 
                "AREA": 101.213
            }, 
            "id": "poly21.293"
        }, 
        {
            "type": "Feature", 
            "geometry": {
                "type": "Polygon", 
                "coordinates": [
                    [
                        [88.3155252319473, 22.5361289989865], 
                        [88.3156200904773, 22.5361091831081], 
                        [88.3155987589518, 22.5360210644167], 
                        [88.3155039004776, 22.53604088028  ], 
                        [88.3155252319473, 22.5361289989865]  
                    ]
                ]
            }, 
            "properties": {
    "floor": "ground",
                "fill-opacity": 0, 
                "stroke-opacity": 1, 
                "stroke": "#ff0000", 
                "tessellate": -1, 
                "extrude": 0, 
                "visibility": true, 
                "fill-opaci": 0, 
                "stroke-opa": 1, 
                "ID": "21-80", 
                "REMARKS": "POLYGON ID-21", 
                "AREA": 100
            }, 
            "id": "poly21.294"
        }, 
        {
            "type": "Feature", 
            "geometry": {
                "type": "Polygon", 
                "coordinates": [
                    [
                        [88.3154303733873, 22.5361488148101], 
                        [88.3155252319473, 22.5361289989865], 
                        [88.3155039004776, 22.53604088028  ], 
                        [88.3154090419734, 22.5360606960885], 
                        [88.3154303733873, 22.5361488148101]  
                    ]
                ]
            }, 
            "properties": {
    "floor": "ground",
                "fill-opacity": 0, 
                "stroke-opacity": 1, 
                "stroke": "#ff0000", 
                "tessellate": -1, 
                "extrude": 0, 
                "visibility": true, 
                "fill-opaci": 0, 
                "stroke-opa": 1, 
                "ID": "21-68", 
                "REMARKS": "POLYGON ID-21", 
                "AREA": 100
            }, 
            "id": "poly21.295"
        }, 
        {
            "type": "Feature", 
            "geometry": {
                "type": "Polygon", 
                "coordinates": [
                    [
                        [88.315788475797 , 22.5359814325289], 
                        [88.3156936173959, 22.5360012484988], 
                        [88.3157149489772, 22.5360893671751], 
                        [88.3157306298103, 22.5360860914445], 
                        [88.3157298112501, 22.5360502543756], 
                        [88.3158045344186, 22.536047768895 ], 
                        [88.315788475797 , 22.5359814325289]  
                    ]
                ]
            }, 
            "properties": {
    "floor": "ground",
                "fill-opacity": 0, 
                "stroke-opacity": 1, 
                "stroke": "#ff0000", 
                "tessellate": -1, 
                "extrude": 0, 
                "visibility": true, 
                "fill-opaci": 0, 
                "stroke-opa": 1, 
                "ID": "21-99", 
                "REMARKS": "POLYGON ID-21", 
                "AREA": 74.425
            }, 
            "id": "poly21.296"
        }, 
        {
            "type": "Feature", 
            "geometry": {
                "type": "Polygon", 
                "coordinates": [
                    [
                        [88.3156200904773, 22.5361091831081], 
                        [88.3157149489772, 22.5360893671751], 
                        [88.3156936173959, 22.5360012484988], 
                        [88.3155987589518, 22.5360210644167], 
                        [88.3156200904773, 22.5361091831081]  
                    ]
                ]
            }, 
            "properties": {
    "floor": "ground",
                "fill-opacity": 0, 
                "stroke-opacity": 1, 
                "stroke": "#ff0000", 
                "tessellate": -1, 
                "extrude": 0, 
                "visibility": true, 
                "fill-opaci": 0, 
                "stroke-opa": 1, 
                "ID": "21-91", 
                "REMARKS": "POLYGON ID-21", 
                "AREA": 100
            }, 
            "id": "poly21.297"
        }, 
        {
            "type": "Feature", 
            "geometry": {
                "type": "Polygon", 
                "coordinates": [
                    [
                        [88.3159995237375, 22.5360299191648], 
                        [88.3160943826768, 22.5360101028961], 
                        [88.3160730508723, 22.5359219842802], 
                        [88.3159781917916, 22.535941800575 ], 
                        [88.3159995237375, 22.5360299191648]  
                    ]
                ]
            }, 
            "properties": {
    "floor": "ground",
                "fill-opacity": 0, 
                "stroke-opacity": 1, 
                "stroke": "#ff0000", 
                "tessellate": -1, 
                "extrude": 0, 
                "visibility": true, 
                "fill-opaci": 0, 
                "stroke-opa": 1, 
                "ID": "21-134", 
                "REMARKS": "POLYGON ID-21", 
                "AREA": 100.001
            }, 
            "id": "poly21.298"
        }, 
        {
            "type": "Feature", 
            "geometry": {
                "type": "Polygon", 
                "coordinates": [
                    [
                        [88.315904666248 , 22.5360497350696], 
                        [88.3159995237375, 22.5360299191648], 
                        [88.3159781917916, 22.535941800575 ], 
                        [88.3158833346755, 22.5359616163984], 
                        [88.315904666248 , 22.5360497350696]  
                    ]
                ]
            }, 
            "properties": {
    "floor": "ground",
                "fill-opacity": 0, 
                "stroke-opacity": 1, 
                "stroke": "#ff0000", 
                "tessellate": -1, 
                "extrude": 0, 
                "visibility": true, 
                "fill-opaci": 0, 
                "stroke-opa": 1, 
                "ID": "21-124", 
                "REMARKS": "POLYGON ID-21", 
                "AREA": 99.999
            }, 
            "id": "poly21.299"
        }, 
        {
            "type": "Feature", 
            "geometry": {
                "type": "Polygon", 
                "coordinates": [
                    [
                        [88.3158352186491, 22.5360642427627], 
                        [88.315904666248 , 22.5360497350696], 
                        [88.3158833346755, 22.5359616163984], 
                        [88.315788475797 , 22.5359814325289], 
                        [88.3158045344186, 22.536047768895 ], 
                        [88.3158348353031, 22.5360467610015], 
                        [88.3158352186491, 22.5360642427627]  
                    ]
                ]
            }, 
            "properties": {
    "floor": "ground",
                "fill-opacity": 0, 
                "stroke-opacity": 1, 
                "stroke": "#ff0000", 
                "tessellate": -1, 
                "extrude": 0, 
                "visibility": true, 
                "fill-opaci": 0, 
                "stroke-opa": 1, 
                "ID": "21-113", 
                "REMARKS": "POLYGON ID-21", 
                "AREA": 93.671
            }, 
            "id": "poly21.300"
        }, 
        {
            "type": "Feature", 
            "geometry": {
                "type": "Polygon", 
                "coordinates": [
                    [
                        [88.3153355147973, 22.536168630579 ], 
                        [88.3154303733873, 22.5361488148101], 
                        [88.3154090419734, 22.5360606960885], 
                        [88.3153141834391, 22.5360805118423], 
                        [88.3153355147973, 22.536168630579 ]  
                    ]
                ]
            }, 
            "properties": {
    "floor": "ground",
                "fill-opacity": 0, 
                "stroke-opacity": 1, 
                "stroke": "#ff0000", 
                "tessellate": -1, 
                "extrude": 0, 
                "visibility": true, 
                "fill-opaci": 0, 
                "stroke-opa": 1, 
                "ID": "21-56", 
                "REMARKS": "POLYGON ID-21", 
                "AREA": 100
            }, 
            "id": "poly21.301"
        }, 
        {
            "type": "Feature", 
            "geometry": {
                "type": "Polygon", 
                "coordinates": [
                    [
                        [88.3160730508723, 22.5359219842802], 
                        [88.3161344054733, 22.5359083700289], 
                        [88.3160707231293, 22.5356934078698], 
                        [88.316020159969 , 22.5357034990093], 
                        [88.3160303873535, 22.5357457470332], 
                        [88.3160517190979, 22.5358338656592], 
                        [88.3160730508723, 22.5359219842802]  
                    ]
                ]
            }, 
            "properties": {
    "floor": "ground",
                "fill-opacity": 0, 
                "stroke-opacity": 1, 
                "stroke": "#ff0000", 
                "tessellate": -1, 
                "extrude": 0, 
                "visibility": true, 
                "fill-opaci": 0, 
                "stroke-opa": 1, 
                "ID": "21-144", 
                "REMARKS": "POLYGON ID-21", 
                "AREA": 145.971
            }, 
            "id": "poly21.302"
        }, 
        {
            "type": "Feature", 
            "geometry": {
                "type": "Polygon", 
                "coordinates": [
                    [
                        [88.3155039004776, 22.53604088028  ], 
                        [88.3155987589518, 22.5360210644167], 
                        [88.3155774274562, 22.5359329457203], 
                        [88.3154825690378, 22.5359527615684], 
                        [88.3155039004776, 22.53604088028  ]  
                    ]
                ]
            }, 
            "properties": {
    "floor": "ground",
                "fill-opacity": 0, 
                "stroke-opacity": 1, 
                "stroke": "#ff0000", 
                "tessellate": -1, 
                "extrude": 0, 
                "visibility": true, 
                "fill-opaci": 0, 
                "stroke-opa": 1, 
                "ID": "21-81", 
                "REMARKS": "POLYGON ID-21", 
                "AREA": 100
            }, 
            "id": "poly21.303"
        }, 
        {
            "type": "Feature", 
            "geometry": {
                "type": "Polygon", 
                "coordinates": [
                    [
                        [88.3154090419734, 22.5360606960885], 
                        [88.3155039004776, 22.53604088028  ], 
                        [88.3154825690378, 22.5359527615684], 
                        [88.3153877105894, 22.5359725773619], 
                        [88.3154090419734, 22.5360606960885]  
                    ]
                ]
            }, 
            "properties": {
    "floor": "ground",
                "fill-opacity": 0, 
                "stroke-opacity": 1, 
                "stroke": "#ff0000", 
                "tessellate": -1, 
                "extrude": 0, 
                "visibility": true, 
                "fill-opaci": 0, 
                "stroke-opa": 1, 
                "ID": "21-69", 
                "REMARKS": "POLYGON ID-21", 
                "AREA": 100
            }, 
            "id": "poly21.304"
        }, 
        {
            "type": "Feature", 
            "geometry": {
                "type": "Polygon", 
                "coordinates": [
                    [
                        [88.3156936173959, 22.5360012484988], 
                        [88.315788475797 , 22.5359814325289], 
                        [88.3157671441726, 22.5358933138663], 
                        [88.3156722858446, 22.5359131298175], 
                        [88.3156936173959, 22.5360012484988]  
                    ]
                ]
            }, 
            "properties": {
    "floor": "ground",
                "fill-opacity": 0, 
                "stroke-opacity": 1, 
                "stroke": "#ff0000", 
                "tessellate": -1, 
                "extrude": 0, 
                "visibility": true, 
                "fill-opaci": 0, 
                "stroke-opa": 1, 
                "ID": "21-100", 
                "REMARKS": "POLYGON ID-21", 
                "AREA": 100
            }, 
            "id": "poly21.305"
        }, 
        {
            "type": "Feature", 
            "geometry": {
                "type": "Polygon", 
                "coordinates": [
                    [
                        [88.3155987589518, 22.5360210644167], 
                        [88.3156936173959, 22.5360012484988], 
                        [88.3156722858446, 22.5359131298175], 
                        [88.3155774274562, 22.5359329457203], 
                        [88.3155987589518, 22.5360210644167]  
                    ]
                ]
            }, 
            "properties": {
    "floor": "ground",
                "fill-opacity": 0, 
                "stroke-opacity": 1, 
                "stroke": "#ff0000", 
                "tessellate": -1, 
                "extrude": 0, 
                "visibility": true, 
                "fill-opaci": 0, 
                "stroke-opa": 1, 
                "ID": "21-92", 
                "REMARKS": "POLYGON ID-21", 
                "AREA": 100
            }, 
            "id": "poly21.306"
        }, 
        {
            "type": "Feature", 
            "geometry": {
                "type": "Polygon", 
                "coordinates": [
                    [
                        [88.3159781917916, 22.535941800575 ], 
                        [88.3160730508723, 22.5359219842802], 
                        [88.3160517190979, 22.5358338656592], 
                        [88.3159568598758, 22.5358536819801], 
                        [88.3159781917916, 22.535941800575 ]  
                    ]
                ]
            }, 
            "properties": {
    "floor": "ground",
                "fill-opacity": 0, 
                "stroke-opacity": 1, 
                "stroke": "#ff0000", 
                "tessellate": -1, 
                "extrude": 0, 
                "visibility": true, 
                "fill-opaci": 0, 
                "stroke-opa": 1, 
                "ID": "21-135", 
                "REMARKS": "POLYGON ID-21", 
                "AREA": 100.001
            }, 
            "id": "poly21.307"
        }, 
        {
            "type": "Feature", 
            "geometry": {
                "type": "Polygon", 
                "coordinates": [
                    [
                        [88.3158833346755, 22.5359616163984], 
                        [88.3159781917916, 22.535941800575 ], 
                        [88.3159568598758, 22.5358536819801], 
                        [88.315862003133 , 22.5358734977221], 
                        [88.3158833346755, 22.5359616163984]  
                    ]
                ]
            }, 
            "properties": {
    "floor": "ground",
                "fill-opacity": 0, 
                "stroke-opacity": 1, 
                "stroke": "#ff0000", 
                "tessellate": -1, 
                "extrude": 0, 
                "visibility": true, 
                "fill-opaci": 0, 
                "stroke-opa": 1, 
                "ID": "21-125", 
                "REMARKS": "POLYGON ID-21", 
                "AREA": 99.999
            }, 
            "id": "poly21.308"
        }, 
        {
            "type": "Feature", 
            "geometry": {
                "type": "Polygon", 
                "coordinates": [
                    [
                        [88.315788475797 , 22.5359814325289], 
                        [88.3158833346755, 22.5359616163984], 
                        [88.315862003133 , 22.5358734977221], 
                        [88.3157671441726, 22.5358933138663], 
                        [88.315788475797 , 22.5359814325289]  
                    ]
                ]
            }, 
            "properties": {
    "floor": "ground",
                "fill-opacity": 0, 
                "stroke-opacity": 1, 
                "stroke": "#ff0000", 
                "tessellate": -1, 
                "extrude": 0, 
                "visibility": true, 
                "fill-opaci": 0, 
                "stroke-opa": 1, 
                "ID": "21-114", 
                "REMARKS": "POLYGON ID-21", 
                "AREA": 100.001
            }, 
            "id": "poly21.309"
        }, 
        {
            "type": "Feature", 
            "geometry": {
                "type": "Polygon", 
                "coordinates": [
                    [
                        [88.3153141834391, 22.5360805118423], 
                        [88.3154090419734, 22.5360606960885], 
                        [88.3153877105894, 22.5359725773619], 
                        [88.315292852111 , 22.5359923931006], 
                        [88.3153141834391, 22.5360805118423]  
                    ]
                ]
            }, 
            "properties": {
    "floor": "ground",
                "fill-opacity": 0, 
                "stroke-opacity": 1, 
                "stroke": "#ff0000", 
                "tessellate": -1, 
                "extrude": 0, 
                "visibility": true, 
                "fill-opaci": 0, 
                "stroke-opa": 1, 
                "ID": "21-57", 
                "REMARKS": "POLYGON ID-21", 
                "AREA": 100
            }, 
            "id": "poly21.310"
        }, 
        {
            "type": "Feature", 
            "geometry": {
                "type": "Polygon", 
                "coordinates": [
                    [
                        [88.3155678949769, 22.5363052363843], 
                        [88.3156627536184, 22.5362854204758], 
                        [88.3156414220328, 22.5361973017945], 
                        [88.3155465634471, 22.5362171176879], 
                        [88.3155678949769, 22.5363052363843]  
                    ]
                ]
            }, 
            "properties": {
    "floor": "ground",
                "fill-opacity": 0, 
                "stroke-opacity": 1, 
                "stroke": "#ff0000", 
                "tessellate": -1, 
                "extrude": 0, 
                "visibility": true, 
                "fill-opaci": 0, 
                "stroke-opa": 1, 
                "ID": "21-78", 
                "REMARKS": "POLYGON ID-21", 
                "AREA": 100
            }, 
            "id": "poly21.311"
        }, 
        {
            "type": "Feature", 
            "geometry": {
                "type": "Polygon", 
                "coordinates": [
                    [
                        [88.3154730363053, 22.5363250522381], 
                        [88.3155678949769, 22.5363052363843], 
                        [88.3155465634471, 22.5362171176879], 
                        [88.3154517048313, 22.5362369335266], 
                        [88.3154730363053, 22.5363250522381]  
                    ]
                ]
            }, 
            "properties": {
    "floor": "ground",
                "fill-opacity": 0, 
                "stroke-opacity": 1, 
                "stroke": "#ff0000", 
                "tessellate": -1, 
                "extrude": 0, 
                "visibility": true, 
                "fill-opaci": 0, 
                "stroke-opa": 1, 
                "ID": "21-66", 
                "REMARKS": "POLYGON ID-21", 
                "AREA": 100
            }, 
            "id": "poly21.312"
        }, 
        {
            "type": "Feature", 
            "geometry": {
                "type": "Polygon", 
                "coordinates": [
                    [
                        [88.3156669636492, 22.5363028116833], 
                        [88.3157352356244, 22.5362877360468], 
                        [88.31573273429  , 22.5361782266691], 
                        [88.3156414220328, 22.5361973017945], 
                        [88.3156627536184, 22.5362854204758], 
                        [88.3156669636492, 22.5363028116833]  
                    ]
                ]
            }, 
            "properties": {
    "floor": "ground",
                "fill-opacity": 0, 
                "stroke-opacity": 1, 
                "stroke": "#ff0000", 
                "tessellate": -1, 
                "extrude": 0, 
                "visibility": true, 
                "fill-opaci": 0, 
                "stroke-opa": 1, 
                "ID": "21-89", 
                "REMARKS": "POLYGON ID-21", 
                "AREA": 100.414
            }, 
            "id": "poly21.313"
        }, 
        {
            "type": "Feature", 
            "geometry": {
                "type": "Polygon", 
                "coordinates": [
                    [
                        [88.3153781776038, 22.5363448680372], 
                        [88.3154730363053, 22.5363250522381], 
                        [88.3154517048313, 22.5362369335266], 
                        [88.3153568461855, 22.5362567493107], 
                        [88.3153781776038, 22.5363448680372]  
                    ]
                ]
            }, 
            "properties": {
    "floor": "ground",
                "fill-opacity": 0, 
                "stroke-opacity": 1, 
                "stroke": "#ff0000", 
                "tessellate": -1, 
                "extrude": 0, 
                "visibility": true, 
                "fill-opaci": 0, 
                "stroke-opa": 1, 
                "ID": "21-54", 
                "REMARKS": "POLYGON ID-21", 
                "AREA": 100
            }, 
            "id": "poly21.314"
        }, 
        {
            "type": "Feature", 
            "geometry": {
                "type": "Polygon", 
                "coordinates": [
                    [
                        [88.3160943826768, 22.5360101028961], 
                        [88.3159995237375, 22.5360299191648], 
                        [88.3160208557134, 22.5361180377495], 
                        [88.3160421877193, 22.5362061563292], 
                        [88.3161369365304, 22.5361858863592], 
                        [88.3161070312878, 22.5360623524282], 
                        [88.3160943826768, 22.5360101028961]  
                    ]
                ]
            }, 
            "properties": {
    "floor": "ground",
                "fill-opacity": 0, 
                "stroke-opacity": 1, 
                "stroke": "#ff0000", 
                "tessellate": -1, 
                "extrude": 0, 
                "visibility": true, 
                "fill-opaci": 0, 
                "stroke-opa": 1, 
                "ID": "21-133", 
                "REMARKS": "POLYGON ID-21", 
                "AREA": 199.743
            }, 
            "id": "poly21.315"
        }, 
        {
            "type": "Feature", 
            "geometry": {
                "type": "Polygon", 
                "coordinates": [
                    [
                        [88.3159995237375, 22.5360299191648], 
                        [88.315904666248 , 22.5360497350696], 
                        [88.3159259978506, 22.5361378537358], 
                        [88.3160208557134, 22.5361180377495], 
                        [88.3159995237375, 22.5360299191648]  
                    ]
                ]
            }, 
            "properties": {
    "floor": "ground",
                "fill-opacity": 0, 
                "stroke-opacity": 1, 
                "stroke": "#ff0000", 
                "tessellate": -1, 
                "extrude": 0, 
                "visibility": true, 
                "fill-opaci": 0, 
                "stroke-opa": 1, 
                "ID": "21-123", 
                "REMARKS": "POLYGON ID-21", 
                "AREA": 99.999
            }, 
            "id": "poly21.316"
        }, 
        {
            "type": "Feature", 
            "geometry": {
                "type": "Polygon", 
                "coordinates": [
                    [
                        [88.315904666248 , 22.5360497350696], 
                        [88.3158352186491, 22.5360642427627], 
                        [88.3158356192774, 22.5360825126415], 
                        [88.3158370164237, 22.5361462267101], 
                        [88.3158372394088, 22.5361563954863], 
                        [88.3159259978506, 22.5361378537358], 
                        [88.315904666248 , 22.5360497350696]  
                    ]
                ]
            }, 
            "properties": {
    "floor": "ground",
                "fill-opacity": 0, 
                "stroke-opacity": 1, 
                "stroke": "#ff0000", 
                "tessellate": -1, 
                "extrude": 0, 
                "visibility": true, 
                "fill-opaci": 0, 
                "stroke-opa": 1, 
                "ID": "21-112", 
                "REMARKS": "POLYGON ID-21", 
                "AREA": 83.391
            }, 
            "id": "poly21.317"
        }, 
        {
            "type": "Feature", 
            "geometry": {
                "type": "Polygon", 
                "coordinates": [
                    [
                        [88.3161754597124, 22.53604694976  ], 
                        [88.3161070312878, 22.5360623524282], 
                        [88.3161369365304, 22.5361858863592], 
                        [88.3162118705793, 22.5361698553927], 
                        [88.3161754597124, 22.53604694976  ]  
                    ]
                ]
            }, 
            "properties": {
    "floor": "ground",
                "fill-opacity": 0, 
                "stroke-opacity": 1, 
                "stroke": "#ff0000", 
                "tessellate": -1, 
                "extrude": 0, 
                "visibility": true, 
                "fill-opaci": 0, 
                "stroke-opa": 1, 
                "ID": "21-142", 
                "REMARKS": "POLYGON ID-21", 
                "AREA": 106.516
            }, 
            "id": "poly21.318"
        }, 
        {
            "type": "Feature", 
            "geometry": {
                "type": "Polygon", 
                "coordinates": [
                    [
                        [88.3150473982515, 22.5363204560798], 
                        [88.3150722700681, 22.5363161963346], 
                        [88.3150509388472, 22.5362280775577], 
                        [88.3150296076563, 22.5361399587757], 
                        [88.3150082764955, 22.5360518399886], 
                        [88.314978436632 , 22.5360573855858], 
                        [88.3150473982515, 22.5363204560798]  
                    ]
                ]
            }, 
            "properties": {
    "floor": "ground",
                "fill-opacity": 0, 
                "stroke-opacity": 1, 
                "stroke": "#ff0000", 
                "tessellate": -1, 
                "extrude": 0, 
                "visibility": true, 
                "fill-opaci": 0, 
                "stroke-opa": 1, 
                "ID": "21-3", 
                "REMARKS": "POLYGON ID-21", 
                "AREA": 85.862
            }, 
            "id": "poly21.319"
        }, 
        {
            "type": "Feature", 
            "geometry": {
                "type": "Polygon", 
                "coordinates": [
                    [
                        [88.3155465634471, 22.5362171176879], 
                        [88.3156414220328, 22.5361973017945], 
                        [88.3156200904773, 22.5361091831081], 
                        [88.3155252319473, 22.5361289989865], 
                        [88.3155465634471, 22.5362171176879]  
                    ]
                ]
            }, 
            "properties": {
    "floor": "ground",
                "fill-opacity": 0, 
                "stroke-opacity": 1, 
                "stroke": "#ff0000", 
                "tessellate": -1, 
                "extrude": 0, 
                "visibility": true, 
                "fill-opaci": 0, 
                "stroke-opa": 1, 
                "ID": "21-79", 
                "REMARKS": "POLYGON ID-21", 
                "AREA": 100
            }, 
            "id": "poly21.320"
        }, 
        {
            "type": "Feature", 
            "geometry": {
                "type": "Polygon", 
                "coordinates": [
                    [
                        [88.3154517048313, 22.5362369335266], 
                        [88.3155465634471, 22.5362171176879], 
                        [88.3155252319473, 22.5361289989865], 
                        [88.3154303733873, 22.5361488148101], 
                        [88.3154517048313, 22.5362369335266]  
                    ]
                ]
            }, 
            "properties": {
    "floor": "ground",
                "fill-opacity": 0, 
                "stroke-opacity": 1, 
                "stroke": "#ff0000", 
                "tessellate": -1, 
                "extrude": 0, 
                "visibility": true, 
                "fill-opaci": 0, 
                "stroke-opa": 1, 
                "ID": "21-67", 
                "REMARKS": "POLYGON ID-21", 
                "AREA": 100
            }, 
            "id": "poly21.321"
        }, 
        {
            "type": "Feature", 
            "geometry": {
                "type": "Polygon", 
                "coordinates": [
                    [
                        [88.3156414220328, 22.5361973017945], 
                        [88.31573273429  , 22.5361782266691], 
                        [88.3157306298103, 22.5360860914445], 
                        [88.3157149489772, 22.5360893671751], 
                        [88.3156200904773, 22.5361091831081], 
                        [88.3156414220328, 22.5361973017945]  
                    ]
                ]
            }, 
            "properties": {
    "floor": "ground",
                "fill-opacity": 0, 
                "stroke-opacity": 1, 
                "stroke": "#ff0000", 
                "tessellate": -1, 
                "extrude": 0, 
                "visibility": true, 
                "fill-opaci": 0, 
                "stroke-opa": 1, 
                "ID": "21-90", 
                "REMARKS": "POLYGON ID-21", 
                "AREA": 106.396
            }, 
            "id": "poly21.322"
        }, 
        {
            "type": "Feature", 
            "geometry": {
                "type": "Polygon", 
                "coordinates": [
                    [
                        [88.3153568461855, 22.5362567493107], 
                        [88.3154517048313, 22.5362369335266], 
                        [88.3154303733873, 22.5361488148101], 
                        [88.3153355147973, 22.536168630579 ], 
                        [88.3153568461855, 22.5362567493107]  
                    ]
                ]
            }, 
            "properties": {
    "floor": "ground",
                "fill-opacity": 0, 
                "stroke-opacity": 1, 
                "stroke": "#ff0000", 
                "tessellate": -1, 
                "extrude": 0, 
                "visibility": true, 
                "fill-opaci": 0, 
                "stroke-opa": 1, 
                "ID": "21-55", 
                "REMARKS": "POLYGON ID-21", 
                "AREA": 100
            }, 
            "id": "poly21.323"
        }, 
        {
            "type": "Feature", 
            "geometry": {
                "type": "Polygon", 
                "coordinates": [
                    [
                        [88.3155892265367, 22.5363933550756], 
                        [88.315684085234 , 22.536373539152 ], 
                        [88.3156669636492, 22.5363028116833], 
                        [88.3156627536184, 22.5362854204758], 
                        [88.3155678949769, 22.5363052363843], 
                        [88.3155892265367, 22.5363933550756]  
                    ]
                ]
            }, 
            "properties": {
    "floor": "ground",
                "fill-opacity": 0, 
                "stroke-opacity": 1, 
                "stroke": "#ff0000", 
                "tessellate": -1, 
                "extrude": 0, 
                "visibility": true, 
                "fill-opaci": 0, 
                "stroke-opa": 1, 
                "ID": "21-77", 
                "REMARKS": "POLYGON ID-21", 
                "AREA": 100
            }, 
            "id": "poly21.324"
        }, 
        {
            "type": "Feature", 
            "geometry": {
                "type": "Polygon", 
                "coordinates": [
                    [
                        [88.3154943678094, 22.5364131709445], 
                        [88.3155892265367, 22.5363933550756], 
                        [88.3155678949769, 22.5363052363843], 
                        [88.3154730363053, 22.5363250522381], 
                        [88.3154943678094, 22.5364131709445]  
                    ]
                ]
            }, 
            "properties": {
    "floor": "ground",
                "fill-opacity": 0, 
                "stroke-opacity": 1, 
                "stroke": "#ff0000", 
                "tessellate": -1, 
                "extrude": 0, 
                "visibility": true, 
                "fill-opaci": 0, 
                "stroke-opa": 1, 
                "ID": "21-65", 
                "REMARKS": "POLYGON ID-21", 
                "AREA": 100
            }, 
            "id": "poly21.325"
        }, 
        {
            "type": "Feature", 
            "geometry": {
                "type": "Polygon", 
                "coordinates": [
                    [
                        [88.315399509052 , 22.5364329867587], 
                        [88.3154943678094, 22.5364131709445], 
                        [88.3154730363053, 22.5363250522381], 
                        [88.3153781776038, 22.5363448680372], 
                        [88.315399509052 , 22.5364329867587]  
                    ]
                ]
            }, 
            "properties": {
    "floor": "ground",
                "fill-opacity": 0, 
                "stroke-opacity": 1, 
                "stroke": "#ff0000", 
                "tessellate": -1, 
                "extrude": 0, 
                "visibility": true, 
                "fill-opaci": 0, 
                "stroke-opa": 1, 
                "ID": "21-53", 
                "REMARKS": "POLYGON ID-21", 
                "AREA": 100
            }, 
            "id": "poly21.326"
        }, 
        {
            "type": "Feature", 
            "geometry": {
                "type": "Polygon", 
                "coordinates": [
                    [
                        [88.3157352356244, 22.5362877360468], 
                        [88.3156669636492, 22.5363028116833], 
                        [88.315684085234 , 22.536373539152 ], 
                        [88.3157054168796, 22.5364616578231], 
                        [88.3156453022029, 22.5364742157514], 
                        [88.315739580748 , 22.5364779663088], 
                        [88.3157352356244, 22.5362877360468]  
                    ]
                ]
            }, 
            "properties": {
    "floor": "ground",
                "fill-opacity": 0, 
                "stroke-opacity": 1, 
                "stroke": "#ff0000", 
                "tessellate": -1, 
                "extrude": 0, 
                "visibility": true, 
                "fill-opaci": 0, 
                "stroke-opa": 1, 
                "ID": "21-88", 
                "REMARKS": "POLYGON ID-21", 
                "AREA": 109.673
            }, 
            "id": "poly21.327"
        }, 
        {
            "type": "Feature", 
            "geometry": {
                "type": "Polygon", 
                "coordinates": [
                    [
                        [88.315684085234 , 22.536373539152 ], 
                        [88.3155892265367, 22.5363933550756], 
                        [88.3156084461842, 22.5364727495426], 
                        [88.3156453022029, 22.5364742157514], 
                        [88.3157054168796, 22.5364616578231], 
                        [88.315684085234 , 22.536373539152 ]  
                    ]
                ]
            }, 
            "properties": {
    "floor": "ground",
                "fill-opacity": 0, 
                "stroke-opacity": 1, 
                "stroke": "#ff0000", 
                "tessellate": -1, 
                "extrude": 0, 
                "visibility": true, 
                "fill-opaci": 0, 
                "stroke-opa": 1, 
                "ID": "21-76", 
                "REMARKS": "POLYGON ID-21", 
                "AREA": 98.187
            }, 
            "id": "poly21.328"
        }, 
        {
            "type": "Feature", 
            "geometry": {
                "type": "Polygon", 
                "coordinates": [
                    [
                        [88.3155892265367, 22.5363933550756], 
                        [88.3154943678094, 22.5364131709445], 
                        [88.3155156993435, 22.5365012896458], 
                        [88.315518235857 , 22.536500759772 ], 
                        [88.3155205016152, 22.536469250891 ], 
                        [88.3156084461842, 22.5364727495426], 
                        [88.3155892265367, 22.5363933550756]  
                    ]
                ]
            }, 
            "properties": {
    "floor": "ground",
                "fill-opacity": 0, 
                "stroke-opacity": 1, 
                "stroke": "#ff0000", 
                "tessellate": -1, 
                "extrude": 0, 
                "visibility": true, 
                "fill-opaci": 0, 
                "stroke-opa": 1, 
                "ID": "21-64", 
                "REMARKS": "POLYGON ID-21", 
                "AREA": 79.359
            }, 
            "id": "poly21.329"
        }, 
        {
            "type": "Feature", 
            "geometry": {
                "type": "Polygon", 
                "coordinates": [
                    [
                        [88.3154943678094, 22.5364131709445], 
                        [88.315399509052 , 22.5364329867587], 
                        [88.3154208405303, 22.5365211054752], 
                        [88.3155156993435, 22.5365012896458], 
                        [88.3154943678094, 22.5364131709445]  
                    ]
                ]
            }, 
            "properties": {
    "floor": "ground",
                "fill-opacity": 0, 
                "stroke-opacity": 1, 
                "stroke": "#ff0000", 
                "tessellate": -1, 
                "extrude": 0, 
                "visibility": true, 
                "fill-opaci": 0, 
                "stroke-opa": 1, 
                "ID": "21-52", 
                "REMARKS": "POLYGON ID-21", 
                "AREA": 100
            }, 
            "id": "poly21.330"
        }, 
        {
            "type": "Feature", 
            "geometry": {
                "type": "Polygon", 
                "coordinates": [
                    [
                        [88.3153001207464, 22.5347874022059], 
                        [88.3152052630531, 22.5348072178578], 
                        [88.3152265941026, 22.5348953366351], 
                        [88.3153214518516, 22.5348755209681], 
                        [88.3153001207464, 22.5347874022059]  
                    ]
                ]
            }, 
            "properties": {
    "floor": "ground",
                "fill-opacity": 0, 
                "stroke-opacity": 1, 
                "stroke": "#ff0000", 
                "tessellate": -1, 
                "extrude": 0, 
                "visibility": true, 
                "fill-opaci": 0, 
                "stroke-opa": 1, 
                "ID": "21-200", 
                "REMARKS": "POLYGON ID-21", 
                "AREA": 100
            }, 
            "id": "poly21.331"
        }, 
        {
            "type": "Feature", 
            "geometry": {
                "type": "Polygon", 
                "coordinates": [
                    [
                        [88.3148045562543, 22.5347985910007], 
                        [88.3148011817623, 22.5347993634219], 
                        [88.3148820483135, 22.5349009310445], 
                        [88.3149565945621, 22.5350149886079], 
                        [88.3149420206753, 22.5349547833079], 
                        [88.3149206897932, 22.5348666644852], 
                        [88.3148994083895, 22.5347787499316], 
                        [88.3148045562543, 22.5347985910007]  
                    ]
                ]
            }, 
            "properties": {
    "floor": "ground",
                "fill-opacity": 0, 
                "stroke-opacity": 1, 
                "stroke": "#ff0000", 
                "tessellate": -1, 
                "extrude": 0, 
                "visibility": true, 
                "fill-opaci": 0, 
                "stroke-opa": 1, 
                "ID": "21-196", 
                "REMARKS": "POLYGON ID-21", 
                "AREA": 129.467
            }, 
            "id": "poly21.332"
        }, 
        {
            "type": "Feature", 
            "geometry": {
                "type": "Polygon", 
                "coordinates": [
                    [
                        [88.3148045562543, 22.5347985910007], 
                        [88.3148994083895, 22.5347787499316], 
                        [88.314878028119 , 22.5346904268248], 
                        [88.3147831704172, 22.5347102422277], 
                        [88.3147831701658, 22.5347102423998], 
                        [88.3148045562543, 22.5347985910007]  
                    ]
                ]
            }, 
            "properties": {
    "floor": "ground",
                "fill-opacity": 0, 
                "stroke-opacity": 1, 
                "stroke": "#ff0000", 
                "tessellate": -1, 
                "extrude": 0, 
                "visibility": true, 
                "fill-opaci": 0, 
                "stroke-opa": 1, 
                "ID": "21-214", 
                "REMARKS": "POLYGON ID-21", 
                "AREA": 100.247
            }, 
            "id": "poly21.333"
        }, 
        {
            "type": "Feature", 
            "geometry": {
                "type": "Polygon", 
                "coordinates": [
                    [
                        [88.3152052630531, 22.5348072178578], 
                        [88.3151104053298, 22.5348270334549], 
                        [88.3151317363235, 22.5349151522474], 
                        [88.3152265941026, 22.5348953366351], 
                        [88.3152052630531, 22.5348072178578]  
                    ]
                ]
            }, 
            "properties": {
    "floor": "ground",
                "fill-opacity": 0, 
                "stroke-opacity": 1, 
                "stroke": "#ff0000", 
                "tessellate": -1, 
                "extrude": 0, 
                "visibility": true, 
                "fill-opaci": 0, 
                "stroke-opa": 1, 
                "ID": "21-199", 
                "REMARKS": "POLYGON ID-21", 
                "AREA": 100
            }, 
            "id": "poly21.334"
        }, 
        {
            "type": "Feature", 
            "geometry": {
                "type": "Polygon", 
                "coordinates": [
                    [
                        [88.3154898357876, 22.5347477707914], 
                        [88.3153949784096, 22.5347675864993], 
                        [88.3154163095707, 22.5348557052465], 
                        [88.3155111670217, 22.5348358895198], 
                        [88.3154898357876, 22.5347477707914]  
                    ]
                ]
            }, 
            "properties": {
    "floor": "ground",
                "fill-opacity": 0, 
                "stroke-opacity": 1, 
                "stroke": "#ff0000", 
                "tessellate": -1, 
                "extrude": 0, 
                "visibility": true, 
                "fill-opaci": 0, 
                "stroke-opa": 1, 
                "ID": "21-202", 
                "REMARKS": "POLYGON ID-21", 
                "AREA": 100
            }, 
            "id": "poly21.335"
        }, 
        {
            "type": "Feature", 
            "geometry": {
                "type": "Polygon", 
                "coordinates": [
                    [
                        [88.3150155080357, 22.5348468572574], 
                        [88.3149206897932, 22.5348666644852], 
                        [88.3149420206753, 22.5349547833079], 
                        [88.3150368366477, 22.5349349765508], 
                        [88.3150155080357, 22.5348468572574]  
                    ]
                ]
            }, 
            "properties": {
    "floor": "ground",
                "fill-opacity": 0, 
                "stroke-opacity": 1, 
                "stroke": "#ff0000", 
                "tessellate": -1, 
                "extrude": 0, 
                "visibility": true, 
                "fill-opaci": 0, 
                "stroke-opa": 1, 
                "ID": "21-197", 
                "REMARKS": "POLYGON ID-21", 
                "AREA": 99.957
            }, 
            "id": "poly21.336"
        }, 
        {
            "type": "Feature", 
            "geometry": {
                "type": "Polygon", 
                "coordinates": [
                    [
                        [88.3151104053298, 22.5348270334549], 
                        [88.3150155080357, 22.5348468572574], 
                        [88.3150368366477, 22.5349349765508], 
                        [88.3151317363235, 22.5349151522474], 
                        [88.3151104053298, 22.5348270334549]  
                    ]
                ]
            }, 
            "properties": {
    "floor": "ground",
                "fill-opacity": 0, 
                "stroke-opacity": 1, 
                "stroke": "#ff0000", 
                "tessellate": -1, 
                "extrude": 0, 
                "visibility": true, 
                "fill-opaci": 0, 
                "stroke-opa": 1, 
                "ID": "21-198", 
                "REMARKS": "POLYGON ID-21", 
                "AREA": 100.043
            }, 
            "id": "poly21.337"
        }, 
        {
            "type": "Feature", 
            "geometry": {
                "type": "Polygon", 
                "coordinates": [
                    [
                        [88.3153949784096, 22.5347675864993], 
                        [88.3153001207464, 22.5347874022059], 
                        [88.3153214518516, 22.5348755209681], 
                        [88.3154163095707, 22.5348557052465], 
                        [88.3153949784096, 22.5347675864993]  
                    ]
                ]
            }, 
            "properties": {
    "floor": "ground",
                "fill-opacity": 0, 
                "stroke-opacity": 1, 
                "stroke": "#ff0000", 
                "tessellate": -1, 
                "extrude": 0, 
                "visibility": true, 
                "fill-opaci": 0, 
                "stroke-opa": 1, 
                "ID": "21-201", 
                "REMARKS": "POLYGON ID-21", 
                "AREA": 100
            }, 
            "id": "poly21.338"
        }, 
        {
            "type": "Feature", 
            "geometry": {
                "type": "Polygon", 
                "coordinates": [
                    [
                        [88.3156795513592, 22.5347081390152], 
                        [88.3156795512193, 22.5347081390515], 
                        [88.315584695812 , 22.5347279544697], 
                        [88.3156060269643, 22.5348160732118], 
                        [88.3156972067695, 22.5347970256295], 
                        [88.3156967165277, 22.5347790481333], 
                        [88.3156795513592, 22.5347081390152]  
                    ]
                ]
            }, 
            "properties": {
    "floor": "ground",
                "fill-opacity": 0, 
                "stroke-opacity": 1, 
                "stroke": "#ff0000", 
                "tessellate": -1, 
                "extrude": 0, 
                "visibility": true, 
                "fill-opaci": 0, 
                "stroke-opa": 1, 
                "ID": "21-204", 
                "REMARKS": "POLYGON ID-21", 
                "AREA": 99.619
            }, 
            "id": "poly21.339"
        }, 
        {
            "type": "Feature", 
            "geometry": {
                "type": "Polygon", 
                "coordinates": [
                    [
                        [88.315584695812 , 22.5347279544697], 
                        [88.3154898357876, 22.5347477707914], 
                        [88.3155111670217, 22.5348358895198], 
                        [88.3156060269643, 22.5348160732118], 
                        [88.315584695812 , 22.5347279544697]  
                    ]
                ]
            }, 
            "properties": {
    "floor": "ground",
                "fill-opacity": 0, 
                "stroke-opacity": 1, 
                "stroke": "#ff0000", 
                "tessellate": -1, 
                "extrude": 0, 
                "visibility": true, 
                "fill-opaci": 0, 
                "stroke-opa": 1, 
                "ID": "21-203", 
                "REMARKS": "POLYGON ID-21", 
                "AREA": 100.002
            }, 
            "id": "poly21.340"
        }, 
        {
            "type": "Feature", 
            "geometry": {
                "type": "Polygon", 
                "coordinates": [
                    [
                        [88.3152052630531, 22.5348072178578], 
                        [88.3153001207464, 22.5347874022059], 
                        [88.3152788143956, 22.5346993855755], 
                        [88.3151839629391, 22.5347192267466], 
                        [88.3152052630531, 22.5348072178578]  
                    ]
                ]
            }, 
            "properties": {
    "floor": "ground",
                "fill-opacity": 0, 
                "stroke-opacity": 1, 
                "stroke": "#ff0000", 
                "tessellate": -1, 
                "extrude": 0, 
                "visibility": true, 
                "fill-opaci": 0, 
                "stroke-opa": 1, 
                "ID": "21-208", 
                "REMARKS": "POLYGON ID-21", 
                "AREA": 99.87
            }, 
            "id": "poly21.341"
        }, 
        {
            "type": "Feature", 
            "geometry": {
                "type": "Polygon", 
                "coordinates": [
                    [
                        [88.3151104053298, 22.5348270334549], 
                        [88.3152052630531, 22.5348072178578], 
                        [88.3151839629391, 22.5347192267466], 
                        [88.3150891114526, 22.5347390678629], 
                        [88.3151104053298, 22.5348270334549]  
                    ]
                ]
            }, 
            "properties": {
    "floor": "ground",
                "fill-opacity": 0, 
                "stroke-opacity": 1, 
                "stroke": "#ff0000", 
                "tessellate": -1, 
                "extrude": 0, 
                "visibility": true, 
                "fill-opaci": 0, 
                "stroke-opa": 1, 
                "ID": "21-207", 
                "REMARKS": "POLYGON ID-21", 
                "AREA": 99.841
            }, 
            "id": "poly21.342"
        }, 
        {
            "type": "Feature", 
            "geometry": {
                "type": "Polygon", 
                "coordinates": [
                    [
                        [88.3153949784096, 22.5347675864993], 
                        [88.3154898357876, 22.5347477707914], 
                        [88.3154685169459, 22.5346597031264], 
                        [88.315373665822 , 22.5346795443498], 
                        [88.3153949784096, 22.5347675864993]  
                    ]
                ]
            }, 
            "properties": {
    "floor": "ground",
                "fill-opacity": 0, 
                "stroke-opacity": 1, 
                "stroke": "#ff0000", 
                "tessellate": -1, 
                "extrude": 0, 
                "visibility": true, 
                "fill-opaci": 0, 
                "stroke-opa": 1, 
                "ID": "21-210", 
                "REMARKS": "POLYGON ID-21", 
                "AREA": 99.927
            }, 
            "id": "poly21.343"
        }, 
        {
            "type": "Feature", 
            "geometry": {
                "type": "Polygon", 
                "coordinates": [
                    [
                        [88.3149206897932, 22.5348666644852], 
                        [88.3150155080357, 22.5348468572574], 
                        [88.3149942227189, 22.5347589167096], 
                        [88.3148994083895, 22.5347787499316], 
                        [88.3149206897932, 22.5348666644852]  
                    ]
                ]
            }, 
            "properties": {
    "floor": "ground",
                "fill-opacity": 0, 
                "stroke-opacity": 1, 
                "stroke": "#ff0000", 
                "tessellate": -1, 
                "extrude": 0, 
                "visibility": true, 
                "fill-opaci": 0, 
                "stroke-opa": 1, 
                "ID": "21-205", 
                "REMARKS": "POLYGON ID-21", 
                "AREA": 99.742
            }, 
            "id": "poly21.344"
        }, 
        {
            "type": "Feature", 
            "geometry": {
                "type": "Polygon", 
                "coordinates": [
                    [
                        [88.3150155080357, 22.5348468572574], 
                        [88.3151104053298, 22.5348270334549], 
                        [88.3150891114526, 22.5347390678629], 
                        [88.3149942227189, 22.5347589167096], 
                        [88.3150155080357, 22.5348468572574]  
                    ]
                ]
            }, 
            "properties": {
    "floor": "ground",
                "fill-opacity": 0, 
                "stroke-opacity": 1, 
                "stroke": "#ff0000", 
                "tessellate": -1, 
                "extrude": 0, 
                "visibility": true, 
                "fill-opaci": 0, 
                "stroke-opa": 1, 
                "ID": "21-206", 
                "REMARKS": "POLYGON ID-21", 
                "AREA": 99.852
            }, 
            "id": "poly21.345"
        }, 
        {
            "type": "Feature", 
            "geometry": {
                "type": "Polygon", 
                "coordinates": [
                    [
                        [88.3153001207464, 22.5347874022059], 
                        [88.3153949784096, 22.5347675864993], 
                        [88.315373665822 , 22.5346795443498], 
                        [88.3152788143956, 22.5346993855755], 
                        [88.3153001207464, 22.5347874022059]  
                    ]
                ]
            }, 
            "properties": {
    "floor": "ground",
                "fill-opacity": 0, 
                "stroke-opacity": 1, 
                "stroke": "#ff0000", 
                "tessellate": -1, 
                "extrude": 0, 
                "visibility": true, 
                "fill-opaci": 0, 
                "stroke-opa": 1, 
                "ID": "21-209", 
                "REMARKS": "POLYGON ID-21", 
                "AREA": 99.899
            }, 
            "id": "poly21.346"
        }, 
        {
            "type": "Feature", 
            "geometry": {
                "type": "Polygon", 
                "coordinates": [
                    [
                        [88.315584695812 , 22.5347279544697], 
                        [88.3156795512193, 22.5347081390515], 
                        [88.3156795513592, 22.5347081390152], 
                        [88.315658220195 , 22.534620020099 ], 
                        [88.3156582199209, 22.5346200203446], 
                        [88.3155633708707, 22.5346398612561], 
                        [88.315584695812 , 22.5347279544697]  
                    ]
                ]
            }, 
            "properties": {
    "floor": "ground",
                "fill-opacity": 0, 
                "stroke-opacity": 1, 
                "stroke": "#ff0000", 
                "tessellate": -1, 
                "extrude": 0, 
                "visibility": true, 
                "fill-opaci": 0, 
                "stroke-opa": 1, 
                "ID": "21-212", 
                "REMARKS": "POLYGON ID-21", 
                "AREA": 99.983
            }, 
            "id": "poly21.347"
        }, 
        {
            "type": "Feature", 
            "geometry": {
                "type": "Polygon", 
                "coordinates": [
                    [
                        [88.3154898357876, 22.5347477707914], 
                        [88.315584695812 , 22.5347279544697], 
                        [88.3155633708707, 22.5346398612561], 
                        [88.3154685169459, 22.5346597031264], 
                        [88.3154898357876, 22.5347477707914]  
                    ]
                ]
            }, 
            "properties": {
    "floor": "ground",
                "fill-opacity": 0, 
                "stroke-opacity": 1, 
                "stroke": "#ff0000", 
                "tessellate": -1, 
                "extrude": 0, 
                "visibility": true, 
                "fill-opaci": 0, 
                "stroke-opa": 1, 
                "ID": "21-211", 
                "REMARKS": "POLYGON ID-21", 
                "AREA": 99.959
            }, 
            "id": "poly21.348"
        }
    ]
}
