{"type":"FeatureCollection", "features": [
{"type":"Feature","geometry":{"type":"Polygon","coordinates":[[[88.2957734180265,22.5468916368494],[88.2956761860414,22.5468924201502],[88.2956753427964,22.5468021037631],[88.2957725747182,22.5468013204657],[88.2957734180265,22.5468916368494]]]},"properties": {
    "floor": "ground","fill-opacity":0,"stroke-opacity":1,"stroke":"#ff0000","ID":"31-89","REMARKS":"POLYGON ID-31","AREA":100}},
{"type":"Feature","geometry":{"type":"Polygon","coordinates":[[[88.2950936369108,22.5469874351285],[88.2950927940409,22.5468971187216],[88.2951900260517,22.5468963357732],[88.2951908689849,22.5469866521766],[88.2950936369108,22.5469874351285]]]},"properties": {
    "floor": "ground","fill-opacity":0,"stroke-opacity":1,"stroke":"#ff0000","ID":"31-23","REMARKS":"POLYGON ID-31","AREA":100}},
{"type":"Feature","geometry":{"type":"Polygon","coordinates":[[[88.2961672240727,22.5469691159895],[88.2961420218488,22.5468886668433],[88.2961623459237,22.5468885030586],[88.2962595778872,22.546887719464],[88.2962603306453,22.5469683075052],[88.2961672240727,22.5469691159895]]]},"properties": {
    "floor": "ground","fill-opacity":0,"stroke-opacity":1,"stroke":"#ff0000","ID":"31-137","REMARKS":"POLYGON ID-31","AREA":96.7}},
{"type":"Feature","geometry":{"type":"Polygon","coordinates":[[[88.2965512737521,22.5468853683279],[88.2966485056984,22.5468845844984],[88.296697059079,22.5468841930662],[88.2966013381181,22.5469752879],[88.2965521175706,22.5469756846827],[88.2965512737521,22.5468853683279]]]},"properties": {
    "floor": "ground","fill-opacity":0,"stroke-opacity":1,"stroke":"#ff0000","ID":"31-180","REMARKS":"POLYGON ID-31","AREA":100.279}},
{"type":"Feature","geometry":{"type":"Polygon","coordinates":[[[88.2962026563823,22.547082220869],[88.2961672240727,22.5469691159895],[88.2962603306453,22.5469683075052],[88.296260421516,22.5469780358293],[88.2962612651491,22.5470683521934],[88.2962613902734,22.5470817475204],[88.2962026563823,22.547082220869]]]},"properties": {
    "floor": "ground","fill-opacity":0,"stroke-opacity":1,"stroke":"#ff0000","ID":"31-136","REMARKS":"POLYGON ID-31","AREA":98.054}},
{"type":"Feature","geometry":{"type":"Polygon","coordinates":[[[88.2964548855567,22.546976468457],[88.2965521175706,22.5469756846827],[88.2966013381181,22.5469752879],[88.2965055534432,22.5470664431968],[88.2964557174367,22.5470668326716],[88.2964557293163,22.5470667848142],[88.2964548855567,22.546976468457]]]},"properties": {
    "floor": "ground","fill-opacity":0,"stroke-opacity":1,"stroke":"#ff0000","ID":"31-170","REMARKS":"POLYGON ID-31","AREA":100.995}},
{"type":"Feature","geometry":{"type":"Polygon","coordinates":[[[88.2962672331674,22.547158627257],[88.2963593409354,22.5471578848928],[88.2964098958196,22.5471574774115],[88.2962684122831,22.5472921223262],[88.2962672331674,22.547158627257]]]},"properties": {
    "floor": "ground","fill-opacity":0,"stroke-opacity":1,"stroke":"#ff0000","ID":"31-146","REMARKS":"POLYGON ID-31","AREA":108.434}},
{"type":"Feature","geometry":{"type":"Polygon","coordinates":[[[88.2963584974579,22.5470675924137],[88.2964557174367,22.5470668326716],[88.2965055534432,22.5470664431968],[88.2964098958196,22.5471574774115],[88.2963593409354,22.5471578848928],[88.2963584974579,22.5470675924137]]]},"properties": {
    "floor": "ground","fill-opacity":0,"stroke-opacity":1,"stroke":"#ff0000","ID":"31-158","REMARKS":"POLYGON ID-31","AREA":101.581}},
{"type":"Feature","geometry":{"type":"Polygon","coordinates":[[[88.2963576535385,22.5469772521725],[88.296260421516,22.5469780358293],[88.2962603306453,22.5469683075052],[88.2962595778872,22.546887719464],[88.2963568098465,22.5468869358107],[88.2963576535385,22.5469772521725]]]},"properties": {
    "floor": "ground","fill-opacity":0,"stroke-opacity":1,"stroke":"#ff0000","ID":"31-149","REMARKS":"POLYGON ID-31","AREA":100}},
{"type":"Feature","geometry":{"type":"Polygon","coordinates":[[[88.2963584974579,22.5470675924137],[88.2962612651491,22.5470683521934],[88.296260421516,22.5469780358293],[88.2963576535385,22.5469772521725],[88.2963584974579,22.5470675924137]]]},"properties": {
    "floor": "ground","fill-opacity":0,"stroke-opacity":1,"stroke":"#ff0000","ID":"31-148","REMARKS":"POLYGON ID-31","AREA":100.013}},
{"type":"Feature","geometry":{"type":"Polygon","coordinates":[[[88.2963593409354,22.5471578848928],[88.2962672331674,22.547158627257],[88.2962621087865,22.5471586685566],[88.2962613902734,22.5470817475204],[88.2962612651491,22.5470683521934],[88.2963584974579,22.5470675924137],[88.2963593409354,22.5471578848928]]]},"properties": {
    "floor": "ground","fill-opacity":0,"stroke-opacity":1,"stroke":"#ff0000","ID":"31-147","REMARKS":"POLYGON ID-31","AREA":99.987}},
{"type":"Feature","geometry":{"type":"Polygon","coordinates":[[[88.2962684122831,22.5472921223262],[88.2962026563823,22.547082220869],[88.2962613902734,22.5470817475204],[88.2962621087865,22.5471586685566],[88.2962672331674,22.547158627257],[88.2962684122831,22.5472921223262]]]},"properties": {
    "floor": "ground","fill-opacity":0,"stroke-opacity":1,"stroke":"#ff0000","ID":"31-135","REMARKS":"POLYGON ID-31","AREA":72.046}},
{"type":"Feature","geometry":{"type":"Polygon","coordinates":[[[88.2964548855567,22.546976468457],[88.2963576535385,22.5469772521725],[88.2963568098465,22.5468869358107],[88.2964540418015,22.5468861520987],[88.2964548855567,22.546976468457]]]},"properties": {
    "floor": "ground","fill-opacity":0,"stroke-opacity":1,"stroke":"#ff0000","ID":"31-160","REMARKS":"POLYGON ID-31","AREA":100}},
{"type":"Feature","geometry":{"type":"Polygon","coordinates":[[[88.2964557174367,22.5470668326716],[88.2963584974579,22.5470675924137],[88.2963576535385,22.5469772521725],[88.2964548855567,22.546976468457],[88.2964557293163,22.5470667848142],[88.2964557174367,22.5470668326716]]]},"properties": {
    "floor": "ground","fill-opacity":0,"stroke-opacity":1,"stroke":"#ff0000","ID":"31-159","REMARKS":"POLYGON ID-31","AREA":100.04}},
{"type":"Feature","geometry":{"type":"Polygon","coordinates":[[[88.2965521175706,22.5469756846827],[88.2964548855567,22.546976468457],[88.2964540418015,22.5468861520987],[88.2965512737521,22.5468853683279],[88.2965521175706,22.5469756846827]]]},"properties": {
    "floor": "ground","fill-opacity":0,"stroke-opacity":1,"stroke":"#ff0000","ID":"31-171","REMARKS":"POLYGON ID-31","AREA":100}},
{"type":"Feature","geometry":{"type":"Polygon","coordinates":[[[88.2971391317904,22.5456161043586],[88.2972193009311,22.5455323081015],[88.2972200779755,22.545615440163],[88.2971391317904,22.5456161043586]]]},"properties": {
    "floor": "ground","fill-opacity":0,"stroke-opacity":1,"stroke":"#ff0000","ID":"31-242","REMARKS":"POLYGON ID-31","AREA":38.315}},
{"type":"Feature","geometry":{"type":"Polygon","coordinates":[[[88.2957742611144,22.5469819291677],[88.295677029141,22.5469827204934],[88.2956761860414,22.5468924201502],[88.2957734180265,22.5468916368494],[88.2957742611144,22.5469819291677]]]},"properties": {
    "floor": "ground","fill-opacity":0,"stroke-opacity":1,"stroke":"#ff0000","ID":"31-88","REMARKS":"POLYGON ID-31","AREA":99.978}},
{"type":"Feature","geometry":{"type":"Polygon","coordinates":[[[88.2949964048324,22.5469882180216],[88.2949955620257,22.5468979016112],[88.2950927940409,22.5468971187216],[88.2950936369108,22.5469874351285],[88.2949964048324,22.5469882180216]]]},"properties": {
    "floor": "ground","fill-opacity":0,"stroke-opacity":1,"stroke":"#ff0000","ID":"31-14","REMARKS":"POLYGON ID-31","AREA":100}},
{"type":"Feature","geometry":{"type":"Polygon","coordinates":[[[88.2949414198416,22.5470147310751],[88.294899193662,22.5468986774889],[88.2949955620257,22.5468979016112],[88.2949964048324,22.5469882180216],[88.2949966454547,22.5470140033797],[88.2949414198416,22.5470147310751]]]},"properties": {
    "floor": "ground","fill-opacity":0,"stroke-opacity":1,"stroke":"#ff0000","ID":"31-4","REMARKS":"POLYGON ID-31","AREA":100.368}},
{"type":"Feature","geometry":{"type":"Polygon","coordinates":[[[88.2951917119223,22.547076968579],[88.2951925548641,22.5471672849804],[88.2950953226636,22.5471680679392],[88.295094479785,22.5470777515344],[88.2951917119223,22.547076968579]]]},"properties": {
    "floor": "ground","fill-opacity":0,"stroke-opacity":1,"stroke":"#ff0000","ID":"31-21","REMARKS":"POLYGON ID-31","AREA":100}},
{"type":"Feature","geometry":{"type":"Polygon","coordinates":[[[88.295094479785,22.5470777515344],[88.2950953226636,22.5471680679392],[88.2949980904587,22.5471688508393],[88.2949972476434,22.5470785344309],[88.295094479785,22.5470777515344]]]},"properties": {
    "floor": "ground","fill-opacity":0,"stroke-opacity":1,"stroke":"#ff0000","ID":"31-12","REMARKS":"POLYGON ID-31","AREA":100}},
{"type":"Feature","geometry":{"type":"Polygon","coordinates":[[[88.2949966454547,22.5470140033797],[88.2949972476434,22.5470785344309],[88.2949980904587,22.5471688508393],[88.2950953226636,22.5471680679392],[88.2950957033428,22.5472088584524],[88.2950206288356,22.5472324268855],[88.2949414198416,22.5470147310751],[88.2949966454547,22.5470140033797]]]},"properties": {
    "floor": "ground","fill-opacity":0,"stroke-opacity":1,"stroke":"#ff0000","ID":"31-3","REMARKS":"POLYGON ID-31","AREA":102.208}},
{"type":"Feature","geometry":{"type":"Polygon","coordinates":[[[88.2951908689849,22.5469866521766],[88.2951917119223,22.547076968579],[88.295094479785,22.5470777515344],[88.2950936369108,22.5469874351285],[88.2951908689849,22.5469866521766]]]},"properties": {
    "floor": "ground","fill-opacity":0,"stroke-opacity":1,"stroke":"#ff0000","ID":"31-22","REMARKS":"POLYGON ID-31","AREA":100}},
{"type":"Feature","geometry":{"type":"Polygon","coordinates":[[[88.2950936369108,22.5469874351285],[88.295094479785,22.5470777515344],[88.2949972476434,22.5470785344309],[88.2949966454547,22.5470140033797],[88.2949964048324,22.5469882180216],[88.2950936369108,22.5469874351285]]]},"properties": {
    "floor": "ground","fill-opacity":0,"stroke-opacity":1,"stroke":"#ff0000","ID":"31-13","REMARKS":"POLYGON ID-31","AREA":100}},
{"type":"Feature","geometry":{"type":"Polygon","coordinates":[[[88.2951908689849,22.5469866521766],[88.2951900260517,22.5468963357732],[88.2952872580583,22.5468955527661],[88.2952881010547,22.5469858691661],[88.2951908689849,22.5469866521766]]]},"properties": {
    "floor": "ground","fill-opacity":0,"stroke-opacity":1,"stroke":"#ff0000","ID":"31-34","REMARKS":"POLYGON ID-31","AREA":100}},
{"type":"Feature","geometry":{"type":"Polygon","coordinates":[[[88.2955243543555,22.5470742895535],[88.2952896142063,22.5471479830616],[88.2952889440554,22.547076185565],[88.2953861761841,22.5470754024922],[88.2954834083085,22.5470746193606],[88.2955243543555,22.5470742895535]]]},"properties": {
    "floor": "ground","fill-opacity":0,"stroke-opacity":1,"stroke":"#ff0000","ID":"31-43","REMARKS":"POLYGON ID-31","AREA":96.234}},
{"type":"Feature","geometry":{"type":"Polygon","coordinates":[[[88.2952889440554,22.547076185565],[88.2952896142063,22.5471479830616],[88.2950957033428,22.5472088584524],[88.2950953226636,22.5471680679392],[88.2951925548641,22.5471672849804],[88.2951917119223,22.547076968579],[88.2952889440554,22.547076185565]]]},"properties": {
    "floor": "ground","fill-opacity":0,"stroke-opacity":1,"stroke":"#ff0000","ID":"31-32","REMARKS":"POLYGON ID-31","AREA":124.66}},
{"type":"Feature","geometry":{"type":"Polygon","coordinates":[[[88.2955880042029,22.5469834449744],[88.295677029141,22.5469827204934],[88.2957742611144,22.5469819291677],[88.2958197321615,22.5469815590799],[88.2955881247182,22.5470542696353],[88.2955880017408,22.5469834536933],[88.2955880042029,22.5469834449744]]]},"properties": {
    "floor": "ground","fill-opacity":0,"stroke-opacity":1,"stroke":"#ff0000","ID":"31-76","REMARKS":"POLYGON ID-31","AREA":93.44}},
{"type":"Feature","geometry":{"type":"Polygon","coordinates":[[[88.2952881010547,22.5469858691661],[88.2952889440554,22.547076185565],[88.2951917119223,22.547076968579],[88.2951908689849,22.5469866521766],[88.2952881010547,22.5469858691661]]]},"properties": {
    "floor": "ground","fill-opacity":0,"stroke-opacity":1,"stroke":"#ff0000","ID":"31-33","REMARKS":"POLYGON ID-31","AREA":100}},
{"type":"Feature","geometry":{"type":"Polygon","coordinates":[[[88.2950927940409,22.5468971187216],[88.2949955620257,22.5468979016112],[88.2949947192233,22.5468075851998],[88.2950919511752,22.5468068023136],[88.2950927940409,22.5468971187216]]]},"properties": {
    "floor": "ground","fill-opacity":0,"stroke-opacity":1,"stroke":"#ff0000","ID":"31-15","REMARKS":"POLYGON ID-31","AREA":100}},
{"type":"Feature","geometry":{"type":"Polygon","coordinates":[[[88.2953853331201,22.5469850860967],[88.2952881010547,22.5469858691661],[88.2952872580583,22.5468955527661],[88.2953844900605,22.5468947697002],[88.2953853331201,22.5469850860967]]]},"properties": {
    "floor": "ground","fill-opacity":0,"stroke-opacity":1,"stroke":"#ff0000","ID":"31-45","REMARKS":"POLYGON ID-31","AREA":100}},
{"type":"Feature","geometry":{"type":"Polygon","coordinates":[[[88.2953861761841,22.5470754024922],[88.2952889440554,22.547076185565],[88.2952881010547,22.5469858691661],[88.2953853331201,22.5469850860967],[88.2953861761841,22.5470754024922]]]},"properties": {
    "floor": "ground","fill-opacity":0,"stroke-opacity":1,"stroke":"#ff0000","ID":"31-44","REMARKS":"POLYGON ID-31","AREA":100}},
{"type":"Feature","geometry":{"type":"Polygon","coordinates":[[[88.2954817220584,22.5468939865756],[88.2953844900605,22.5468947697002],[88.2953836470051,22.5468044533027],[88.2954808789399,22.5468036701816],[88.2954817220584,22.5468939865756]]]},"properties": {
    "floor": "ground","fill-opacity":0,"stroke-opacity":1,"stroke":"#ff0000","ID":"31-56","REMARKS":"POLYGON ID-31","AREA":100}},
{"type":"Feature","geometry":{"type":"Polygon","coordinates":[[[88.2954825651813,22.5469843029687],[88.2953853331201,22.5469850860967],[88.2953844900605,22.5468947697002],[88.2954817220584,22.5468939865756],[88.2954825651813,22.5469843029687]]]},"properties": {
    "floor": "ground","fill-opacity":0,"stroke-opacity":1,"stroke":"#ff0000","ID":"31-55","REMARKS":"POLYGON ID-31","AREA":100}},
{"type":"Feature","geometry":{"type":"Polygon","coordinates":[[[88.2954834083085,22.5470746193606],[88.2953861761841,22.5470754024922],[88.2953853331201,22.5469850860967],[88.2954825651813,22.5469843029687],[88.2954834083085,22.5470746193606]]]},"properties": {
    "floor": "ground","fill-opacity":0,"stroke-opacity":1,"stroke":"#ff0000","ID":"31-54","REMARKS":"POLYGON ID-31","AREA":100}},
{"type":"Feature","geometry":{"type":"Polygon","coordinates":[[[88.2955789540521,22.5468932033923],[88.2954817220584,22.5468939865756],[88.2954808789399,22.5468036701816],[88.2955781108703,22.5468028870017],[88.2955789540521,22.5468932033923]]]},"properties": {
    "floor": "ground","fill-opacity":0,"stroke-opacity":1,"stroke":"#ff0000","ID":"31-67","REMARKS":"POLYGON ID-31","AREA":100}},
{"type":"Feature","geometry":{"type":"Polygon","coordinates":[[[88.2955797971633,22.5469835117604],[88.2954825651813,22.5469843029687],[88.2954817220584,22.5468939865756],[88.2955789540521,22.5468932033923],[88.2955797971633,22.5469835117604]]]},"properties": {
    "floor": "ground","fill-opacity":0,"stroke-opacity":1,"stroke":"#ff0000","ID":"31-66","REMARKS":"POLYGON ID-31","AREA":99.996}},
{"type":"Feature","geometry":{"type":"Polygon","coordinates":[[[88.2955881247182,22.5470542696353],[88.2955243543555,22.5470742895535],[88.2954834083085,22.5470746193606],[88.2954825651813,22.5469843029687],[88.2955797971633,22.5469835117604],[88.2955880042029,22.5469834449744],[88.2955880017408,22.5469834536933],[88.2955881247182,22.5470542696353]]]},"properties": {
    "floor": "ground","fill-opacity":0,"stroke-opacity":1,"stroke":"#ff0000","ID":"31-65","REMARKS":"POLYGON ID-31","AREA":101.005}},
{"type":"Feature","geometry":{"type":"Polygon","coordinates":[[[88.2956761860414,22.5468924201502],[88.2955789540521,22.5468932033923],[88.2955781108703,22.5468028870017],[88.2956753427964,22.5468021037631],[88.2956761860414,22.5468924201502]]]},"properties": {
    "floor": "ground","fill-opacity":0,"stroke-opacity":1,"stroke":"#ff0000","ID":"31-78","REMARKS":"POLYGON ID-31","AREA":100}},
{"type":"Feature","geometry":{"type":"Polygon","coordinates":[[[88.295677029141,22.5469827204934],[88.2955880042029,22.5469834449744],[88.2955797971633,22.5469835117604],[88.2955789540521,22.5468932033923],[88.2956761860414,22.5468924201502],[88.295677029141,22.5469827204934]]]},"properties": {
    "floor": "ground","fill-opacity":0,"stroke-opacity":1,"stroke":"#ff0000","ID":"31-77","REMARKS":"POLYGON ID-31","AREA":99.987}},
{"type":"Feature","geometry":{"type":"Polygon","coordinates":[[[88.2962595778872,22.546887719464],[88.2961623459237,22.5468885030586],[88.2961615023625,22.5467981866888],[88.2962587342628,22.5467974030978],[88.2962595778872,22.546887719464]]]},"properties": {
    "floor": "ground","fill-opacity":0,"stroke-opacity":1,"stroke":"#ff0000","ID":"31-138","REMARKS":"POLYGON ID-31","AREA":100}},
{"type":"Feature","geometry":{"type":"Polygon","coordinates":[[[88.2958707773478,22.5468908524638],[88.2959678819837,22.5468900700715],[88.2960651139558,22.5468892865944],[88.2961149276629,22.5468888851821],[88.2958715773308,22.546965282816],[88.2958707773478,22.5468908524638]]]},"properties": {
    "floor": "ground","fill-opacity":0,"stroke-opacity":1,"stroke":"#ff0000","ID":"31-110","REMARKS":"POLYGON ID-31","AREA":103.468}},
{"type":"Feature","geometry":{"type":"Polygon","coordinates":[[[88.2958707773478,22.5468908524638],[88.2957734180265,22.5468916368494],[88.2957725747182,22.5468013204657],[88.2958698066357,22.5468005371096],[88.2958707773478,22.5468908524638]]]},"properties": {
    "floor": "ground","fill-opacity":0,"stroke-opacity":1,"stroke":"#ff0000","ID":"31-100","REMARKS":"POLYGON ID-31","AREA":100.065}},
{"type":"Feature","geometry":{"type":"Polygon","coordinates":[[[88.2958715773308,22.546965282816],[88.2958197321615,22.5469815590799],[88.2957742611144,22.5469819291677],[88.2957734180265,22.5468916368494],[88.2958707773478,22.5468908524638],[88.2958715773308,22.546965282816]]]},"properties": {
    "floor": "ground","fill-opacity":0,"stroke-opacity":1,"stroke":"#ff0000","ID":"31-99","REMARKS":"POLYGON ID-31","AREA":95.47}},
{"type":"Feature","geometry":{"type":"Polygon","coordinates":[[[88.2959678819837,22.5468900700715],[88.2958707773478,22.5468908524638],[88.2958698066357,22.5468005371096],[88.2959670385489,22.5467997536948],[88.2959678819837,22.5468900700715]]]},"properties": {
    "floor": "ground","fill-opacity":0,"stroke-opacity":1,"stroke":"#ff0000","ID":"31-111","REMARKS":"POLYGON ID-31","AREA":99.935}},
{"type":"Feature","geometry":{"type":"Polygon","coordinates":[[[88.2960651139558,22.5468892865944],[88.2959678819837,22.5468900700715],[88.2959670385489,22.5467997536948],[88.2960642704578,22.5467989702212],[88.2960651139558,22.5468892865944]]]},"properties": {
    "floor": "ground","fill-opacity":0,"stroke-opacity":1,"stroke":"#ff0000","ID":"31-120","REMARKS":"POLYGON ID-31","AREA":100}},
{"type":"Feature","geometry":{"type":"Polygon","coordinates":[[[88.2961623459237,22.5468885030586],[88.2961420218488,22.5468886668433],[88.2961396580574,22.5468811212736],[88.2961149276629,22.5468888851821],[88.2960651139558,22.5468892865944],[88.2960642704578,22.5467989702212],[88.2961615023625,22.5467981866888],[88.2961623459237,22.5468885030586]]]},"properties": {
    "floor": "ground","fill-opacity":0,"stroke-opacity":1,"stroke":"#ff0000","ID":"31-127","REMARKS":"POLYGON ID-31","AREA":98.833}},
{"type":"Feature","geometry":{"type":"Polygon","coordinates":[[[88.2964540418015,22.5468861520987],[88.2963568098465,22.5468869358107],[88.2963559661588,22.5467966194479],[88.2964531980505,22.5467958357394],[88.2964540418015,22.5468861520987]]]},"properties": {
    "floor": "ground","fill-opacity":0,"stroke-opacity":1,"stroke":"#ff0000","ID":"31-161","REMARKS":"POLYGON ID-31","AREA":100}},
{"type":"Feature","geometry":{"type":"Polygon","coordinates":[[[88.2963568098465,22.5468869358107],[88.2962595778872,22.546887719464],[88.2962587342628,22.5467974030978],[88.2963559661588,22.5467966194479],[88.2963568098465,22.5468869358107]]]},"properties": {
    "floor": "ground","fill-opacity":0,"stroke-opacity":1,"stroke":"#ff0000","ID":"31-150","REMARKS":"POLYGON ID-31","AREA":100}},
{"type":"Feature","geometry":{"type":"Polygon","coordinates":[[[88.2966485056984,22.5468845844984],[88.2965512737521,22.5468853683279],[88.2965504299379,22.5467950519721],[88.296647661821,22.546794268146],[88.2966485056984,22.5468845844984]]]},"properties": {
    "floor": "ground","fill-opacity":0,"stroke-opacity":1,"stroke":"#ff0000","ID":"31-181","REMARKS":"POLYGON ID-31","AREA":100}},
{"type":"Feature","geometry":{"type":"Polygon","coordinates":[[[88.2965512737521,22.5468853683279],[88.2964540418015,22.5468861520987],[88.2964531980505,22.5467958357394],[88.2965504299379,22.5467950519721],[88.2965512737521,22.5468853683279]]]},"properties": {
    "floor": "ground","fill-opacity":0,"stroke-opacity":1,"stroke":"#ff0000","ID":"31-172","REMARKS":"POLYGON ID-31","AREA":100}},
{"type":"Feature","geometry":{"type":"Polygon","coordinates":[[[88.296647661821,22.546794268146],[88.2967448936998,22.5467934842612],[88.2967915874964,22.5467931077943],[88.2967771824157,22.5468079419025],[88.296697059079,22.5468841930662],[88.2966485056984,22.5468845844984],[88.296647661821,22.546794268146]]]},"properties": {
    "floor": "ground","fill-opacity":0,"stroke-opacity":1,"stroke":"#ff0000","ID":"31-189","REMARKS":"POLYGON ID-31","AREA":99.493}},
{"type":"Feature","geometry":{"type":"Polygon","coordinates":[[[88.2967440497635,22.5467031679113],[88.2967448936998,22.5467934842612],[88.296647661821,22.546794268146],[88.2966468179479,22.5467039517926],[88.2967440497635,22.5467031679113]]]},"properties": {
    "floor": "ground","fill-opacity":0,"stroke-opacity":1,"stroke":"#ff0000","ID":"31-190","REMARKS":"POLYGON ID-31","AREA":100}},
{"type":"Feature","geometry":{"type":"Polygon","coordinates":[[[88.2950902654568,22.5466261694946],[88.2949930336314,22.5466269523738],[88.2949921908419,22.5465366359592],[88.2950894226041,22.5465358530835],[88.2950902654568,22.5466261694946]]]},"properties": {
    "floor": "ground","fill-opacity":0,"stroke-opacity":1,"stroke":"#ff0000","ID":"31-18","REMARKS":"POLYGON ID-31","AREA":100}},
{"type":"Feature","geometry":{"type":"Polygon","coordinates":[[[88.2969359813014,22.54643065975],[88.2970332129184,22.5464298761435],[88.2970340569451,22.5465201832328],[88.2969368252689,22.5465209672834],[88.2969359813014,22.54643065975]]]},"properties": {
    "floor": "ground","fill-opacity":0,"stroke-opacity":1,"stroke":"#ff0000","ID":"31-216","REMARKS":"POLYGON ID-31","AREA":99.99}},
{"type":"Feature","geometry":{"type":"Polygon","coordinates":[[[88.2967423619037,22.5465225352083],[88.2967432058314,22.5466128515603],[88.2966459740791,22.5466136354382],[88.2966451302145,22.5465233190827],[88.2967423619037,22.5465225352083]]]},"properties": {
    "floor": "ground","fill-opacity":0,"stroke-opacity":1,"stroke":"#ff0000","ID":"31-192","REMARKS":"POLYGON ID-31","AREA":100}},
{"type":"Feature","geometry":{"type":"Polygon","coordinates":[[[88.2968395935884,22.5465217512752],[88.2968404375794,22.5466120676237],[88.2967432058314,22.5466128515603],[88.2967423619037,22.5465225352083],[88.2968395935884,22.5465217512752]]]},"properties": {
    "floor": "ground","fill-opacity":0,"stroke-opacity":1,"stroke":"#ff0000","ID":"31-200","REMARKS":"POLYGON ID-31","AREA":100}},
{"type":"Feature","geometry":{"type":"Polygon","coordinates":[[[88.2969095116708,22.5466716713137],[88.2967915874964,22.5467931077943],[88.2967448936998,22.5467934842612],[88.2967440497635,22.5467031679113],[88.2968412815747,22.5467023839712],[88.2968409997305,22.5466722237319],[88.2969095116708,22.5466716713137]]]},"properties": {
    "floor": "ground","fill-opacity":0,"stroke-opacity":1,"stroke":"#ff0000","ID":"31-198","REMARKS":"POLYGON ID-31","AREA":112.329}},
{"type":"Feature","geometry":{"type":"Polygon","coordinates":[[[88.2967432058314,22.5466128515603],[88.2967440497635,22.5467031679113],[88.2966468179479,22.5467039517926],[88.2966459740791,22.5466136354382],[88.2967432058314,22.5466128515603]]]},"properties": {
    "floor": "ground","fill-opacity":0,"stroke-opacity":1,"stroke":"#ff0000","ID":"31-191","REMARKS":"POLYGON ID-31","AREA":100}},
{"type":"Feature","geometry":{"type":"Polygon","coordinates":[[[88.2968404375794,22.5466120676237],[88.2968409997305,22.5466722237319],[88.2968412815747,22.5467023839712],[88.2967440497635,22.5467031679113],[88.2967432058314,22.5466128515603],[88.2968404375794,22.5466120676237]]]},"properties": {
    "floor": "ground","fill-opacity":0,"stroke-opacity":1,"stroke":"#ff0000","ID":"31-199","REMARKS":"POLYGON ID-31","AREA":100}},
{"type":"Feature","geometry":{"type":"Polygon","coordinates":[[[88.2968409997305,22.5466722237319],[88.2968404375794,22.5466120676237],[88.2969376693232,22.5466112836284],[88.2969371342022,22.5465540241251],[88.2970238660595,22.546553910666],[88.2969095116708,22.5466716713137],[88.2968409997305,22.5466722237319]]]},"properties": {
    "floor": "ground","fill-opacity":0,"stroke-opacity":1,"stroke":"#ff0000","ID":"31-207","REMARKS":"POLYGON ID-31","AREA":105.481}},
{"type":"Feature","geometry":{"type":"Polygon","coordinates":[[[88.2969368252689,22.5465209672834],[88.2970340569451,22.5465201832328],[88.2970332129184,22.5464298761435],[88.2971304256901,22.5464290926301],[88.2971451889618,22.5464289736363],[88.2970238660595,22.546553910666],[88.2969371342022,22.5465540241251],[88.2969368252689,22.5465209672834]]]},"properties": {
    "floor": "ground","fill-opacity":0,"stroke-opacity":1,"stroke":"#ff0000","ID":"31-224","REMARKS":"POLYGON ID-31","AREA":108.572}},
{"type":"Feature","geometry":{"type":"Polygon","coordinates":[[[88.2969368252689,22.5465209672834],[88.2968395935884,22.5465217512752],[88.29683874968,22.5464314432977],[88.2969359581393,22.5464306599366],[88.2969359813014,22.54643065975],[88.2969368252689,22.5465209672834]]]},"properties": {
    "floor": "ground","fill-opacity":0,"stroke-opacity":1,"stroke":"#ff0000","ID":"31-209","REMARKS":"POLYGON ID-31","AREA":99.99}},
{"type":"Feature","geometry":{"type":"Polygon","coordinates":[[[88.2969371342022,22.5465540241251],[88.2969376693232,22.5466112836284],[88.2968404375794,22.5466120676237],[88.2968395935884,22.5465217512752],[88.2969368252689,22.5465209672834],[88.2969371342022,22.5465540241251]]]},"properties": {
    "floor": "ground","fill-opacity":0,"stroke-opacity":1,"stroke":"#ff0000","ID":"31-208","REMARKS":"POLYGON ID-31","AREA":100}},
{"type":"Feature","geometry":{"type":"Polygon","coordinates":[[[88.2950894226041,22.5465358530835],[88.2949921908419,22.5465366359592],[88.2949913480567,22.5464463195436],[88.2950885797598,22.546445537112],[88.2950894226041,22.5465358530835]]]},"properties": {
    "floor": "ground","fill-opacity":0,"stroke-opacity":1,"stroke":"#ff0000","ID":"31-19","REMARKS":"POLYGON ID-31","AREA":100}},
{"type":"Feature","geometry":{"type":"Polygon","coordinates":[[[88.2966451302145,22.5465233190827],[88.2966442864243,22.5464330102169],[88.2967415180543,22.5464322267867],[88.2967423619037,22.5465225352083],[88.2966451302145,22.5465233190827]]]},"properties": {
    "floor": "ground","fill-opacity":0,"stroke-opacity":1,"stroke":"#ff0000","ID":"31-193","REMARKS":"POLYGON ID-31","AREA":99.991}},
{"type":"Feature","geometry":{"type":"Polygon","coordinates":[[[88.2967423619037,22.5465225352083],[88.2967415180543,22.5464322267867],[88.29683874968,22.5464314432977],[88.2968395935884,22.5465217512752],[88.2967423619037,22.5465225352083]]]},"properties": {
    "floor": "ground","fill-opacity":0,"stroke-opacity":1,"stroke":"#ff0000","ID":"31-201","REMARKS":"POLYGON ID-31","AREA":99.991}},
{"type":"Feature","geometry":{"type":"Polygon","coordinates":[[[88.2950919511752,22.5468068023136],[88.2949947192233,22.5468075851998],[88.2949938764252,22.5467172687873],[88.2950911083139,22.5467164859046],[88.2950919511752,22.5468068023136]]]},"properties": {
    "floor": "ground","fill-opacity":0,"stroke-opacity":1,"stroke":"#ff0000","ID":"31-16","REMARKS":"POLYGON ID-31","AREA":100}},
{"type":"Feature","geometry":{"type":"Polygon","coordinates":[[[88.2950911083139,22.5467164859046],[88.2949938764252,22.5467172687873],[88.2949930336314,22.5466269523738],[88.2950902654568,22.5466261694946],[88.2950911083139,22.5467164859046]]]},"properties": {
    "floor": "ground","fill-opacity":0,"stroke-opacity":1,"stroke":"#ff0000","ID":"31-17","REMARKS":"POLYGON ID-31","AREA":100}},
{"type":"Feature","geometry":{"type":"Polygon","coordinates":[[[88.294896158307,22.5466659423349],[88.2948387874335,22.5466659529688],[88.2948648284968,22.5464462871765],[88.2948941163534,22.5464471023571],[88.2948949590754,22.5465374187762],[88.2948958018017,22.5466277351942],[88.294896158307,22.5466659423349]]]},"properties": {
    "floor": "ground","fill-opacity":0,"stroke-opacity":1,"stroke":"#ff0000","ID":"31-2","REMARKS":"POLYGON ID-31","AREA":108.228}},
{"type":"Feature","geometry":{"type":"Polygon","coordinates":[[[88.2948974872671,22.5468083680272],[88.2948983072082,22.5468962411747],[88.2948328229827,22.5467162651928],[88.2948387874335,22.5466659529688],[88.294896158307,22.5466659423349],[88.2948966445323,22.5467180516112],[88.2948974872671,22.5468083680272]]]},"properties": {
    "floor": "ground","fill-opacity":0,"stroke-opacity":1,"stroke":"#ff0000","ID":"31-1","REMARKS":"POLYGON ID-31","AREA":100.091}},
{"type":"Feature","geometry":{"type":"Polygon","coordinates":[[[88.2949955620257,22.5468979016112],[88.294899193662,22.5468986774889],[88.2948983072082,22.5468962411747],[88.2948974872671,22.5468083680272],[88.2949947192233,22.5468075851998],[88.2949955620257,22.5468979016112]]]},"properties": {
    "floor": "ground","fill-opacity":0,"stroke-opacity":1,"stroke":"#ff0000","ID":"31-5","REMARKS":"POLYGON ID-31","AREA":99.988}},
{"type":"Feature","geometry":{"type":"Polygon","coordinates":[[[88.2949930336314,22.5466269523738],[88.2948958018017,22.5466277351942],[88.2948949590754,22.5465374187762],[88.2949921908419,22.5465366359592],[88.2949930336314,22.5466269523738]]]},"properties": {
    "floor": "ground","fill-opacity":0,"stroke-opacity":1,"stroke":"#ff0000","ID":"31-8","REMARKS":"POLYGON ID-31","AREA":100}},
{"type":"Feature","geometry":{"type":"Polygon","coordinates":[[[88.2949921908419,22.5465366359592],[88.2948949590754,22.5465374187762],[88.2948941163534,22.5464471023571],[88.2949913480567,22.5464463195436],[88.2949921908419,22.5465366359592]]]},"properties": {
    "floor": "ground","fill-opacity":0,"stroke-opacity":1,"stroke":"#ff0000","ID":"31-9","REMARKS":"POLYGON ID-31","AREA":100}},
{"type":"Feature","geometry":{"type":"Polygon","coordinates":[[[88.2949947192233,22.5468075851998],[88.2948974872671,22.5468083680272],[88.2948966445323,22.5467180516112],[88.2949938764252,22.5467172687873],[88.2949947192233,22.5468075851998]]]},"properties": {
    "floor": "ground","fill-opacity":0,"stroke-opacity":1,"stroke":"#ff0000","ID":"31-6","REMARKS":"POLYGON ID-31","AREA":100}},
{"type":"Feature","geometry":{"type":"Polygon","coordinates":[[[88.2949938764252,22.5467172687873],[88.2948966445323,22.5467180516112],[88.294896158307,22.5466659423349],[88.2948958018017,22.5466277351942],[88.2949930336314,22.5466269523738],[88.2949938764252,22.5467172687873]]]},"properties": {
    "floor": "ground","fill-opacity":0,"stroke-opacity":1,"stroke":"#ff0000","ID":"31-7","REMARKS":"POLYGON ID-31","AREA":100}},
{"type":"Feature","geometry":{"type":"Polygon","coordinates":[[[88.2952872580583,22.5468955527661],[88.2951900260517,22.5468963357732],[88.2951891831228,22.5468060193687],[88.2952864150661,22.5468052363651],[88.2952872580583,22.5468955527661]]]},"properties": {
    "floor": "ground","fill-opacity":0,"stroke-opacity":1,"stroke":"#ff0000","ID":"31-35","REMARKS":"POLYGON ID-31","AREA":100}},
{"type":"Feature","geometry":{"type":"Polygon","coordinates":[[[88.2952847290948,22.5466246035599],[88.295187497278,22.5466253865566],[88.295186654362,22.546535070149],[88.2952838861156,22.5465342871558],[88.2952847290948,22.5466246035599]]]},"properties": {
    "floor": "ground","fill-opacity":0,"stroke-opacity":1,"stroke":"#ff0000","ID":"31-38","REMARKS":"POLYGON ID-31","AREA":100}},
{"type":"Feature","geometry":{"type":"Polygon","coordinates":[[[88.2952838861156,22.5465342871558],[88.295186654362,22.546535070149],[88.2951858114585,22.5464447546216],[88.295283043153,22.5464439720725],[88.2952838861156,22.5465342871558]]]},"properties": {
    "floor": "ground","fill-opacity":0,"stroke-opacity":1,"stroke":"#ff0000","ID":"31-39","REMARKS":"POLYGON ID-31","AREA":99.999}},
{"type":"Feature","geometry":{"type":"Polygon","coordinates":[[[88.2952864150661,22.5468052363651],[88.2951891831228,22.5468060193687],[88.2951883401983,22.5467157029632],[88.2952855720783,22.546714919963],[88.2952864150661,22.5468052363651]]]},"properties": {
    "floor": "ground","fill-opacity":0,"stroke-opacity":1,"stroke":"#ff0000","ID":"31-36","REMARKS":"POLYGON ID-31","AREA":100}},
{"type":"Feature","geometry":{"type":"Polygon","coordinates":[[[88.2952855720783,22.546714919963],[88.2951883401983,22.5467157029632],[88.295187497278,22.5466253865566],[88.2952847290948,22.5466246035599],[88.2952855720783,22.546714919963]]]},"properties": {
    "floor": "ground","fill-opacity":0,"stroke-opacity":1,"stroke":"#ff0000","ID":"31-37","REMARKS":"POLYGON ID-31","AREA":100}},
{"type":"Feature","geometry":{"type":"Polygon","coordinates":[[[88.2951900260517,22.5468963357732],[88.2950927940409,22.5468971187216],[88.2950919511752,22.5468068023136],[88.2951891831228,22.5468060193687],[88.2951900260517,22.5468963357732]]]},"properties": {
    "floor": "ground","fill-opacity":0,"stroke-opacity":1,"stroke":"#ff0000","ID":"31-24","REMARKS":"POLYGON ID-31","AREA":100}},
{"type":"Feature","geometry":{"type":"Polygon","coordinates":[[[88.295187497278,22.5466253865566],[88.2950902654568,22.5466261694946],[88.2950894226041,22.5465358530835],[88.295186654362,22.546535070149],[88.295187497278,22.5466253865566]]]},"properties": {
    "floor": "ground","fill-opacity":0,"stroke-opacity":1,"stroke":"#ff0000","ID":"31-27","REMARKS":"POLYGON ID-31","AREA":100}},
{"type":"Feature","geometry":{"type":"Polygon","coordinates":[[[88.295186654362,22.546535070149],[88.2950894226041,22.5465358530835],[88.2950885797598,22.546445537112],[88.2951858114585,22.5464447546216],[88.295186654362,22.546535070149]]]},"properties": {
    "floor": "ground","fill-opacity":0,"stroke-opacity":1,"stroke":"#ff0000","ID":"31-28","REMARKS":"POLYGON ID-31","AREA":99.999}},
{"type":"Feature","geometry":{"type":"Polygon","coordinates":[[[88.2951891831228,22.5468060193687],[88.2950919511752,22.5468068023136],[88.2950911083139,22.5467164859046],[88.2951883401983,22.5467157029632],[88.2951891831228,22.5468060193687]]]},"properties": {
    "floor": "ground","fill-opacity":0,"stroke-opacity":1,"stroke":"#ff0000","ID":"31-25","REMARKS":"POLYGON ID-31","AREA":100}},
{"type":"Feature","geometry":{"type":"Polygon","coordinates":[[[88.2951883401983,22.5467157029632],[88.2950911083139,22.5467164859046],[88.2950902654568,22.5466261694946],[88.295187497278,22.5466253865566],[88.2951883401983,22.5467157029632]]]},"properties": {
    "floor": "ground","fill-opacity":0,"stroke-opacity":1,"stroke":"#ff0000","ID":"31-26","REMARKS":"POLYGON ID-31","AREA":100}},
{"type":"Feature","geometry":{"type":"Polygon","coordinates":[[[88.2952864150661,22.5468052363651],[88.2953836470051,22.5468044533027],[88.2953844900605,22.5468947697002],[88.2952872580583,22.5468955527661],[88.2952864150661,22.5468052363651]]]},"properties": {
    "floor": "ground","fill-opacity":0,"stroke-opacity":1,"stroke":"#ff0000","ID":"31-46","REMARKS":"POLYGON ID-31","AREA":100}},
{"type":"Feature","geometry":{"type":"Polygon","coordinates":[[[88.2954791927156,22.5466230373903],[88.2953819609073,22.5466238205045],[88.2953811178649,22.5465335041038],[88.2954783496099,22.5465327209931],[88.2954791927156,22.5466230373903]]]},"properties": {
    "floor": "ground","fill-opacity":0,"stroke-opacity":1,"stroke":"#ff0000","ID":"31-59","REMARKS":"POLYGON ID-31","AREA":100}},
{"type":"Feature","geometry":{"type":"Polygon","coordinates":[[[88.2954783496099,22.5465327209931],[88.2953811178649,22.5465335041038],[88.2953802748432,22.5464431894646],[88.2954775065291,22.546442406798],[88.2954783496099,22.5465327209931]]]},"properties": {
    "floor": "ground","fill-opacity":0,"stroke-opacity":1,"stroke":"#ff0000","ID":"31-60","REMARKS":"POLYGON ID-31","AREA":99.998}},
{"type":"Feature","geometry":{"type":"Polygon","coordinates":[[[88.2954808789399,22.5468036701816],[88.2953836470051,22.5468044533027],[88.2953828039541,22.5467141369041],[88.2954800358256,22.5467133537864],[88.2954808789399,22.5468036701816]]]},"properties": {
    "floor": "ground","fill-opacity":0,"stroke-opacity":1,"stroke":"#ff0000","ID":"31-57","REMARKS":"POLYGON ID-31","AREA":100}},
{"type":"Feature","geometry":{"type":"Polygon","coordinates":[[[88.2954800358256,22.5467133537864],[88.2953828039541,22.5467141369041],[88.2953819609073,22.5466238205045],[88.2954791927156,22.5466230373903],[88.2954800358256,22.5467133537864]]]},"properties": {
    "floor": "ground","fill-opacity":0,"stroke-opacity":1,"stroke":"#ff0000","ID":"31-58","REMARKS":"POLYGON ID-31","AREA":100}},
{"type":"Feature","geometry":{"type":"Polygon","coordinates":[[[88.2953819609073,22.5466238205045],[88.2952847290948,22.5466246035599],[88.2952838861156,22.5465342871558],[88.2953811178649,22.5465335041038],[88.2953819609073,22.5466238205045]]]},"properties": {
    "floor": "ground","fill-opacity":0,"stroke-opacity":1,"stroke":"#ff0000","ID":"31-49","REMARKS":"POLYGON ID-31","AREA":100}},
{"type":"Feature","geometry":{"type":"Polygon","coordinates":[[[88.2953811178649,22.5465335041038],[88.2952838861156,22.5465342871558],[88.295283043153,22.5464439720725],[88.2953802748432,22.5464431894646],[88.2953811178649,22.5465335041038]]]},"properties": {
    "floor": "ground","fill-opacity":0,"stroke-opacity":1,"stroke":"#ff0000","ID":"31-50","REMARKS":"POLYGON ID-31","AREA":99.998}},
{"type":"Feature","geometry":{"type":"Polygon","coordinates":[[[88.2953836470051,22.5468044533027],[88.2952864150661,22.5468052363651],[88.2952855720783,22.546714919963],[88.2953828039541,22.5467141369041],[88.2953836470051,22.5468044533027]]]},"properties": {
    "floor": "ground","fill-opacity":0,"stroke-opacity":1,"stroke":"#ff0000","ID":"31-47","REMARKS":"POLYGON ID-31","AREA":100}},
{"type":"Feature","geometry":{"type":"Polygon","coordinates":[[[88.2953828039541,22.5467141369041],[88.2952855720783,22.546714919963],[88.2952847290948,22.5466246035599],[88.2953819609073,22.5466238205045],[88.2953828039541,22.5467141369041]]]},"properties": {
    "floor": "ground","fill-opacity":0,"stroke-opacity":1,"stroke":"#ff0000","ID":"31-48","REMARKS":"POLYGON ID-31","AREA":100}},
{"type":"Feature","geometry":{"type":"Polygon","coordinates":[[[88.2956736563192,22.5466214709857],[88.2955764245195,22.5466222542174],[88.2955755813506,22.5465319378236],[88.295672813087,22.5465311545955],[88.2956736563192,22.5466214709857]]]},"properties": {
    "floor": "ground","fill-opacity":0,"stroke-opacity":1,"stroke":"#ff0000","ID":"31-81","REMARKS":"POLYGON ID-31","AREA":100}},
{"type":"Feature","geometry":{"type":"Polygon","coordinates":[[[88.295672813087,22.5465311545955],[88.2955755813506,22.5465319378236],[88.2955747382107,22.5464416240727],[88.2956719698879,22.5464408412886],[88.295672813087,22.5465311545955]]]},"properties": {
    "floor": "ground","fill-opacity":0,"stroke-opacity":1,"stroke":"#ff0000","ID":"31-82","REMARKS":"POLYGON ID-31","AREA":99.997}},
{"type":"Feature","geometry":{"type":"Polygon","coordinates":[[[88.2956753427964,22.5468021037631],[88.2955781108703,22.5468028870017],[88.2955772676927,22.54671257061],[88.2956744995556,22.5467117873749],[88.2956753427964,22.5468021037631]]]},"properties": {
    "floor": "ground","fill-opacity":0,"stroke-opacity":1,"stroke":"#ff0000","ID":"31-79","REMARKS":"POLYGON ID-31","AREA":100}},
{"type":"Feature","geometry":{"type":"Polygon","coordinates":[[[88.2956744995556,22.5467117873749],[88.2955772676927,22.54671257061],[88.2955764245195,22.5466222542174],[88.2956736563192,22.5466214709857],[88.2956744995556,22.5467117873749]]]},"properties": {
    "floor": "ground","fill-opacity":0,"stroke-opacity":1,"stroke":"#ff0000","ID":"31-80","REMARKS":"POLYGON ID-31","AREA":100}},
{"type":"Feature","geometry":{"type":"Polygon","coordinates":[[[88.2955764245195,22.5466222542174],[88.2954791927156,22.5466230373903],[88.2954783496099,22.5465327209931],[88.2955755813506,22.5465319378236],[88.2955764245195,22.5466222542174]]]},"properties": {
    "floor": "ground","fill-opacity":0,"stroke-opacity":1,"stroke":"#ff0000","ID":"31-70","REMARKS":"POLYGON ID-31","AREA":100}},
{"type":"Feature","geometry":{"type":"Polygon","coordinates":[[[88.2955755813506,22.5465319378236],[88.2954783496099,22.5465327209931],[88.2954775065291,22.546442406798],[88.2955747382107,22.5464416240727],[88.2955755813506,22.5465319378236]]]},"properties": {
    "floor": "ground","fill-opacity":0,"stroke-opacity":1,"stroke":"#ff0000","ID":"31-71","REMARKS":"POLYGON ID-31","AREA":99.997}},
{"type":"Feature","geometry":{"type":"Polygon","coordinates":[[[88.2955781108703,22.5468028870017],[88.2954808789399,22.5468036701816],[88.2954800358256,22.5467133537864],[88.2955772676927,22.54671257061],[88.2955781108703,22.5468028870017]]]},"properties": {
    "floor": "ground","fill-opacity":0,"stroke-opacity":1,"stroke":"#ff0000","ID":"31-68","REMARKS":"POLYGON ID-31","AREA":100}},
{"type":"Feature","geometry":{"type":"Polygon","coordinates":[[[88.2955772676927,22.54671257061],[88.2954800358256,22.5467133537864],[88.2954791927156,22.5466230373903],[88.2955764245195,22.5466222542174],[88.2955772676927,22.54671257061]]]},"properties": {
    "floor": "ground","fill-opacity":0,"stroke-opacity":1,"stroke":"#ff0000","ID":"31-69","REMARKS":"POLYGON ID-31","AREA":100}},
{"type":"Feature","geometry":{"type":"Polygon","coordinates":[[[88.2958681199055,22.5466199043461],[88.2957708881145,22.5466206876953],[88.2957700448191,22.5465303713085],[88.2958672765469,22.5465295879628],[88.2958681199055,22.5466199043461]]]},"properties": {
    "floor": "ground","fill-opacity":0,"stroke-opacity":1,"stroke":"#ff0000","ID":"31-103","REMARKS":"POLYGON ID-31","AREA":100}},
{"type":"Feature","geometry":{"type":"Polygon","coordinates":[[[88.2958672765469,22.5465295879628],[88.2957700448191,22.5465303713085],[88.2957692015609,22.5464400584458],[88.2958664332296,22.5464392755442],[88.2958672765469,22.5465295879628]]]},"properties": {
    "floor": "ground","fill-opacity":0,"stroke-opacity":1,"stroke":"#ff0000","ID":"31-104","REMARKS":"POLYGON ID-31","AREA":99.996}},
{"type":"Feature","geometry":{"type":"Polygon","coordinates":[[[88.2958698066357,22.5468005371096],[88.2957725747182,22.5468013204657],[88.2957717314142,22.546711004081],[88.2958689632685,22.5467102207284],[88.2958698066357,22.5468005371096]]]},"properties": {
    "floor": "ground","fill-opacity":0,"stroke-opacity":1,"stroke":"#ff0000","ID":"31-101","REMARKS":"POLYGON ID-31","AREA":100}},
{"type":"Feature","geometry":{"type":"Polygon","coordinates":[[[88.2958689632685,22.5467102207284],[88.2957717314142,22.546711004081],[88.2957708881145,22.5466206876953],[88.2958681199055,22.5466199043461],[88.2958689632685,22.5467102207284]]]},"properties": {
    "floor": "ground","fill-opacity":0,"stroke-opacity":1,"stroke":"#ff0000","ID":"31-102","REMARKS":"POLYGON ID-31","AREA":100}},
{"type":"Feature","geometry":{"type":"Polygon","coordinates":[[[88.2957708881145,22.5466206876953],[88.2956736563192,22.5466214709857],[88.295672813087,22.5465311545955],[88.2957700448191,22.5465303713085],[88.2957708881145,22.5466206876953]]]},"properties": {
    "floor": "ground","fill-opacity":0,"stroke-opacity":1,"stroke":"#ff0000","ID":"31-92","REMARKS":"POLYGON ID-31","AREA":100}},
{"type":"Feature","geometry":{"type":"Polygon","coordinates":[[[88.2957700448191,22.5465303713085],[88.295672813087,22.5465311545955],[88.2956719698879,22.5464408412886],[88.2957692015609,22.5464400584458],[88.2957700448191,22.5465303713085]]]},"properties": {
    "floor": "ground","fill-opacity":0,"stroke-opacity":1,"stroke":"#ff0000","ID":"31-93","REMARKS":"POLYGON ID-31","AREA":99.996}},
{"type":"Feature","geometry":{"type":"Polygon","coordinates":[[[88.2957725747182,22.5468013204657],[88.2956753427964,22.5468021037631],[88.2956744995556,22.5467117873749],[88.2957717314142,22.546711004081],[88.2957725747182,22.5468013204657]]]},"properties": {
    "floor": "ground","fill-opacity":0,"stroke-opacity":1,"stroke":"#ff0000","ID":"31-90","REMARKS":"POLYGON ID-31","AREA":100}},
{"type":"Feature","geometry":{"type":"Polygon","coordinates":[[[88.2957717314142,22.546711004081],[88.2956744995556,22.5467117873749],[88.2956736563192,22.5466214709857],[88.2957708881145,22.5466206876953],[88.2957717314142,22.546711004081]]]},"properties": {
    "floor": "ground","fill-opacity":0,"stroke-opacity":1,"stroke":"#ff0000","ID":"31-91","REMARKS":"POLYGON ID-31","AREA":100}},
{"type":"Feature","geometry":{"type":"Polygon","coordinates":[[[88.2960625834747,22.5466183374716],[88.2959653516923,22.5466191209382],[88.2959645082704,22.5465288045584],[88.2960617399896,22.5465280210953],[88.2960625834747,22.5466183374716]]]},"properties": {
    "floor": "ground","fill-opacity":0,"stroke-opacity":1,"stroke":"#ff0000","ID":"31-123","REMARKS":"POLYGON ID-31","AREA":100}},
{"type":"Feature","geometry":{"type":"Polygon","coordinates":[[[88.2960617399896,22.5465280210953],[88.2959645082704,22.5465288045584],[88.295963664894,22.5464384925839],[88.2960608965541,22.5464377095648],[88.2960617399896,22.5465280210953]]]},"properties": {
    "floor": "ground","fill-opacity":0,"stroke-opacity":1,"stroke":"#ff0000","ID":"31-124","REMARKS":"POLYGON ID-31","AREA":99.995}},
{"type":"Feature","geometry":{"type":"Polygon","coordinates":[[[88.2960642704578,22.5467989702212],[88.2959670385489,22.5467997536948],[88.2959661951185,22.546709437317],[88.2960634269641,22.5467086538469],[88.2960642704578,22.5467989702212]]]},"properties": {
    "floor": "ground","fill-opacity":0,"stroke-opacity":1,"stroke":"#ff0000","ID":"31-121","REMARKS":"POLYGON ID-31","AREA":100}},
{"type":"Feature","geometry":{"type":"Polygon","coordinates":[[[88.2960634269641,22.5467086538469],[88.2959661951185,22.546709437317],[88.2959653516923,22.5466191209382],[88.2960625834747,22.5466183374716],[88.2960634269641,22.5467086538469]]]},"properties": {
    "floor": "ground","fill-opacity":0,"stroke-opacity":1,"stroke":"#ff0000","ID":"31-122","REMARKS":"POLYGON ID-31","AREA":100}},
{"type":"Feature","geometry":{"type":"Polygon","coordinates":[[[88.2959653516923,22.5466191209382],[88.2958681199055,22.5466199043461],[88.2958672765469,22.5465295879628],[88.2959645082704,22.5465288045584],[88.2959653516923,22.5466191209382]]]},"properties": {
    "floor": "ground","fill-opacity":0,"stroke-opacity":1,"stroke":"#ff0000","ID":"31-114","REMARKS":"POLYGON ID-31","AREA":100}},
{"type":"Feature","geometry":{"type":"Polygon","coordinates":[[[88.2959645082704,22.5465288045584],[88.2958672765469,22.5465295879628],[88.2958664332296,22.5464392755442],[88.295963664894,22.5464384925839],[88.2959645082704,22.5465288045584]]]},"properties": {
    "floor": "ground","fill-opacity":0,"stroke-opacity":1,"stroke":"#ff0000","ID":"31-115","REMARKS":"POLYGON ID-31","AREA":99.995}},
{"type":"Feature","geometry":{"type":"Polygon","coordinates":[[[88.2959670385489,22.5467997536948],[88.2958698066357,22.5468005371096],[88.2958689632685,22.5467102207284],[88.2959661951185,22.546709437317],[88.2959670385489,22.5467997536948]]]},"properties": {
    "floor": "ground","fill-opacity":0,"stroke-opacity":1,"stroke":"#ff0000","ID":"31-112","REMARKS":"POLYGON ID-31","AREA":100}},
{"type":"Feature","geometry":{"type":"Polygon","coordinates":[[[88.2959661951185,22.546709437317],[88.2958689632685,22.5467102207284],[88.2958681199055,22.5466199043461],[88.2959653516923,22.5466191209382],[88.2959661951185,22.546709437317]]]},"properties": {
    "floor": "ground","fill-opacity":0,"stroke-opacity":1,"stroke":"#ff0000","ID":"31-113","REMARKS":"POLYGON ID-31","AREA":100}},
{"type":"Feature","geometry":{"type":"Polygon","coordinates":[[[88.2962570470267,22.5466167703621],[88.2961598152529,22.5466175539462],[88.2961589717045,22.5465272375734],[88.2962562034151,22.5465264539927],[88.2962570470267,22.5466167703621]]]},"properties": {
    "floor": "ground","fill-opacity":0,"stroke-opacity":1,"stroke":"#ff0000","ID":"31-141","REMARKS":"POLYGON ID-31","AREA":100}},
{"type":"Feature","geometry":{"type":"Polygon","coordinates":[[[88.2962562034151,22.5465264539927],[88.2961589717045,22.5465272375734],[88.2961581282099,22.546436926487],[88.2962553598614,22.5464361433505],[88.2962562034151,22.5465264539927]]]},"properties": {
    "floor": "ground","fill-opacity":0,"stroke-opacity":1,"stroke":"#ff0000","ID":"31-142","REMARKS":"POLYGON ID-31","AREA":99.994}},
{"type":"Feature","geometry":{"type":"Polygon","coordinates":[[[88.2962587342628,22.5467974030978],[88.2961615023625,22.5467981866888],[88.2961606588055,22.5467078703181],[88.2962578906426,22.5467070867304],[88.2962587342628,22.5467974030978]]]},"properties": {
    "floor": "ground","fill-opacity":0,"stroke-opacity":1,"stroke":"#ff0000","ID":"31-139","REMARKS":"POLYGON ID-31","AREA":100}},
{"type":"Feature","geometry":{"type":"Polygon","coordinates":[[[88.2962578906426,22.5467070867304],[88.2961606588055,22.5467078703181],[88.2961598152529,22.5466175539462],[88.2962570470267,22.5466167703621],[88.2962578906426,22.5467070867304]]]},"properties": {
    "floor": "ground","fill-opacity":0,"stroke-opacity":1,"stroke":"#ff0000","ID":"31-140","REMARKS":"POLYGON ID-31","AREA":100}},
{"type":"Feature","geometry":{"type":"Polygon","coordinates":[[[88.2961598152529,22.5466175539462],[88.2960625834747,22.5466183374716],[88.2960617399896,22.5465280210953],[88.2961589717045,22.5465272375734],[88.2961598152529,22.5466175539462]]]},"properties": {
    "floor": "ground","fill-opacity":0,"stroke-opacity":1,"stroke":"#ff0000","ID":"31-130","REMARKS":"POLYGON ID-31","AREA":100}},
{"type":"Feature","geometry":{"type":"Polygon","coordinates":[[[88.2961589717045,22.5465272375734],[88.2960617399896,22.5465280210953],[88.2960608965541,22.5464377095648],[88.2961581282099,22.546436926487],[88.2961589717045,22.5465272375734]]]},"properties": {
    "floor": "ground","fill-opacity":0,"stroke-opacity":1,"stroke":"#ff0000","ID":"31-131","REMARKS":"POLYGON ID-31","AREA":99.994}},
{"type":"Feature","geometry":{"type":"Polygon","coordinates":[[[88.2961615023625,22.5467981866888],[88.2960642704578,22.5467989702212],[88.2960634269641,22.5467086538469],[88.2961606588055,22.5467078703181],[88.2961615023625,22.5467981866888]]]},"properties": {
    "floor": "ground","fill-opacity":0,"stroke-opacity":1,"stroke":"#ff0000","ID":"31-128","REMARKS":"POLYGON ID-31","AREA":100}},
{"type":"Feature","geometry":{"type":"Polygon","coordinates":[[[88.2961606588055,22.5467078703181],[88.2960634269641,22.5467086538469],[88.2960625834747,22.5466183374716],[88.2961598152529,22.5466175539462],[88.2961606588055,22.5467078703181]]]},"properties": {
    "floor": "ground","fill-opacity":0,"stroke-opacity":1,"stroke":"#ff0000","ID":"31-129","REMARKS":"POLYGON ID-31","AREA":100}},
{"type":"Feature","geometry":{"type":"Polygon","coordinates":[[[88.2965478985211,22.5465241028983],[88.2966451302145,22.5465233190827],[88.2966459740791,22.5466136354382],[88.2965487423224,22.5466144192573],[88.2965478985211,22.5465241028983]]]},"properties": {
    "floor": "ground","fill-opacity":0,"stroke-opacity":1,"stroke":"#ff0000","ID":"31-184","REMARKS":"POLYGON ID-31","AREA":100}},
{"type":"Feature","geometry":{"type":"Polygon","coordinates":[[[88.29654705479,22.5464337935884],[88.2966442864243,22.5464330102169],[88.2966451302145,22.5465233190827],[88.2965478985211,22.5465241028983],[88.29654705479,22.5464337935884]]]},"properties": {
    "floor": "ground","fill-opacity":0,"stroke-opacity":1,"stroke":"#ff0000","ID":"31-185","REMARKS":"POLYGON ID-31","AREA":99.992}},
{"type":"Feature","geometry":{"type":"Polygon","coordinates":[[[88.296549586128,22.5467047356152],[88.2966468179479,22.5467039517926],[88.296647661821,22.546794268146],[88.2965504299379,22.5467950519721],[88.296549586128,22.5467047356152]]]},"properties": {
    "floor": "ground","fill-opacity":0,"stroke-opacity":1,"stroke":"#ff0000","ID":"31-182","REMARKS":"POLYGON ID-31","AREA":100}},
{"type":"Feature","geometry":{"type":"Polygon","coordinates":[[[88.2965487423224,22.5466144192573],[88.2966459740791,22.5466136354382],[88.2966468179479,22.5467039517926],[88.296549586128,22.5467047356152],[88.2965487423224,22.5466144192573]]]},"properties": {
    "floor": "ground","fill-opacity":0,"stroke-opacity":1,"stroke":"#ff0000","ID":"31-183","REMARKS":"POLYGON ID-31","AREA":100}},
{"type":"Feature","geometry":{"type":"Polygon","coordinates":[[[88.2963542787963,22.5466159867192],[88.2962570470267,22.5466167703621],[88.2962562034151,22.5465264539927],[88.2963534351214,22.5465256703533],[88.2963542787963,22.5466159867192]]]},"properties": {
    "floor": "ground","fill-opacity":0,"stroke-opacity":1,"stroke":"#ff0000","ID":"31-153","REMARKS":"POLYGON ID-31","AREA":100}},
{"type":"Feature","geometry":{"type":"Polygon","coordinates":[[[88.2963534351214,22.5465256703533],[88.2962562034151,22.5465264539927],[88.2962553598614,22.5464361433505],[88.2963525915086,22.5464353601552],[88.2963534351214,22.5465256703533]]]},"properties": {
    "floor": "ground","fill-opacity":0,"stroke-opacity":1,"stroke":"#ff0000","ID":"31-154","REMARKS":"POLYGON ID-31","AREA":99.993}},
{"type":"Feature","geometry":{"type":"Polygon","coordinates":[[[88.2963559661588,22.5467966194479],[88.2962587342628,22.5467974030978],[88.2962578906426,22.5467070867304],[88.2963551224754,22.5467063030841],[88.2963559661588,22.5467966194479]]]},"properties": {
    "floor": "ground","fill-opacity":0,"stroke-opacity":1,"stroke":"#ff0000","ID":"31-151","REMARKS":"POLYGON ID-31","AREA":100}},
{"type":"Feature","geometry":{"type":"Polygon","coordinates":[[[88.2963551224754,22.5467063030841],[88.2962578906426,22.5467070867304],[88.2962570470267,22.5466167703621],[88.2963542787963,22.5466159867192],[88.2963551224754,22.5467063030841]]]},"properties": {
    "floor": "ground","fill-opacity":0,"stroke-opacity":1,"stroke":"#ff0000","ID":"31-152","REMARKS":"POLYGON ID-31","AREA":100}},
{"type":"Feature","geometry":{"type":"Polygon","coordinates":[[[88.2964515105615,22.5466152030176],[88.2963542787963,22.5466159867192],[88.2963534351214,22.5465256703533],[88.2964506668234,22.5465248866552],[88.2964515105615,22.5466152030176]]]},"properties": {
    "floor": "ground","fill-opacity":0,"stroke-opacity":1,"stroke":"#ff0000","ID":"31-164","REMARKS":"POLYGON ID-31","AREA":100}},
{"type":"Feature","geometry":{"type":"Polygon","coordinates":[[[88.2964506668234,22.5465248866552],[88.2963534351214,22.5465256703533],[88.2963525915086,22.5464353601552],[88.2964498231514,22.5464345769012],[88.2964506668234,22.5465248866552]]]},"properties": {
    "floor": "ground","fill-opacity":0,"stroke-opacity":1,"stroke":"#ff0000","ID":"31-165","REMARKS":"POLYGON ID-31","AREA":99.993}},
{"type":"Feature","geometry":{"type":"Polygon","coordinates":[[[88.2964531980505,22.5467958357394],[88.2963559661588,22.5467966194479],[88.2963551224754,22.5467063030841],[88.2964523543038,22.546705519379],[88.2964531980505,22.5467958357394]]]},"properties": {
    "floor": "ground","fill-opacity":0,"stroke-opacity":1,"stroke":"#ff0000","ID":"31-162","REMARKS":"POLYGON ID-31","AREA":100}},
{"type":"Feature","geometry":{"type":"Polygon","coordinates":[[[88.2964523543038,22.546705519379],[88.2963551224754,22.5467063030841],[88.2963542787963,22.5466159867192],[88.2964515105615,22.5466152030176],[88.2964523543038,22.546705519379]]]},"properties": {
    "floor": "ground","fill-opacity":0,"stroke-opacity":1,"stroke":"#ff0000","ID":"31-163","REMARKS":"POLYGON ID-31","AREA":100}},
{"type":"Feature","geometry":{"type":"Polygon","coordinates":[[[88.2965487423224,22.5466144192573],[88.2964515105615,22.5466152030176],[88.2964506668234,22.5465248866552],[88.2965478985211,22.5465241028983],[88.2965487423224,22.5466144192573]]]},"properties": {
    "floor": "ground","fill-opacity":0,"stroke-opacity":1,"stroke":"#ff0000","ID":"31-175","REMARKS":"POLYGON ID-31","AREA":100}},
{"type":"Feature","geometry":{"type":"Polygon","coordinates":[[[88.2965478985211,22.5465241028983],[88.2964506668234,22.5465248866552],[88.2964498231514,22.5464345769012],[88.29654705479,22.5464337935884],[88.2965478985211,22.5465241028983]]]},"properties": {
    "floor": "ground","fill-opacity":0,"stroke-opacity":1,"stroke":"#ff0000","ID":"31-176","REMARKS":"POLYGON ID-31","AREA":99.992}},
{"type":"Feature","geometry":{"type":"Polygon","coordinates":[[[88.296549586128,22.5467047356152],[88.2964523543038,22.546705519379],[88.2964515105615,22.5466152030176],[88.2965487423224,22.5466144192573],[88.296549586128,22.5467047356152]]]},"properties": {
    "floor": "ground","fill-opacity":0,"stroke-opacity":1,"stroke":"#ff0000","ID":"31-174","REMARKS":"POLYGON ID-31","AREA":100}},
{"type":"Feature","geometry":{"type":"Polygon","coordinates":[[[88.2965504299379,22.5467950519721],[88.2964531980505,22.5467958357394],[88.2964523543038,22.546705519379],[88.296549586128,22.5467047356152],[88.2965504299379,22.5467950519721]]]},"properties": {
    "floor": "ground","fill-opacity":0,"stroke-opacity":1,"stroke":"#ff0000","ID":"31-173","REMARKS":"POLYGON ID-31","AREA":100}},
{"type":"Feature","geometry":{"type":"Polygon","coordinates":[[[88.2949913480567,22.5464463195436],[88.2948941163534,22.5464471023571],[88.2948648284968,22.5464462871765],[88.2948660286635,22.5464361633223],[88.294907890282,22.5463891677404],[88.294904095621,22.5463574685919],[88.2949905052758,22.5463560031269],[88.2949913480567,22.5464463195436]]]},"properties": {
    "floor": "ground","fill-opacity":0,"stroke-opacity":1,"stroke":"#ff0000","ID":"31-10","REMARKS":"POLYGON ID-31","AREA":102.091}},
{"type":"Feature","geometry":{"type":"Polygon","coordinates":[[[88.2975109267756,22.5455227824638],[88.2975100823936,22.5454324661271],[88.2974166452365,22.545433219829],[88.2974866203332,22.5454092163809],[88.2975552044781,22.5453921724839],[88.2975935957683,22.5455221155745],[88.2975109267756,22.5455227824638]]]},"properties": {
    "floor": "ground","fill-opacity":0,"stroke-opacity":1,"stroke":"#ff0000","ID":"31-273","REMARKS":"POLYGON ID-31","AREA":108.524}},
{"type":"Feature","geometry":{"type":"Polygon","coordinates":[[[88.2962525248271,22.5461455345342],[88.2964465622907,22.5460749432191],[88.2964838287397,22.5461633266934],[88.2964472919143,22.546163621195],[88.2963500604652,22.5461644048792],[88.2962528290118,22.5461651885047],[88.2962525248271,22.5461455345342]]]},"properties": {
    "floor": "ground","fill-opacity":0,"stroke-opacity":1,"stroke":"#ff0000","ID":"31-169","REMARKS":"POLYGON ID-31","AREA":138.467}},
{"type":"Feature","geometry":{"type":"Polygon","coordinates":[[[88.2973206861952,22.5459759327198],[88.2974179174748,22.5459751484551],[88.2974187618194,22.546065464789],[88.2973215304766,22.5460662490572],[88.2973206861952,22.5459759327198]]]},"properties": {
    "floor": "ground","fill-opacity":0,"stroke-opacity":1,"stroke":"#ff0000","ID":"31-252","REMARKS":"POLYGON ID-31","AREA":100}},
{"type":"Feature","geometry":{"type":"Polygon","coordinates":[[[88.2971236911844,22.5457065520336],[88.2971230033824,22.5456329624525],[88.2971391317904,22.5456161043586],[88.2972200779755,22.545615440163],[88.2972209222829,22.5457057678968],[88.2971236911844,22.5457065520336]]]},"properties": {
    "floor": "ground","fill-opacity":0,"stroke-opacity":1,"stroke":"#ff0000","ID":"31-241","REMARKS":"POLYGON ID-31","AREA":98.454}},
{"type":"Feature","geometry":{"type":"Polygon","coordinates":[[[88.2975126155525,22.5457034151341],[88.2974153844669,22.5457041994471],[88.2974145397773,22.5456138443602],[88.297511733345,22.545613046677],[88.2975117711619,22.5456130987995],[88.2975126155525,22.5457034151341]]]},"properties": {
    "floor": "ground","fill-opacity":0,"stroke-opacity":1,"stroke":"#ff0000","ID":"31-264","REMARKS":"POLYGON ID-31","AREA":100.05}},
{"type":"Feature","geometry":{"type":"Polygon","coordinates":[[[88.2970281482434,22.5458879688125],[88.2969309170098,22.5458887528388],[88.296930719053,22.5458662339732],[88.2968998109407,22.545866252059],[88.2970267116335,22.5457336105438],[88.2970273076688,22.5457976524343],[88.2970281482434,22.5458879688125]]]},"properties": {
    "floor": "ground","fill-opacity":0,"stroke-opacity":1,"stroke":"#ff0000","ID":"31-223","REMARKS":"POLYGON ID-31","AREA":121.238}},
{"type":"Feature","geometry":{"type":"Polygon","coordinates":[[[88.2971245353263,22.5457968683811],[88.2972217664881,22.5457960842408],[88.2972226106976,22.5458864005838],[88.2971253794726,22.5458871847275],[88.2971245353263,22.5457968683811]]]},"properties": {
    "floor": "ground","fill-opacity":0,"stroke-opacity":1,"stroke":"#ff0000","ID":"31-239","REMARKS":"POLYGON ID-31","AREA":100}},
{"type":"Feature","geometry":{"type":"Polygon","coordinates":[[[88.2975143043466,22.5458840478002],[88.2974170731345,22.5458848321201],[88.2974162287986,22.5457945157841],[88.2975134599474,22.5457937314677],[88.2975143043466,22.5458840478002]]]},"properties": {
    "floor": "ground","fill-opacity":0,"stroke-opacity":1,"stroke":"#ff0000","ID":"31-262","REMARKS":"POLYGON ID-31","AREA":100}},
{"type":"Feature","geometry":{"type":"Polygon","coordinates":[[[88.2971245353263,22.5457968683811],[88.2970273076688,22.5457976524343],[88.2970267116335,22.5457336105438],[88.2971230033824,22.5456329624525],[88.2971236911844,22.5457065520336],[88.2971245353263,22.5457968683811]]]},"properties": {
    "floor": "ground","fill-opacity":0,"stroke-opacity":1,"stroke":"#ff0000","ID":"31-232","REMARKS":"POLYGON ID-31","AREA":126.187}},
{"type":"Feature","geometry":{"type":"Polygon","coordinates":[[[88.2972209222829,22.5457057678968],[88.2972217664881,22.5457960842408],[88.2971245353263,22.5457968683811],[88.2971236911844,22.5457065520336],[88.2972209222829,22.5457057678968]]]},"properties": {
    "floor": "ground","fill-opacity":0,"stroke-opacity":1,"stroke":"#ff0000","ID":"31-240","REMARKS":"POLYGON ID-31","AREA":100}},
{"type":"Feature","geometry":{"type":"Polygon","coordinates":[[[88.2975134599474,22.5457937314677],[88.2974162287986,22.5457945157841],[88.2974153844669,22.5457041994471],[88.2975126155525,22.5457034151341],[88.2975134599474,22.5457937314677]]]},"properties": {
    "floor": "ground","fill-opacity":0,"stroke-opacity":1,"stroke":"#ff0000","ID":"31-263","REMARKS":"POLYGON ID-31","AREA":100}},
{"type":"Feature","geometry":{"type":"Polygon","coordinates":[[[88.2974136958165,22.5455235667699],[88.2974128633394,22.5454345171262],[88.2974166452365,22.545433219829],[88.2975100823936,22.5454324661271],[88.2975109267756,22.5455227824638],[88.2974136958165,22.5455235667699]]]},"properties": {
    "floor": "ground","fill-opacity":0,"stroke-opacity":1,"stroke":"#ff0000","ID":"31-266","REMARKS":"POLYGON ID-31","AREA":99.973}},
{"type":"Feature","geometry":{"type":"Polygon","coordinates":[[[88.2973173088786,22.5456146422909],[88.2974145397773,22.5456138443602],[88.2974153844669,22.5457041994471],[88.297318153377,22.5457049837013],[88.2973173088786,22.5456146422909]]]},"properties": {
    "floor": "ground","fill-opacity":0,"stroke-opacity":1,"stroke":"#ff0000","ID":"31-256","REMARKS":"POLYGON ID-31","AREA":100.035}},
{"type":"Feature","geometry":{"type":"Polygon","coordinates":[[[88.2973189976455,22.5457953000419],[88.2974162287986,22.5457945157841],[88.2974170731345,22.5458848321201],[88.2973198419182,22.5458856163814],[88.2973189976455,22.5457953000419]]]},"properties": {
    "floor": "ground","fill-opacity":0,"stroke-opacity":1,"stroke":"#ff0000","ID":"31-254","REMARKS":"POLYGON ID-31","AREA":100}},
{"type":"Feature","geometry":{"type":"Polygon","coordinates":[[[88.297318153377,22.5457049837013],[88.2974153844669,22.5457041994471],[88.2974162287986,22.5457945157841],[88.2973189976455,22.5457953000419],[88.297318153377,22.5457049837013]]]},"properties": {
    "floor": "ground","fill-opacity":0,"stroke-opacity":1,"stroke":"#ff0000","ID":"31-255","REMARKS":"POLYGON ID-31","AREA":100}},
{"type":"Feature","geometry":{"type":"Polygon","coordinates":[[[88.2972262172246,22.5455250788855],[88.2972748475764,22.5454742482623],[88.2973846802492,22.5454441847159],[88.2974128633394,22.5454345171262],[88.2974136958165,22.5455235667699],[88.2973164648531,22.5455243510171],[88.2972262172246,22.5455250788855]]]},"properties": {
    "floor": "ground","fill-opacity":0,"stroke-opacity":1,"stroke":"#ff0000","ID":"31-258","REMARKS":"POLYGON ID-31","AREA":122.776}},
{"type":"Feature","geometry":{"type":"Polygon","coordinates":[[[88.297511733345,22.545613046677],[88.2975117706717,22.5456130463707],[88.2976089795507,22.5456122485031],[88.2976090021799,22.5456123144312],[88.2976098466337,22.5457026307624],[88.2975126155525,22.5457034151341],[88.2975117711619,22.5456130987995],[88.297511733345,22.545613046677]]]},"properties": {
    "floor": "ground","fill-opacity":0,"stroke-opacity":1,"stroke":"#ff0000","ID":"31-271","REMARKS":"POLYGON ID-31","AREA":100.066}},
{"type":"Feature","geometry":{"type":"Polygon","coordinates":[[[88.2975134599474,22.5457937314677],[88.2976106910919,22.5457929470925],[88.2976115355543,22.5458832634215],[88.2975143043466,22.5458840478002],[88.2975134599474,22.5457937314677]]]},"properties": {
    "floor": "ground","fill-opacity":0,"stroke-opacity":1,"stroke":"#ff0000","ID":"31-269","REMARKS":"POLYGON ID-31","AREA":100}},
{"type":"Feature","geometry":{"type":"Polygon","coordinates":[[[88.2975126155525,22.5457034151341],[88.2976098466337,22.5457026307624],[88.2976106910919,22.5457929470925],[88.2975134599474,22.5457937314677],[88.2975126155525,22.5457034151341]]]},"properties": {
    "floor": "ground","fill-opacity":0,"stroke-opacity":1,"stroke":"#ff0000","ID":"31-270","REMARKS":"POLYGON ID-31","AREA":100}},
{"type":"Feature","geometry":{"type":"Polygon","coordinates":[[[88.2975935957683,22.5455221155745],[88.2976201981101,22.54561215642],[88.2976089795507,22.5456122485031],[88.2975117706717,22.5456130463707],[88.2975109267756,22.5455227824638],[88.2975935957683,22.5455221155745]]]},"properties": {
    "floor": "ground","fill-opacity":0,"stroke-opacity":1,"stroke":"#ff0000","ID":"31-272","REMARKS":"POLYGON ID-31","AREA":98.205}},
{"type":"Feature","geometry":{"type":"Polygon","coordinates":[[[88.2975109267756,22.5455227824638],[88.2975117706717,22.5456130463707],[88.297511733345,22.545613046677],[88.2974145397773,22.5456138443602],[88.2974136958165,22.5455235667699],[88.2975109267756,22.5455227824638]]]},"properties": {
    "floor": "ground","fill-opacity":0,"stroke-opacity":1,"stroke":"#ff0000","ID":"31-265","REMARKS":"POLYGON ID-31","AREA":99.95}},
{"type":"Feature","geometry":{"type":"Polygon","coordinates":[[[88.2973164648531,22.5455243510171],[88.2974136958165,22.5455235667699],[88.2974145397773,22.5456138443602],[88.2973173088786,22.5456146422909],[88.2973164648531,22.5455243510171]]]},"properties": {
    "floor": "ground","fill-opacity":0,"stroke-opacity":1,"stroke":"#ff0000","ID":"31-257","REMARKS":"POLYGON ID-31","AREA":99.965}},
{"type":"Feature","geometry":{"type":"Polygon","coordinates":[[[88.297318153377,22.5457049837013],[88.2972209222829,22.5457057678968],[88.2972200779755,22.545615440163],[88.2973173088786,22.5456146422909],[88.297318153377,22.5457049837013]]]},"properties": {
    "floor": "ground","fill-opacity":0,"stroke-opacity":1,"stroke":"#ff0000","ID":"31-249","REMARKS":"POLYGON ID-31","AREA":100.02}},
{"type":"Feature","geometry":{"type":"Polygon","coordinates":[[[88.2973198419182,22.5458856163814],[88.2972226106976,22.5458864005838],[88.2972217664881,22.5457960842408],[88.2973189976455,22.5457953000419],[88.2973198419182,22.5458856163814]]]},"properties": {
    "floor": "ground","fill-opacity":0,"stroke-opacity":1,"stroke":"#ff0000","ID":"31-247","REMARKS":"POLYGON ID-31","AREA":100}},
{"type":"Feature","geometry":{"type":"Polygon","coordinates":[[[88.2973189976455,22.5457953000419],[88.2972217664881,22.5457960842408],[88.2972209222829,22.5457057678968],[88.297318153377,22.5457049837013],[88.2973189976455,22.5457953000419]]]},"properties": {
    "floor": "ground","fill-opacity":0,"stroke-opacity":1,"stroke":"#ff0000","ID":"31-248","REMARKS":"POLYGON ID-31","AREA":100}},
{"type":"Feature","geometry":{"type":"Polygon","coordinates":[[[88.2973173088786,22.5456146422909],[88.2972200779755,22.545615440163],[88.2972193009311,22.5455323081015],[88.2972262172246,22.5455250788855],[88.2973164648531,22.5455243510171],[88.2973173088786,22.5456146422909]]]},"properties": {
    "floor": "ground","fill-opacity":0,"stroke-opacity":1,"stroke":"#ff0000","ID":"31-250","REMARKS":"POLYGON ID-31","AREA":99.695}},
{"type":"Feature","geometry":{"type":"Polygon","coordinates":[[[88.2971253794726,22.5458871847275],[88.2970281482434,22.5458879688125],[88.2970273076688,22.5457976524343],[88.2971245353263,22.5457968683811],[88.2971253794726,22.5458871847275]]]},"properties": {
    "floor": "ground","fill-opacity":0,"stroke-opacity":1,"stroke":"#ff0000","ID":"31-231","REMARKS":"POLYGON ID-31","AREA":99.998}},
{"type":"Feature","geometry":{"type":"Polygon","coordinates":[[[88.2970298364224,22.5460686015092],[88.2969326050624,22.5460693855424],[88.2969317610339,22.5459790691911],[88.2970289923307,22.5459782851614],[88.2970298364224,22.5460686015092]]]},"properties": {
    "floor": "ground","fill-opacity":0,"stroke-opacity":1,"stroke":"#ff0000","ID":"31-221","REMARKS":"POLYGON ID-31","AREA":100}},
{"type":"Feature","geometry":{"type":"Polygon","coordinates":[[[88.2976075168413,22.5459133855873],[88.2975936534904,22.5459844489849],[88.2975159594202,22.5460610719448],[88.2975151487501,22.5459743641317],[88.2975145851586,22.5459140831531],[88.2976075168413,22.5459133855873]]]},"properties": {
    "floor": "ground","fill-opacity":0,"stroke-opacity":1,"stroke":"#ff0000","ID":"31-267","REMARKS":"POLYGON ID-31","AREA":103.162}},
{"type":"Feature","geometry":{"type":"Polygon","coordinates":[[[88.2968370617782,22.546250816875],[88.2968379056194,22.546341118575],[88.296740674061,22.5463419025012],[88.2967398302755,22.5462515999837],[88.2968370617782,22.546250816875]]]},"properties": {
    "floor": "ground","fill-opacity":0,"stroke-opacity":1,"stroke":"#ff0000","ID":"31-203","REMARKS":"POLYGON ID-31","AREA":99.984}},
{"type":"Feature","geometry":{"type":"Polygon","coordinates":[[[88.2975151487501,22.5459743641317],[88.2975159594202,22.5460610719448],[88.2975122700023,22.5460647104964],[88.2974187618194,22.546065464789],[88.2974179174748,22.5459751484551],[88.2975151487501,22.5459743641317]]]},"properties": {
    "floor": "ground","fill-opacity":0,"stroke-opacity":1,"stroke":"#ff0000","ID":"31-260","REMARKS":"POLYGON ID-31","AREA":99.924}},
{"type":"Feature","geometry":{"type":"Polygon","coordinates":[[[88.29683874968,22.5464314432977],[88.2967415180543,22.5464322267867],[88.296740674061,22.5463419025012],[88.2968379056194,22.546341118575],[88.29683874968,22.5464314432977]]]},"properties": {
    "floor": "ground","fill-opacity":0,"stroke-opacity":1,"stroke":"#ff0000","ID":"31-202","REMARKS":"POLYGON ID-31","AREA":100.009}},
{"type":"Feature","geometry":{"type":"Polygon","coordinates":[[[88.2975145851586,22.5459140831531],[88.2975143043466,22.5458840478002],[88.2976115355543,22.5458832634215],[88.2976106910919,22.5457929470925],[88.2976098466337,22.5457026307624],[88.2976090021799,22.5456123144312],[88.2976089795507,22.5456122485031],[88.2976201981101,22.54561215642],[88.2976479543782,22.5457061028131],[88.2976075168413,22.5459133855873],[88.2975145851586,22.5459140831531]]]},"properties": {
    "floor": "ground","fill-opacity":0,"stroke-opacity":1,"stroke":"#ff0000","ID":"31-268","REMARKS":"POLYGON ID-31","AREA":99.494}},
{"type":"Feature","geometry":{"type":"Polygon","coordinates":[[[88.2973198419182,22.5458856163814],[88.2974170731345,22.5458848321201],[88.2974179174748,22.5459751484551],[88.2973206861952,22.5459759327198],[88.2973198419182,22.5458856163814]]]},"properties": {
    "floor": "ground","fill-opacity":0,"stroke-opacity":1,"stroke":"#ff0000","ID":"31-253","REMARKS":"POLYGON ID-31","AREA":100}},
{"type":"Feature","geometry":{"type":"Polygon","coordinates":[[[88.2970289923307,22.5459782851614],[88.2969317610339,22.5459790691911],[88.2969309170098,22.5458887528388],[88.2970281482434,22.5458879688125],[88.2970289923307,22.5459782851614]]]},"properties": {
    "floor": "ground","fill-opacity":0,"stroke-opacity":1,"stroke":"#ff0000","ID":"31-222","REMARKS":"POLYGON ID-31","AREA":100}},
{"type":"Feature","geometry":{"type":"Polygon","coordinates":[[[88.2974179174748,22.5459751484551],[88.2974170731345,22.5458848321201],[88.2975143043466,22.5458840478002],[88.2975145851586,22.5459140831531],[88.2975151487501,22.5459743641317],[88.2974179174748,22.5459751484551]]]},"properties": {
    "floor": "ground","fill-opacity":0,"stroke-opacity":1,"stroke":"#ff0000","ID":"31-261","REMARKS":"POLYGON ID-31","AREA":100}},
{"type":"Feature","geometry":{"type":"Polygon","coordinates":[[[88.2969317610339,22.5459790691911],[88.2968345297328,22.5459798531621],[88.2968341099031,22.5459349251915],[88.2968998109407,22.545866252059],[88.296930719053,22.5458662339732],[88.2969309170098,22.5458887528388],[88.2969317610339,22.5459790691911]]]},"properties": {
    "floor": "ground","fill-opacity":0,"stroke-opacity":1,"stroke":"#ff0000","ID":"31-215","REMARKS":"POLYGON ID-31","AREA":99.414}},
{"type":"Feature","geometry":{"type":"Polygon","coordinates":[[[88.2971262236232,22.5459775010729],[88.2970289923307,22.5459782851614],[88.2970281482434,22.5458879688125],[88.2971253794726,22.5458871847275],[88.2971262236232,22.5459775010729]]]},"properties": {
    "floor": "ground","fill-opacity":0,"stroke-opacity":1,"stroke":"#ff0000","ID":"31-230","REMARKS":"POLYGON ID-31","AREA":100}},
{"type":"Feature","geometry":{"type":"Polygon","coordinates":[[[88.2971253794726,22.5458871847275],[88.2972226106976,22.5458864005838],[88.2972234549114,22.5459767169257],[88.2971262236232,22.5459775010729],[88.2971253794726,22.5458871847275]]]},"properties": {
    "floor": "ground","fill-opacity":0,"stroke-opacity":1,"stroke":"#ff0000","ID":"31-238","REMARKS":"POLYGON ID-31","AREA":100}},
{"type":"Feature","geometry":{"type":"Polygon","coordinates":[[[88.2973206861952,22.5459759327198],[88.2972234549114,22.5459767169257],[88.2972226106976,22.5458864005838],[88.2973198419182,22.5458856163814],[88.2973206861952,22.5459759327198]]]},"properties": {
    "floor": "ground","fill-opacity":0,"stroke-opacity":1,"stroke":"#ff0000","ID":"31-246","REMARKS":"POLYGON ID-31","AREA":100}},
{"type":"Feature","geometry":{"type":"Polygon","coordinates":[[[88.2973215304766,22.5460662490572],[88.2974187618194,22.546065464789],[88.2974196061683,22.5461557811219],[88.2973223747622,22.5461565653936],[88.2973215304766,22.5460662490572]]]},"properties": {
    "floor": "ground","fill-opacity":0,"stroke-opacity":1,"stroke":"#ff0000","ID":"31-251","REMARKS":"POLYGON ID-31","AREA":100}},
{"type":"Feature","geometry":{"type":"Polygon","coordinates":[[[88.2968362176675,22.5461604858706],[88.2967389862357,22.5461612697898],[88.2967381423294,22.5460709534326],[88.296835373698,22.5460701695169],[88.2968362176675,22.5461604858706]]]},"properties": {
    "floor": "ground","fill-opacity":0,"stroke-opacity":1,"stroke":"#ff0000","ID":"31-205","REMARKS":"POLYGON ID-31","AREA":100}},
{"type":"Feature","geometry":{"type":"Polygon","coordinates":[[[88.296835373698,22.5460701695169],[88.2967381423294,22.5460709534326],[88.2967037029155,22.546071231082],[88.2968341099031,22.5459349251915],[88.2968345297328,22.5459798531621],[88.296835373698,22.5460701695169]]]},"properties": {
    "floor": "ground","fill-opacity":0,"stroke-opacity":1,"stroke":"#ff0000","ID":"31-206","REMARKS":"POLYGON ID-31","AREA":101.392}},
{"type":"Feature","geometry":{"type":"Polygon","coordinates":[[[88.2966425987685,22.5462523830336],[88.2967398302755,22.5462515999837],[88.296740674061,22.5463419025012],[88.2966434424984,22.5463426863686],[88.2966425987685,22.5462523830336]]]},"properties": {
    "floor": "ground","fill-opacity":0,"stroke-opacity":1,"stroke":"#ff0000","ID":"31-195","REMARKS":"POLYGON ID-31","AREA":99.985}},
{"type":"Feature","geometry":{"type":"Polygon","coordinates":[[[88.2966434424984,22.5463426863686],[88.296740674061,22.5463419025012],[88.2967415180543,22.5464322267867],[88.2966442864243,22.5464330102169],[88.2966434424984,22.5463426863686]]]},"properties": {
    "floor": "ground","fill-opacity":0,"stroke-opacity":1,"stroke":"#ff0000","ID":"31-194","REMARKS":"POLYGON ID-31","AREA":100.009}},
{"type":"Feature","geometry":{"type":"Polygon","coordinates":[[[88.2967389862357,22.5461612697898],[88.2966417547995,22.5461620536503],[88.296544523359,22.546162837452],[88.2964876700566,22.5461632957304],[88.2966934226198,22.5460819763869],[88.2967037029155,22.546071231082],[88.2967381423294,22.5460709534326],[88.2967389862357,22.5461612697898]]]},"properties": {
    "floor": "ground","fill-opacity":0,"stroke-opacity":1,"stroke":"#ff0000","ID":"31-197","REMARKS":"POLYGON ID-31","AREA":139.118}},
{"type":"Feature","geometry":{"type":"Polygon","coordinates":[[[88.2970315247707,22.5462492504814],[88.2970323687231,22.5463395505465],[88.2969351371734,22.5463403345901],[88.2969342932766,22.5462500337076],[88.2970315247707,22.5462492504814]]]},"properties": {
    "floor": "ground","fill-opacity":0,"stroke-opacity":1,"stroke":"#ff0000","ID":"31-218","REMARKS":"POLYGON ID-31","AREA":99.982}},
{"type":"Feature","geometry":{"type":"Polygon","coordinates":[[[88.2970332129184,22.5464298761435],[88.2969359813014,22.54643065975],[88.2969359581393,22.5464306599366],[88.296935981219,22.5464306509373],[88.2969351371734,22.5463403345901],[88.2970323687231,22.5463395505465],[88.2970332129184,22.5464298761435]]]},"properties": {
    "floor": "ground","fill-opacity":0,"stroke-opacity":1,"stroke":"#ff0000","ID":"31-217","REMARKS":"POLYGON ID-31","AREA":100.01}},
{"type":"Feature","geometry":{"type":"Polygon","coordinates":[[[88.2970306805183,22.546158917856],[88.2969334490951,22.5461597018927],[88.2969326050624,22.5460693855424],[88.2970298364224,22.5460686015092],[88.2970306805183,22.546158917856]]]},"properties": {
    "floor": "ground","fill-opacity":0,"stroke-opacity":1,"stroke":"#ff0000","ID":"31-220","REMARKS":"POLYGON ID-31","AREA":100}},
{"type":"Feature","geometry":{"type":"Polygon","coordinates":[[[88.2969342932766,22.5462500337076],[88.2969351371734,22.5463403345901],[88.2968379056194,22.546341118575],[88.2968370617782,22.546250816875],[88.2969342932766,22.5462500337076]]]},"properties": {
    "floor": "ground","fill-opacity":0,"stroke-opacity":1,"stroke":"#ff0000","ID":"31-211","REMARKS":"POLYGON ID-31","AREA":99.983}},
{"type":"Feature","geometry":{"type":"Polygon","coordinates":[[[88.2969359581393,22.5464306599366],[88.29683874968,22.5464314432977],[88.2968379056194,22.546341118575],[88.2969351371734,22.5463403345901],[88.296935981219,22.5464306509373],[88.2969359581393,22.5464306599366]]]},"properties": {
    "floor": "ground","fill-opacity":0,"stroke-opacity":1,"stroke":"#ff0000","ID":"31-210","REMARKS":"POLYGON ID-31","AREA":100.01}},
{"type":"Feature","geometry":{"type":"Polygon","coordinates":[[[88.2969334490951,22.5461597018927],[88.2968362176675,22.5461604858706],[88.296835373698,22.5460701695169],[88.2969326050624,22.5460693855424],[88.2969334490951,22.5461597018927]]]},"properties": {
    "floor": "ground","fill-opacity":0,"stroke-opacity":1,"stroke":"#ff0000","ID":"31-213","REMARKS":"POLYGON ID-31","AREA":100}},
{"type":"Feature","geometry":{"type":"Polygon","coordinates":[[[88.297225987746,22.5462476838528],[88.2972268318096,22.546337982283],[88.2971296002685,22.5463387664441],[88.2971287562605,22.5462484671965],[88.297225987746,22.5462476838528]]]},"properties": {
    "floor": "ground","fill-opacity":0,"stroke-opacity":1,"stroke":"#ff0000","ID":"31-234","REMARKS":"POLYGON ID-31","AREA":99.981}},
{"type":"Feature","geometry":{"type":"Polygon","coordinates":[[[88.2973275682553,22.5462468654086],[88.2971966838927,22.5463759446133],[88.2971451889618,22.5464289736363],[88.2971304256901,22.5464290926301],[88.2971304444406,22.5464290827843],[88.2971296002685,22.5463387664441],[88.2972268318096,22.546337982283],[88.297225987746,22.5462476838528],[88.2973231784221,22.5462469007792],[88.2973275682553,22.5462468654086]]]},"properties": {
    "floor": "ground","fill-opacity":0,"stroke-opacity":1,"stroke":"#ff0000","ID":"31-233","REMARKS":"POLYGON ID-31","AREA":117.975}},
{"type":"Feature","geometry":{"type":"Polygon","coordinates":[[[88.2971270677781,22.5460678174173],[88.2972242991295,22.5460670332666],[88.2972251433519,22.5461573496065],[88.2971279119372,22.5461581337606],[88.2971270677781,22.5460678174173]]]},"properties": {
    "floor": "ground","fill-opacity":0,"stroke-opacity":1,"stroke":"#ff0000","ID":"31-236","REMARKS":"POLYGON ID-31","AREA":100}},
{"type":"Feature","geometry":{"type":"Polygon","coordinates":[[[88.2971287562605,22.5462484671965],[88.2971296002685,22.5463387664441],[88.2970323687231,22.5463395505465],[88.2970315247707,22.5462492504814],[88.2971287562605,22.5462484671965]]]},"properties": {
    "floor": "ground","fill-opacity":0,"stroke-opacity":1,"stroke":"#ff0000","ID":"31-226","REMARKS":"POLYGON ID-31","AREA":99.982}},
{"type":"Feature","geometry":{"type":"Polygon","coordinates":[[[88.2971304256901,22.5464290926301],[88.2970332129184,22.5464298761435],[88.2970323687231,22.5463395505465],[88.2971296002685,22.5463387664441],[88.2971304444406,22.5464290827843],[88.2971304256901,22.5464290926301]]]},"properties": {
    "floor": "ground","fill-opacity":0,"stroke-opacity":1,"stroke":"#ff0000","ID":"31-225","REMARKS":"POLYGON ID-31","AREA":100.01}},
{"type":"Feature","geometry":{"type":"Polygon","coordinates":[[[88.2971279119372,22.5461581337606],[88.2970306805183,22.546158917856],[88.2970298364224,22.5460686015092],[88.2971270677781,22.5460678174173],[88.2971279119372,22.5461581337606]]]},"properties": {
    "floor": "ground","fill-opacity":0,"stroke-opacity":1,"stroke":"#ff0000","ID":"31-228","REMARKS":"POLYGON ID-31","AREA":100}},
{"type":"Feature","geometry":{"type":"Polygon","coordinates":[[[88.2967398302755,22.5462515999837],[88.2967389862357,22.5461612697898],[88.2968362176675,22.5461604858706],[88.2968370617782,22.546250816875],[88.2967398302755,22.5462515999837]]]},"properties": {
    "floor": "ground","fill-opacity":0,"stroke-opacity":1,"stroke":"#ff0000","ID":"31-204","REMARKS":"POLYGON ID-31","AREA":100.016}},
{"type":"Feature","geometry":{"type":"Polygon","coordinates":[[[88.2966417547995,22.5461620536503],[88.2967389862357,22.5461612697898],[88.2967398302755,22.5462515999837],[88.2966425987685,22.5462523830336],[88.2966417547995,22.5461620536503]]]},"properties": {
    "floor": "ground","fill-opacity":0,"stroke-opacity":1,"stroke":"#ff0000","ID":"31-196","REMARKS":"POLYGON ID-31","AREA":100.015}},
{"type":"Feature","geometry":{"type":"Polygon","coordinates":[[[88.2969342932766,22.5462500337076],[88.2969334490951,22.5461597018927],[88.2970306805183,22.546158917856],[88.2970315247707,22.5462492504814],[88.2969342932766,22.5462500337076]]]},"properties": {
    "floor": "ground","fill-opacity":0,"stroke-opacity":1,"stroke":"#ff0000","ID":"31-219","REMARKS":"POLYGON ID-31","AREA":100.018}},
{"type":"Feature","geometry":{"type":"Polygon","coordinates":[[[88.2968370617782,22.546250816875],[88.2968362176675,22.5461604858706],[88.2969334490951,22.5461597018927],[88.2969342932766,22.5462500337076],[88.2968370617782,22.546250816875]]]},"properties": {
    "floor": "ground","fill-opacity":0,"stroke-opacity":1,"stroke":"#ff0000","ID":"31-212","REMARKS":"POLYGON ID-31","AREA":100.017}},
{"type":"Feature","geometry":{"type":"Polygon","coordinates":[[[88.2971287562605,22.5462484671965],[88.2971279119372,22.5461581337606],[88.2972251433519,22.5461573496065],[88.297225987746,22.5462476838528],[88.2971287562605,22.5462484671965]]]},"properties": {
    "floor": "ground","fill-opacity":0,"stroke-opacity":1,"stroke":"#ff0000","ID":"31-235","REMARKS":"POLYGON ID-31","AREA":100.019}},
{"type":"Feature","geometry":{"type":"Polygon","coordinates":[[[88.2973223747622,22.5461565653936],[88.2974196061683,22.5461557811219],[88.2974187618194,22.546065464789],[88.2975122700023,22.5460647104964],[88.2973275682553,22.5462468654086],[88.2973231784221,22.5462469007792],[88.2973232190522,22.5462468817289],[88.2973223747622,22.5461565653936]]]},"properties": {
    "floor": "ground","fill-opacity":0,"stroke-opacity":1,"stroke":"#ff0000","ID":"31-259","REMARKS":"POLYGON ID-31","AREA":100.665}},
{"type":"Feature","geometry":{"type":"Polygon","coordinates":[[[88.2970315247707,22.5462492504814],[88.2970306805183,22.546158917856],[88.2971279119372,22.5461581337606],[88.2971287562605,22.5462484671965],[88.2970315247707,22.5462492504814]]]},"properties": {
    "floor": "ground","fill-opacity":0,"stroke-opacity":1,"stroke":"#ff0000","ID":"31-227","REMARKS":"POLYGON ID-31","AREA":100.018}},
{"type":"Feature","geometry":{"type":"Polygon","coordinates":[[[88.2950872449359,22.5463025015536],[88.2950877369115,22.5463552202581],[88.2949905052758,22.5463560031269],[88.294904095621,22.5463574685919],[88.2948987680858,22.5463129643679],[88.2949233904853,22.5463030597756],[88.2950872449359,22.5463025015536]]]},"properties": {
    "floor": "ground","fill-opacity":0,"stroke-opacity":1,"stroke":"#ff0000","ID":"31-11","REMARKS":"POLYGON ID-31","AREA":111.933}},
{"type":"Feature","geometry":{"type":"Polygon","coordinates":[[[88.2964481357416,22.5462539489573],[88.2965453672572,22.5462531660248],[88.2965462109315,22.5463434701772],[88.2964489793602,22.5463442539272],[88.2964481357416,22.5462539489573]]]},"properties": {
    "floor": "ground","fill-opacity":0,"stroke-opacity":1,"stroke":"#ff0000","ID":"31-178","REMARKS":"POLYGON ID-31","AREA":99.987}},
{"type":"Feature","geometry":{"type":"Polygon","coordinates":[[[88.2964489793602,22.5463442539272],[88.2965462109315,22.5463434701772],[88.2965470547242,22.5464337865383],[88.2965470488032,22.5464337936367],[88.2964498297199,22.5464345768483],[88.2964498230897,22.5464345702917],[88.2964489793602,22.5463442539272]]]},"properties": {
    "floor": "ground","fill-opacity":0,"stroke-opacity":1,"stroke":"#ff0000","ID":"31-177","REMARKS":"POLYGON ID-31","AREA":100.008}},
{"type":"Feature","geometry":{"type":"Polygon","coordinates":[[[88.2964472919143,22.546163621195],[88.2964838287397,22.5461633266934],[88.2964843662504,22.546164601487],[88.2964876700566,22.5461632957304],[88.296544523359,22.546162837452],[88.2965453672572,22.5462531660248],[88.2964481357416,22.5462539489573],[88.2964472919143,22.546163621195]]]},"properties": {
    "floor": "ground","fill-opacity":0,"stroke-opacity":1,"stroke":"#ff0000","ID":"31-179","REMARKS":"POLYGON ID-31","AREA":99.985}},
{"type":"Feature","geometry":{"type":"Polygon","coordinates":[[[88.2965453672572,22.5462531660248],[88.2966425987685,22.5462523830336],[88.2966434424984,22.5463426863686],[88.2965462109315,22.5463434701772],[88.2965453672572,22.5462531660248]]]},"properties": {
    "floor": "ground","fill-opacity":0,"stroke-opacity":1,"stroke":"#ff0000","ID":"31-187","REMARKS":"POLYGON ID-31","AREA":99.986}},
{"type":"Feature","geometry":{"type":"Polygon","coordinates":[[[88.2965462109315,22.5463434701772],[88.2966434424984,22.5463426863686],[88.2966442864243,22.5464330102169],[88.29654705479,22.5464337935884],[88.2965470488032,22.5464337936367],[88.2965470547242,22.5464337865383],[88.2965462109315,22.5463434701772]]]},"properties": {
    "floor": "ground","fill-opacity":0,"stroke-opacity":1,"stroke":"#ff0000","ID":"31-186","REMARKS":"POLYGON ID-31","AREA":100.008}},
{"type":"Feature","geometry":{"type":"Polygon","coordinates":[[[88.296544523359,22.546162837452],[88.2966417547995,22.5461620536503],[88.2966425987685,22.5462523830336],[88.2965453672572,22.5462531660248],[88.296544523359,22.546162837452]]]},"properties": {
    "floor": "ground","fill-opacity":0,"stroke-opacity":1,"stroke":"#ff0000","ID":"31-188","REMARKS":"POLYGON ID-31","AREA":100.014}},
{"type":"Feature","geometry":{"type":"Polygon","coordinates":[[[88.2962536726974,22.546255514646],[88.2963509042217,22.546254731831],[88.2963517477847,22.5463450376183],[88.2962545162049,22.5463458212508],[88.2962536726974,22.546255514646]]]},"properties": {
    "floor": "ground","fill-opacity":0,"stroke-opacity":1,"stroke":"#ff0000","ID":"31-156","REMARKS":"POLYGON ID-31","AREA":99.989}},
{"type":"Feature","geometry":{"type":"Polygon","coordinates":[[[88.2962545162049,22.5463458212508],[88.2963517477847,22.5463450376183],[88.2963525915086,22.5464353601552],[88.2962553598614,22.5464361433505],[88.2962545162049,22.5463458212508]]]},"properties": {
    "floor": "ground","fill-opacity":0,"stroke-opacity":1,"stroke":"#ff0000","ID":"31-155","REMARKS":"POLYGON ID-31","AREA":100.007}},
{"type":"Feature","geometry":{"type":"Polygon","coordinates":[[[88.2962528290118,22.5461651885047],[88.2963500604652,22.5461644048792],[88.2963509042217,22.546254731831],[88.2962536726974,22.546255514646],[88.2962528290118,22.5461651885047]]]},"properties": {
    "floor": "ground","fill-opacity":0,"stroke-opacity":1,"stroke":"#ff0000","ID":"31-157","REMARKS":"POLYGON ID-31","AREA":100.011}},
{"type":"Feature","geometry":{"type":"Polygon","coordinates":[[[88.2963509042217,22.546254731831],[88.2964481357416,22.5462539489573],[88.2964489793602,22.5463442539272],[88.2963517477847,22.5463450376183],[88.2963509042217,22.546254731831]]]},"properties": {
    "floor": "ground","fill-opacity":0,"stroke-opacity":1,"stroke":"#ff0000","ID":"31-167","REMARKS":"POLYGON ID-31","AREA":99.988}},
{"type":"Feature","geometry":{"type":"Polygon","coordinates":[[[88.2963517477847,22.5463450376183],[88.2964489793602,22.5463442539272],[88.2964498230897,22.5464345702917],[88.2964498297199,22.5464345768483],[88.2964498231514,22.5464345769012],[88.2963525915086,22.5464353601552],[88.2963517477847,22.5463450376183]]]},"properties": {
    "floor": "ground","fill-opacity":0,"stroke-opacity":1,"stroke":"#ff0000","ID":"31-166","REMARKS":"POLYGON ID-31","AREA":100.007}},
{"type":"Feature","geometry":{"type":"Polygon","coordinates":[[[88.2963500604652,22.5461644048792],[88.2964472919143,22.546163621195],[88.2964481357416,22.5462539489573],[88.2963509042217,22.546254731831],[88.2963500604652,22.5461644048792]]]},"properties": {
    "floor": "ground","fill-opacity":0,"stroke-opacity":1,"stroke":"#ff0000","ID":"31-168","REMARKS":"POLYGON ID-31","AREA":100.012}},
{"type":"Feature","geometry":{"type":"Polygon","coordinates":[[[88.295962824854,22.5463481717681],[88.2958655898425,22.5463489551931],[88.2958647465576,22.5462586453185],[88.2959619849276,22.5462578626835],[88.295962824854,22.5463481717681]]]},"properties": {
    "floor": "ground","fill-opacity":0,"stroke-opacity":1,"stroke":"#ff0000","ID":"31-117","REMARKS":"POLYGON ID-31","AREA":99.998}},
{"type":"Feature","geometry":{"type":"Polygon","coordinates":[[[88.2959636592629,22.5464384926292],[88.2958664361648,22.5464392755206],[88.2958664331926,22.5464392715785],[88.2958655898425,22.5463489551931],[88.295962824854,22.5463481717681],[88.2959636648528,22.5464384881776],[88.2959636592629,22.5464384926292]]]},"properties": {
    "floor": "ground","fill-opacity":0,"stroke-opacity":1,"stroke":"#ff0000","ID":"31-116","REMARKS":"POLYGON ID-31","AREA":100.006}},
{"type":"Feature","geometry":{"type":"Polygon","coordinates":[[[88.295171356148,22.5462642244523],[88.2950868940716,22.5462649038439],[88.2950872449359,22.5463025015536],[88.2949233904853,22.5463030597756],[88.2951707320273,22.5462035640256],[88.2951713563906,22.5462642237432],[88.295171356148,22.5462642244523]]]},"properties": {
    "floor": "ground","fill-opacity":0,"stroke-opacity":1,"stroke":"#ff0000","ID":"31-31","REMARKS":"POLYGON ID-31","AREA":103.134}},
{"type":"Feature","geometry":{"type":"Polygon","coordinates":[[[88.2957675150119,22.5462594278398],[88.2958647465576,22.5462586453185],[88.2958655898425,22.5463489551931],[88.2957683582412,22.5463497385318],[88.2957675150119,22.5462594278398]]]},"properties": {
    "floor": "ground","fill-opacity":0,"stroke-opacity":1,"stroke":"#ff0000","ID":"31-106","REMARKS":"POLYGON ID-31","AREA":99.993}},
{"type":"Feature","geometry":{"type":"Polygon","coordinates":[[[88.2957683582412,22.5463497385318],[88.2958655898425,22.5463489551931],[88.2958664331926,22.5464392715785],[88.2958664361648,22.5464392755206],[88.2958664332296,22.5464392755442],[88.2957692015609,22.5464400584458],[88.2957683582412,22.5463497385318]]]},"properties": {
    "floor": "ground","fill-opacity":0,"stroke-opacity":1,"stroke":"#ff0000","ID":"31-105","REMARKS":"POLYGON ID-31","AREA":100.004}},
{"type":"Feature","geometry":{"type":"Polygon","coordinates":[[[88.2961572846207,22.5463466048245],[88.2960600530323,22.5463473883394],[88.2960592096361,22.5462570800998],[88.2961564411689,22.5462562974023],[88.2961572846207,22.5463466048245]]]},"properties": {
    "floor": "ground","fill-opacity":0,"stroke-opacity":1,"stroke":"#ff0000","ID":"31-133","REMARKS":"POLYGON ID-31","AREA":99.991}},
{"type":"Feature","geometry":{"type":"Polygon","coordinates":[[[88.2961581282099,22.546436926487],[88.2960608965541,22.5464377095648],[88.2960608885666,22.5464377096292],[88.2960608965088,22.5464377047179],[88.2960600530323,22.5463473883394],[88.2961572846207,22.5463466048245],[88.2961581282099,22.546436926487]]]},"properties": {
    "floor": "ground","fill-opacity":0,"stroke-opacity":1,"stroke":"#ff0000","ID":"31-132","REMARKS":"POLYGON ID-31","AREA":100.006}},
{"type":"Feature","geometry":{"type":"Polygon","coordinates":[[[88.2961564411689,22.5462562974023],[88.2960592096361,22.5462570800998],[88.2959619849276,22.5462578626835],[88.2959619234769,22.5462512554695],[88.2961557355441,22.546180746605],[88.2961564411689,22.5462562974023]]]},"properties": {
    "floor": "ground","fill-opacity":0,"stroke-opacity":1,"stroke":"#ff0000","ID":"31-134","REMARKS":"POLYGON ID-31","AREA":90.964}},
{"type":"Feature","geometry":{"type":"Polygon","coordinates":[[[88.2960600530323,22.5463473883394],[88.295962824854,22.5463481717681],[88.2959619849276,22.5462578626835],[88.2960592096361,22.5462570800998],[88.2960600530323,22.5463473883394]]]},"properties": {
    "floor": "ground","fill-opacity":0,"stroke-opacity":1,"stroke":"#ff0000","ID":"31-126","REMARKS":"POLYGON ID-31","AREA":99.986}},
{"type":"Feature","geometry":{"type":"Polygon","coordinates":[[[88.2960608885666,22.5464377096292],[88.295963664894,22.5464384925839],[88.2959636592629,22.5464384926292],[88.2959636648528,22.5464384881776],[88.295962824854,22.5463481717681],[88.2960600530323,22.5463473883394],[88.2960608965088,22.5464377047179],[88.2960608885666,22.5464377096292]]]},"properties": {
    "floor": "ground","fill-opacity":0,"stroke-opacity":1,"stroke":"#ff0000","ID":"31-125","REMARKS":"POLYGON ID-31","AREA":100.003}},
{"type":"Feature","geometry":{"type":"Polygon","coordinates":[[[88.2961564411689,22.5462562974023],[88.2962536726974,22.546255514646],[88.2962545162049,22.5463458212508],[88.2961572846207,22.5463466048245],[88.2961564411689,22.5462562974023]]]},"properties": {
    "floor": "ground","fill-opacity":0,"stroke-opacity":1,"stroke":"#ff0000","ID":"31-144","REMARKS":"POLYGON ID-31","AREA":99.99}},
{"type":"Feature","geometry":{"type":"Polygon","coordinates":[[[88.2961572846207,22.5463466048245],[88.2962545162049,22.5463458212508],[88.2962553598614,22.5464361433505],[88.2961581282099,22.546436926487],[88.2961572846207,22.5463466048245]]]},"properties": {
    "floor": "ground","fill-opacity":0,"stroke-opacity":1,"stroke":"#ff0000","ID":"31-143","REMARKS":"POLYGON ID-31","AREA":100.006}},
{"type":"Feature","geometry":{"type":"Polygon","coordinates":[[[88.2961557355441,22.546180746605],[88.2962525248271,22.5461455345342],[88.2962528290118,22.5461651885047],[88.2962536726974,22.546255514646],[88.2961564411689,22.5462562974023],[88.2961557355441,22.546180746605]]]},"properties": {
    "floor": "ground","fill-opacity":0,"stroke-opacity":1,"stroke":"#ff0000","ID":"31-145","REMARKS":"POLYGON ID-31","AREA":102.722}},
{"type":"Feature","geometry":{"type":"Polygon","coordinates":[[[88.2958630598182,22.5460780060307],[88.2958634742916,22.5461223937185],[88.2958639031554,22.5461683224192],[88.2957666716805,22.546169105751],[88.2957658292848,22.5460788834113],[88.2958630598182,22.5460780060307]]]},"properties": {
    "floor": "ground","fill-opacity":0,"stroke-opacity":1,"stroke":"#ff0000","ID":"31-108","REMARKS":"POLYGON ID-31","AREA":99.948}},
{"type":"Feature","geometry":{"type":"Polygon","coordinates":[[[88.2958634742916,22.5461223937185],[88.2958630598182,22.5460780060307],[88.2958622164854,22.5459876896411],[88.295764985137,22.545988472966],[88.2957647623047,22.5459646069656],[88.2958583288256,22.5459269682419],[88.2959155759459,22.5461219739454],[88.2958634742916,22.5461223937185]]]},"properties": {
    "floor": "ground","fill-opacity":0,"stroke-opacity":1,"stroke":"#ff0000","ID":"31-119","REMARKS":"POLYGON ID-31","AREA":101.827}},
{"type":"Feature","geometry":{"type":"Polygon","coordinates":[[[88.2955738950256,22.5463513050331],[88.2954766634114,22.5463520881956],[88.295475820349,22.5462617750512],[88.2955730519076,22.5462609927061],[88.2955738950256,22.5463513050331]]]},"properties": {
    "floor": "ground","fill-opacity":0,"stroke-opacity":1,"stroke":"#ff0000","ID":"31-73","REMARKS":"POLYGON ID-31","AREA":99.996}},
{"type":"Feature","geometry":{"type":"Polygon","coordinates":[[[88.2955747335647,22.5464416241101],[88.2954775065291,22.546442406798],[88.2954766634114,22.5463520881956],[88.2955738950256,22.5463513050331],[88.295574738186,22.5464416214289],[88.2955747335647,22.5464416241101]]]},"properties": {
    "floor": "ground","fill-opacity":0,"stroke-opacity":1,"stroke":"#ff0000","ID":"31-72","REMARKS":"POLYGON ID-31","AREA":100.003}},
{"type":"Feature","geometry":{"type":"Polygon","coordinates":[[[88.2955722087179,22.5461706722383],[88.2954749772301,22.5461714553939],[88.2954741376577,22.5460815152009],[88.2955713682045,22.5460806379965],[88.2955722087179,22.5461706722383]]]},"properties": {
    "floor": "ground","fill-opacity":0,"stroke-opacity":1,"stroke":"#ff0000","ID":"31-75","REMARKS":"POLYGON ID-31","AREA":99.636}},
{"type":"Feature","geometry":{"type":"Polygon","coordinates":[[[88.2958639031554,22.5461683224192],[88.2958647465576,22.5462586453185],[88.2957675150119,22.5462594278398],[88.2957675149587,22.5462594221419],[88.2957666716805,22.546169105751],[88.2958639031554,22.5461683224192]]]},"properties": {
    "floor": "ground","fill-opacity":0,"stroke-opacity":1,"stroke":"#ff0000","ID":"31-107","REMARKS":"POLYGON ID-31","AREA":100.007}},
{"type":"Feature","geometry":{"type":"Polygon","coordinates":[[[88.2955730519076,22.5462609927061],[88.295475820349,22.5462617750512],[88.2954749772301,22.5461714553939],[88.2955722087179,22.5461706722383],[88.2955730519076,22.5462609927061]]]},"properties": {
    "floor": "ground","fill-opacity":0,"stroke-opacity":1,"stroke":"#ff0000","ID":"31-74","REMARKS":"POLYGON ID-31","AREA":100.004}},
{"type":"Feature","geometry":{"type":"Polygon","coordinates":[[[88.2957658292848,22.5460788834113],[88.295764985137,22.545988472966],[88.2958622164854,22.5459876896411],[88.2958630598182,22.5460780060307],[88.2957658292848,22.5460788834113]]]},"properties": {
    "floor": "ground","fill-opacity":0,"stroke-opacity":1,"stroke":"#ff0000","ID":"31-109","REMARKS":"POLYGON ID-31","AREA":100.052}},
{"type":"Feature","geometry":{"type":"Polygon","coordinates":[[[88.2951849685429,22.5463544373306],[88.2950877369115,22.5463552202581],[88.2950872449359,22.5463025015536],[88.2950868940716,22.5462649038439],[88.295171356148,22.5462642244523],[88.2951841256474,22.5462641217338],[88.2951849685429,22.5463544373306]]]},"properties": {
    "floor": "ground","fill-opacity":0,"stroke-opacity":1,"stroke":"#ff0000","ID":"31-30","REMARKS":"POLYGON ID-31","AREA":100}},
{"type":"Feature","geometry":{"type":"Polygon","coordinates":[[[88.2951858102408,22.5464447546314],[88.2950885797598,22.546445537112],[88.2950877369115,22.5463552202581],[88.2951849685429,22.5463544373306],[88.2951858114503,22.5464447537403],[88.2951858102408,22.5464447546314]]]},"properties": {
    "floor": "ground","fill-opacity":0,"stroke-opacity":1,"stroke":"#ff0000","ID":"31-29","REMARKS":"POLYGON ID-31","AREA":100.001}},
{"type":"Feature","geometry":{"type":"Polygon","coordinates":[[[88.2956685987468,22.5460797607333],[88.2955713682045,22.5460806379965],[88.2954741376577,22.5460815152009],[88.2956678874794,22.5460035764333],[88.2956685987468,22.5460797607333]]]},"properties": {
    "floor": "ground","fill-opacity":0,"stroke-opacity":1,"stroke":"#ff0000","ID":"31-87","REMARKS":"POLYGON ID-31","AREA":84.353}},
{"type":"Feature","geometry":{"type":"Polygon","coordinates":[[[88.2954749772301,22.5461714553939],[88.2953777457381,22.5461722384907],[88.2952805142417,22.5461730215287],[88.2952451430878,22.5461736312893],[88.2954741376577,22.5460815152009],[88.2954749772301,22.5461714553939]]]},"properties": {
    "floor": "ground","fill-opacity":0,"stroke-opacity":1,"stroke":"#ff0000","ID":"31-64","REMARKS":"POLYGON ID-31","AREA":117.339}},
{"type":"Feature","geometry":{"type":"Polygon","coordinates":[[[88.2953785887861,22.5462625573375],[88.2952813572189,22.546263339565],[88.2952805142417,22.5461730215287],[88.2953777457381,22.5461722384907],[88.2953785887861,22.5462625573375]]]},"properties": {
    "floor": "ground","fill-opacity":0,"stroke-opacity":1,"stroke":"#ff0000","ID":"31-53","REMARKS":"POLYGON ID-31","AREA":100.002}},
{"type":"Feature","geometry":{"type":"Polygon","coordinates":[[[88.2956711266356,22.5463505218118],[88.2955738950256,22.5463513050331],[88.2955730519076,22.5462609927061],[88.2956702834619,22.5462602103023],[88.2956711266356,22.5463505218118]]]},"properties": {
    "floor": "ground","fill-opacity":0,"stroke-opacity":1,"stroke":"#ff0000","ID":"31-84","REMARKS":"POLYGON ID-31","AREA":99.995}},
{"type":"Feature","geometry":{"type":"Polygon","coordinates":[[[88.2956719698879,22.5464408412886],[88.2955747382107,22.5464416240727],[88.2955747335647,22.5464416241101],[88.295574738186,22.5464416214289],[88.2955738950256,22.5463513050331],[88.2956711266356,22.5463505218118],[88.2956719698879,22.5464408412886]]]},"properties": {
    "floor": "ground","fill-opacity":0,"stroke-opacity":1,"stroke":"#ff0000","ID":"31-83","REMARKS":"POLYGON ID-31","AREA":100.003}},
{"type":"Feature","geometry":{"type":"Polygon","coordinates":[[[88.2956694402013,22.546169889024],[88.2955722087179,22.5461706722383],[88.2955713682045,22.5460806379965],[88.2956685987468,22.5460797607333],[88.2956694402013,22.546169889024]]]},"properties": {
    "floor": "ground","fill-opacity":0,"stroke-opacity":1,"stroke":"#ff0000","ID":"31-86","REMARKS":"POLYGON ID-31","AREA":99.74}},
{"type":"Feature","geometry":{"type":"Polygon","coordinates":[[[88.2956702834619,22.5462602103023],[88.2955730519076,22.5462609927061],[88.2955722087179,22.5461706722383],[88.2956694402013,22.546169889024],[88.2956702834619,22.5462602103023]]]},"properties": {
    "floor": "ground","fill-opacity":0,"stroke-opacity":1,"stroke":"#ff0000","ID":"31-85","REMARKS":"POLYGON ID-31","AREA":100.005}},
{"type":"Feature","geometry":{"type":"Polygon","coordinates":[[[88.2950885797598,22.546445537112],[88.2949913480567,22.5464463195436],[88.2949905052758,22.5463560031269],[88.2950877369115,22.5463552202581],[88.2950885797598,22.546445537112]]]},"properties": {
    "floor": "ground","fill-opacity":0,"stroke-opacity":1,"stroke":"#ff0000","ID":"31-20","REMARKS":"POLYGON ID-31","AREA":100}},
{"type":"Feature","geometry":{"type":"Polygon","coordinates":[[[88.2953802748432,22.5464431894646],[88.295283043153,22.5464439720725],[88.2952830398889,22.5464439720987],[88.2952830431407,22.5464439707506],[88.29528220017,22.5463536543443],[88.2953794317929,22.5463528712993],[88.2953802748432,22.5464431894646]]]},"properties": {
    "floor": "ground","fill-opacity":0,"stroke-opacity":1,"stroke":"#ff0000","ID":"31-51","REMARKS":"POLYGON ID-31","AREA":100.002}},
{"type":"Feature","geometry":{"type":"Polygon","coordinates":[[[88.2953794317929,22.5463528712993],[88.29528220017,22.5463536543443],[88.2952813572189,22.546263339565],[88.2953785887861,22.5462625573375],[88.2953794317929,22.5463528712993]]]},"properties": {
    "floor": "ground","fill-opacity":0,"stroke-opacity":1,"stroke":"#ff0000","ID":"31-52","REMARKS":"POLYGON ID-31","AREA":99.998}},
{"type":"Feature","geometry":{"type":"Polygon","coordinates":[[[88.2952813572189,22.546263339565],[88.2951841256474,22.5462641217338],[88.295171356148,22.5462642244523],[88.2951713563906,22.5462642237432],[88.2951707320273,22.5462035640256],[88.2952451430878,22.5461736312893],[88.2952805142417,22.5461730215287],[88.2952813572189,22.546263339565]]]},"properties": {
    "floor": "ground","fill-opacity":0,"stroke-opacity":1,"stroke":"#ff0000","ID":"31-42","REMARKS":"POLYGON ID-31","AREA":100.36}},
{"type":"Feature","geometry":{"type":"Polygon","coordinates":[[[88.2952830398889,22.5464439720987],[88.2951858114585,22.5464447546216],[88.2951858102408,22.5464447546314],[88.2951858114503,22.5464447537403],[88.2951849685429,22.5463544373306],[88.29528220017,22.5463536543443],[88.2952830431407,22.5464439707506],[88.2952830398889,22.5464439720987]]]},"properties": {
    "floor": "ground","fill-opacity":0,"stroke-opacity":1,"stroke":"#ff0000","ID":"31-40","REMARKS":"POLYGON ID-31","AREA":100.001}},
{"type":"Feature","geometry":{"type":"Polygon","coordinates":[[[88.29528220017,22.5463536543443],[88.2951849685429,22.5463544373306],[88.2951841256474,22.5462641217338],[88.2952813572189,22.546263339565],[88.29528220017,22.5463536543443]]]},"properties": {
    "floor": "ground","fill-opacity":0,"stroke-opacity":1,"stroke":"#ff0000","ID":"31-41","REMARKS":"POLYGON ID-31","AREA":99.999}},
{"type":"Feature","geometry":{"type":"Polygon","coordinates":[[[88.2953777457381,22.5461722384907],[88.2954749772301,22.5461714553939],[88.295475820349,22.5462617750512],[88.2953785887861,22.5462625573375],[88.2953777457381,22.5461722384907]]]},"properties": {
    "floor": "ground","fill-opacity":0,"stroke-opacity":1,"stroke":"#ff0000","ID":"31-63","REMARKS":"POLYGON ID-31","AREA":100.003}},
{"type":"Feature","geometry":{"type":"Polygon","coordinates":[[[88.2953794317929,22.5463528712993],[88.2954766634114,22.5463520881956],[88.2954775065291,22.546442406798],[88.2953802748432,22.5464431894646],[88.2953794317929,22.5463528712993]]]},"properties": {
    "floor": "ground","fill-opacity":0,"stroke-opacity":1,"stroke":"#ff0000","ID":"31-61","REMARKS":"POLYGON ID-31","AREA":100.002}},
{"type":"Feature","geometry":{"type":"Polygon","coordinates":[[[88.2953785887861,22.5462625573375],[88.295475820349,22.5462617750512],[88.2954766634114,22.5463520881956],[88.2953794317929,22.5463528712993],[88.2953785887861,22.5462625573375]]]},"properties": {
    "floor": "ground","fill-opacity":0,"stroke-opacity":1,"stroke":"#ff0000","ID":"31-62","REMARKS":"POLYGON ID-31","AREA":99.997}},
{"type":"Feature","geometry":{"type":"Polygon","coordinates":[[[88.2956678874794,22.5460035764333],[88.2957647623047,22.5459646069656],[88.295764985137,22.545988472966],[88.2957658292848,22.5460788834113],[88.2956685987468,22.5460797607333],[88.2956678874794,22.5460035764333]]]},"properties": {
    "floor": "ground","fill-opacity":0,"stroke-opacity":1,"stroke":"#ff0000","ID":"31-98","REMARKS":"POLYGON ID-31","AREA":105.441}},
{"type":"Feature","geometry":{"type":"Polygon","coordinates":[[[88.2956702834619,22.5462602103023],[88.2957675150119,22.5462594278398],[88.2957683582412,22.5463497385318],[88.2956711266356,22.5463505218118],[88.2956702834619,22.5462602103023]]]},"properties": {
    "floor": "ground","fill-opacity":0,"stroke-opacity":1,"stroke":"#ff0000","ID":"31-95","REMARKS":"POLYGON ID-31","AREA":99.994}},
{"type":"Feature","geometry":{"type":"Polygon","coordinates":[[[88.2956711266356,22.5463505218118],[88.2957683582412,22.5463497385318],[88.2957692015609,22.5464400584458],[88.2956719698879,22.5464408412886],[88.2956711266356,22.5463505218118]]]},"properties": {
    "floor": "ground","fill-opacity":0,"stroke-opacity":1,"stroke":"#ff0000","ID":"31-94","REMARKS":"POLYGON ID-31","AREA":100.004}},
{"type":"Feature","geometry":{"type":"Polygon","coordinates":[[[88.2956685987468,22.5460797607333],[88.2957658292848,22.5460788834113],[88.2957666716805,22.546169105751],[88.2956694402013,22.546169889024],[88.2956685987468,22.5460797607333]]]},"properties": {
    "floor": "ground","fill-opacity":0,"stroke-opacity":1,"stroke":"#ff0000","ID":"31-97","REMARKS":"POLYGON ID-31","AREA":99.844}},
{"type":"Feature","geometry":{"type":"Polygon","coordinates":[[[88.2956694402013,22.546169889024],[88.2957666716805,22.546169105751],[88.2957675149587,22.5462594221419],[88.2957675150119,22.5462594278398],[88.2956702834619,22.5462602103023],[88.2956694402013,22.546169889024]]]},"properties": {
    "floor": "ground","fill-opacity":0,"stroke-opacity":1,"stroke":"#ff0000","ID":"31-96","REMARKS":"POLYGON ID-31","AREA":100.006}},
{"type":"Feature","geometry":{"type":"Polygon","coordinates":[[[88.2959155759459,22.5461219739454],[88.2959543387989,22.5462540147706],[88.2959619234769,22.5462512554695],[88.2959619849276,22.5462578626835],[88.2958647465576,22.5462586453185],[88.2958639031554,22.5461683224192],[88.2958634742916,22.5461223937185],[88.2959155759459,22.5461219739454]]]},"properties": {
    "floor": "ground","fill-opacity":0,"stroke-opacity":1,"stroke":"#ff0000","ID":"31-118","REMARKS":"POLYGON ID-31","AREA":111.243}},
{"type":"Feature","geometry":{"type":"Polygon","coordinates":[[[88.2969326050624,22.5460693855424],[88.296835373698,22.5460701695169],[88.2968345297328,22.5459798531621],[88.2969317610339,22.5459790691911],[88.2969326050624,22.5460693855424]]]},"properties": {
    "floor": "ground","fill-opacity":0,"stroke-opacity":1,"stroke":"#ff0000","ID":"31-214","REMARKS":"POLYGON ID-31","AREA":100}},
{"type":"Feature","geometry":{"type":"Polygon","coordinates":[[[88.2971262236232,22.5459775010729],[88.2972234549114,22.5459767169257],[88.2972242991295,22.5460670332666],[88.2971270677781,22.5460678174173],[88.2971262236232,22.5459775010729]]]},"properties": {
    "floor": "ground","fill-opacity":0,"stroke-opacity":1,"stroke":"#ff0000","ID":"31-237","REMARKS":"POLYGON ID-31","AREA":100}},
{"type":"Feature","geometry":{"type":"Polygon","coordinates":[[[88.2971270677781,22.5460678174173],[88.2970298364224,22.5460686015092],[88.2970289923307,22.5459782851614],[88.2971262236232,22.5459775010729],[88.2971270677781,22.5460678174173]]]},"properties": {
    "floor": "ground","fill-opacity":0,"stroke-opacity":1,"stroke":"#ff0000","ID":"31-229","REMARKS":"POLYGON ID-31","AREA":100}},
{"type":"Feature","geometry":{"type":"Polygon","coordinates":[[[88.2973215304766,22.5460662490572],[88.2972242991295,22.5460670332666],[88.2972234549114,22.5459767169257],[88.2973206861952,22.5459759327198],[88.2973215304766,22.5460662490572]]]},"properties": {
    "floor": "ground","fill-opacity":0,"stroke-opacity":1,"stroke":"#ff0000","ID":"31-245","REMARKS":"POLYGON ID-31","AREA":100}},
{"type":"Feature","geometry":{"type":"Polygon","coordinates":[[[88.2973223747622,22.5461565653936],[88.2972251433519,22.5461573496065],[88.2972242991295,22.5460670332666],[88.2973215304766,22.5460662490572],[88.2973223747622,22.5461565653936]]]},"properties": {
    "floor": "ground","fill-opacity":0,"stroke-opacity":1,"stroke":"#ff0000","ID":"31-244","REMARKS":"POLYGON ID-31","AREA":100}},
{"type":"Feature","geometry":{"type":"Polygon","coordinates":[[[88.2973231784221,22.5462469007792],[88.297225987746,22.5462476838528],[88.2972251433519,22.5461573496065],[88.2973223747622,22.5461565653936],[88.2973232190522,22.5462468817289],[88.2973231784221,22.5462469007792]]]},"properties": {
    "floor": "ground","fill-opacity":0,"stroke-opacity":1,"stroke":"#ff0000","ID":"31-243","REMARKS":"POLYGON ID-31","AREA":100.02}}
]}